1	tuŋ1
2	duŋ1
3	ʈɨuŋ1
4	ɖɨuŋ1
5	tʃɨuŋ1
6	ʈʰɨuŋ1
7	dʐʅuŋ1
8	sɨuŋ1
9	ɲʒɨuŋ1
10	kɨuŋ1
11	jɨuŋ1
12	ɨuŋ1
13	mvuŋ1
14	kʰɨuŋ1
15	ɡɨuŋ1
16	bvuŋ1
17	pfuŋ1
18	pfʰuŋ1
19	tʃʰɨuŋ1
20	ɭɨuŋ1
21	kʰuŋ1
22	kuŋ1
23	muŋ1
24	luŋ1
25	ɦuŋ1
26	dzuŋ1
27	ʔuŋ1
28	tsʰuŋ1
29	tʰuŋ1
30	tsuŋ1
31	buŋ1
32	huŋ1
33	ŋuŋ1
34	suŋ1
35	tuŋ1
36	duŋ1
37	dzuŋ1
38	nuŋ1
39	kuŋ1
40	ɦuŋ1
41	luŋ1
42	tsuŋ1
43	suŋ1
44	tʰuŋ1
45	tʃɨuŋ1
46	ɭɨuŋ1
47	ʃɨuŋ1
48	zɨuŋ1
49	tʃʰɨuŋ1
50	jɨuŋ1
51	pfuŋ1
52	hɨuŋ1
53	ŋɨuŋ1
54	ʔɨuŋ1
55	ɳɨuŋ1
56	ɖɨuŋ1
57	dzɨuŋ1
58	ʈʰɨuŋ1
59	bvuŋ1
60	pfʰuŋ1
61	tsɨuŋ1
62	ɲʒɨuŋ1
63	ɡɨuŋ1
64	dʒɨuŋ1
65	kɨuŋ1
66	sɨuŋ1
67	tsʰɨuŋ1
68	kʰɨuŋ1
69	kɯaŋ1
70	muaŋ1
71	ɳɯaŋ1
72	tʂʰɯaŋ1
73	puaŋ1
74	ɦɯaŋ1
75	pʰuaŋ1
76	ɭɯaŋ1
77	ʂɯaŋ1
78	buaŋ1
79	hɯaŋ1
80	ʔɯaŋ1
81	kʰɯaŋ1
82	ɖɯaŋ1
83	ʈʰɯaŋ1
84	ʈɯaŋ1
85	ŋɯaŋ1
86	dʐɯaŋ1
87	tʃɨi̯1
88	ji1
89	ɨui1
90	kɨui1
91	hɨui1
92	ʔɨui1
93	mɨi̯1
94	hyi̯1
95	ɖʉi̯1
96	dʒʉi̯1
97	ɭʉi̯1
98	tʃʰʉi̯1
99	pʰɨi̯1
100	pɨi̯1
101	zyi̯1
102	kʰɨui1
103	kʰyi̯1
104	ɡɨi̯1
105	ɡi1
106	hɨi̯1
107	kʰɨi̯1
108	ŋɨi̯1
109	bɨi̯1
110	dʒɨi̯1
111	ɲʒɨi̯1
112	ɭɨi̯1
113	dzi1
114	tsi1
115	kɨi̯1
116	pi1
117	bi1
118	ʃɨi̯1
119	si1
120	tʂʰʅi̯1
121	ʈʰɨi̯1
122	mi1
123	tsʰi1
124	ʈɨi̯1
125	ʔɨi̯1
126	ɖɨi̯1
127	syi̯1
128	ŋɨui1
129	hi1
130	ʂʅi̯1
131	ʂʯᵊi1
132	ɲʒʉi̯1
133	tsyi̯1
134	kyi̯1
135	tsyi̯1
136	tʂʰʯᵊi1
137	ʈʉi̯1
138	tsyi̯1
139	tʃʰɨi̯1
140	tʂʅi̯1
141	pʰi1
142	jyi̯1
143	dʐʅi̯1
144	tʃɨi̯1
145	ji1
146	ʂʅi̯1
147	bi1
148	tsi1
149	kɨi̯1
150	tʃʰɨi̯1
151	ʈʰɨi̯1
152	tsʰi1
153	dzi1
154	ɳɨi̯1
155	ɖɨi̯1
156	si1
157	ʃɨi̯1
158	ɡi1
159	ʔi1
160	ɭɨi̯1
161	ɡyi̯1
162	ʈʉi̯1
163	kɨui1
164	ɲʒʉi̯1
165	ʂʯᵊi1
166	jyi̯1
167	ɭʉi̯1
168	syi̯1
169	ɡɨui1
170	mɨi̯1
171	pɨi̯1
172	tʃʉi̯1
173	dʒʉi̯1
174	ɨui1
175	bɨi̯1
176	pʰɨi̯1
177	hyi̯1
178	ɖʉi̯1
179	tʃʰʉi̯1
180	ʈɨi̯1
181	pʰi1
182	tsyi̯1
183	kʰɨui1
184	ŋɨi̯1
185	hi1
186	tʃɨi̯1
187	ji1
188	dʒɨi̯1
189	ŋɨi̯1
190	si1
191	tʂʰʅi̯1
192	ɡɨi̯1
193	ʃɨi̯1
194	ɲʒɨi̯1
195	kʰɨi̯1
196	kɨi̯1
197	zi1
198	ɭɨi̯1
199	tʂʅi̯1
200	hɨi̯1
201	ʔɨi̯1
202	ʈʰɨi̯1
203	ɖɨi̯1
204	tʃʰɨi̯1
205	dzi1
206	tsi1
207	dʐʅi̯1
208	ʐʅi̯1
209	kʰɨi̯1
210	ʃɨi̯1
211	mvi1
212	hɨui1
213	ɨui1
214	pfʰi1
215	pfi1
216	bvi1
217	ʔɨui1
218	ɡɨi̯1
219	kɨi̯1
220	hɨi̯1
221	ʔɨi̯1
222	ŋɨi̯1
223	ŋɨui1
224	kɨui1
225	kʰɨui1
226	ŋɨ̯u1
227	tʂʰʅu1
228	ʃɨ̯u1
229	kɨ̯u1
230	ɡɨ̯u1
231	jɨ̯u1
232	sɨ̯u1
233	tsʰɨ̯u1
234	dʐʅu1
235	ʈʰɨ̯u1
236	ʂʅu1
237	hɨ̯u1
238	zɨ̯u1
239	ʔɨ̯u1
240	ʈɨ̯u1
241	ɭɨ̯u1
242	tʃɨ̯u1
243	ɖɨ̯u1
244	ɲʒɨ̯u1
245	tsɨ̯u1
246	kʰɨ̯u1
247	tʂʅu1
248	dʒɨ̯u1
249	ɳɨ̯u1
250	ŋɨ̯u1
251	tʂʰʅu1
252	mvu1
253	ɨ̯u1
254	hɨ̯u1
255	ɡɨ̯u1
256	ɲʒɨ̯u1
257	sɨ̯u1
258	ʈɨ̯u1
259	ʈʰɨ̯u1
260	dʒɨ̯u1
261	jɨ̯u1
262	kʰɨ̯u1
263	tʃɨ̯u1
264	tsʰɨ̯u1
265	ɭɨ̯u1
266	bvu1
267	dʐʅu1
268	tʂʅu1
269	pfʰu1
270	tsɨ̯u1
271	pfu1
272	ʔɨ̯u1
273	ʃɨ̯u1
274	tʃʰɨ̯u1
275	ɖɨ̯u1
276	kɨ̯u1
277	ʂʅu1
278	mu1
279	bu1
280	ɦu1
281	ku1
282	du1
283	nu1
284	hu1
285	ŋu1
286	tsu1
287	lu1
288	su1
289	dzu1
290	ʔu1
291	pu1
292	kʰu1
293	tsʰu1
294	tʰu1
295	tu1
296	pʰu1
297	dziei1
298	liei1
299	tsʰiei1
300	tiei1
301	diei1
302	piei1
303	kiei1
304	ɦiei1
305	ʔiei1
306	ŋiei1
307	hiei1
308	siei1
309	tʰiei1
310	biei1
311	pʰiei1
312	tsiei1
313	miei1
314	niei1
315	kʰiei1
316	kyei1
317	kʰyei1
318	ɦyei1
319	ɲʒɨei1
320	dʒɨei1
321	ʔyei1
322	hyei1
323	kɯai1
324	ɦɯai1
325	buai1
326	kuai1
327	ʔuai1
328	kʰuai1
329	dʐɯai1
330	tʂʰɯai1
331	huai1
332	ɳɯai1
333	ŋɯai1
334	ʔɯai1
335	ʂɯai1
336	hɯai1
337	ʈʰɯai1
338	muai1
339	ɦuai1
340	kɯai1
341	ʔɯai1
342	ɦɯai1
343	buai1
344	kuai1
345	ɦuai1
346	kʰuai1
347	dʐɯai1
348	tʂʰɯai1
349	huai1
350	ɖuai1
351	muai1
352	tʂɯai1
353	ʔuai1
354	ʈɯai1
355	ɭɯai1
356	kʰɯai1
357	ɳɯai1
358	ʂɯai1
359	ŋɯai1
360	ʈʰɯai1
361	hɯai1
362	ɭuai1
363	dʐuai1
364	huoi1
365	kʰuoi1
366	ʔuoi1
367	ɦuoi1
368	muoi1
369	kuoi1
370	luoi1
371	duoi1
372	tsʰuoi1
373	tuoi1
374	suoi1
375	dzuoi1
376	buoi1
377	puoi1
378	pʰuoi1
379	ŋuoi1
380	tʰuoi1
381	nuoi1
382	tsuoi1
383	hɑi1
384	kʰɑi1
385	ʔɑi1
386	dɑi1
387	kɑi1
388	dzɑi1
389	lɑi1
390	tsɑi1
391	tsʰɑi1
392	buoi1
393	tʰɑi1
394	ɦɑi1
395	sɑi1
396	ŋɑi1
397	nɑi1
398	tɑi1
399	tʃʰɨi̯1
400	pʰuoi1
401	tʃɨn1
402	ʈʰɨn1
403	ʔin1
404	sin1
405	dʒɨn1
406	ɲʒɨn1
407	dʒɨn1
408	tsʰin1
409	ɨn1
410	ʃɨn1
411	pin1
412	ɭɨn1
413	ɡɨn1
414	ʈɨn1
415	ɖɨn1
416	tsin1
417	tʃʰɨn1
418	dzin1
419	jin1
420	ɳɨn1
421	pʰin1
422	bin1
423	ŋɨn1
424	kɨn1
425	kɨun1
426	ɨun1
427	kʰɨun1
428	mɨn1
429	bɨn1
430	ʔɨn1
431	ʔɨun1
432	pɨn1
433	min1
434	tʃʉn1
435	ʈʰʉn1
436	ɖʉn1
437	syn1
438	dʒʉn1
439	ɲʒʉn1
440	dʒʉn1
441	ɭʉn1
442	ʈʉn1
443	tsʰyn1
444	tsyn1
445	tʃʰʉn1
446	dzyn1
447	jyn1
448	zyn1
449	kyn1
450	ɡin1
451	pʰɨn1
452	tʂʅᵊn1
453	ʂʅᵊn1
454	dʐʅᵊn1
455	mvun1
456	ɨun1
457	ʔɨun1
458	bvun1
459	pfun1
460	ɡɨun1
461	hɨun1
462	kɨun1
463	pfʰun1
464	hɨn1
465	ʔɨn1
466	ɡɨn1
467	kɨn1
468	ŋɨn1
469	ŋʉon1
470	ʉon1
471	bvuɐn1
472	pfʰuɐn1
473	hʉon1
474	ʔʉon1
475	ŋɨen1
476	kʰɨen1
477	hɨen1
478	kɨen1
479	ʔɨen1
480	pfuɐn1
481	ɡɨen1
482	mvuɐn1
483	ɦun1
484	kun1
485	ʔun1
486	mun1
487	sun1
488	tsun1
489	dzun1
490	tun1
491	tʰun1
492	dun1
493	tsʰun1
494	ŋun1
495	bun1
496	pun1
497	lun1
498	kʰun1
499	hun1
500	pʰun1
501	nun1
502	ɦən1
503	kən1
504	ʔən1
505	tʰən1
506	ŋən1
507	ɦɑn1
508	ŋɑn1
509	tɑn1
510	ʔɑn1
511	nɑn1
512	tsʰɑn1
513	tʰɑn1
514	sɑn1
515	dɑn1
516	dzɑn1
517	kɑn1
518	lɑn1
519	kʰɑn1
520	hɑn1
521	nuon1
522	ɦuon1
523	ŋuon1
524	tuon1
525	ʔuon1
526	tʰuon1
527	suon1
528	duon1
529	dzuon1
530	kuon1
531	luon1
532	huon1
533	kʰuon1
534	tsuon1
535	buon1
536	muon1
537	pʰuon1
538	puon1
539	ʂɯan1
540	kuan1
541	ʔuan1
542	ʂuan1
543	ɦuan1
544	puan1
545	muan1
546	ŋɯan1
547	kɯan1
548	pʰuan1
549	ɳuan1
550	ŋuan1
551	kʰɯan1
552	kʰɯan1
553	tʂuan1
554	ʂɯan1
555	kuan1
556	kɯan1
557	ɦɯan1
558	kʰɯan1
559	dʐɯan1
560	hɯan1
561	ŋɯan1
562	ʔɯan1
563	puan1
564	ɭɯan1
565	ɳɯan1
566	tʂʰɯan1
567	ʔuan1
568	ɖuan1
569	ɭuan1
570	guan1
571	ʈɯan1
572	ɖɯan1
573	ɦuan1
574	dʐɯan1
575	sien1
576	dzien1
577	tsʰien1
578	tsien1
579	tʰien1
580	kien1
581	ɦien1
582	ʔien1
583	lien1
584	dien1
585	nien1
586	tien1
587	kʰien1
588	ŋien1
589	mien1
590	bien1
591	ʔyen1
592	kyen1
593	hyen1
594	pien1
595	ɦyen1
596	hien1
597	dʐuan1
598	sien1
599	dzien1
600	tsʰien1
601	tsien1
602	ɲʒɨen1
603	jien1
604	tʃɨen1
605	kien1
606	ʈɨen1
607	dʐɯan1
608	ʃɨen1
609	ʈʰɨen1
610	dʒɨen1
611	ɖɨen1
612	hɨen1
613	ɭɨen1
614	pʰien1
615	bien1
616	mien1
617	dzyen1
618	syen1
619	tsyen1
620	hyen1
621	ɲʒʉen1
622	tʃʰʉen1
623	jyen1
624	zyen1
625	ʔyen1
626	dʒʉen1
627	pien1
628	zien1
629	tsʰyen1
630	tʃʉen1
631	dʒʉen1
632	ʉon1
633	tʂuan1
634	ʂuan1
635	ʈʰʉen1
636	ɡɨen1
637	kʰɨen1
638	ɡʉon1
639	ɖʉen1
640	ɭʉen1
641	kʰʉon1
642	ʔɨen1
643	ɨen1
644	ʔʉon1
645	tʃʰɨen1
646	ʈʉen1
647	kʉon1
648	sieu1
649	tʰieu1
650	tieu1
651	dieu1
652	kieu1
653	lieu1
654	ŋieu1
655	hieu1
656	ʔieu1
657	kʰieu1
658	sieu1
659	ʈʰɨeu1
660	ʈɨeu1
661	ɖɨeu1
662	hɨeu1
663	dzieu1
664	kɨeu1
665	tsieu1
666	ɲʒɨeu1
667	ʃɨeu1
668	jieu1
669	dʒɨeu1
670	tʃɨeu1
671	pieu1
672	pɨeu1
673	bieu1
674	mieu1
675	mɨeu1
676	ʔieu1
677	ɨeu1
678	ɡɨeu1
679	tsʰieu1
680	ʔɨeu1
681	kʰieu1
682	tʃʰɨeu1
683	pʰieu1
684	ɡieu1
685	ɭɨeu1
686	kʰɨeu1
687	ɦɯau1
688	kɯau1
689	dʐɯau1
690	ɳɯau1
691	ʂɯau1
692	muau1
693	hɯau1
694	puau1
695	pʰuau1
696	kʰɯau1
697	ŋɯau1
698	tʂɯau1
699	ʈɯau1
700	tʂʰɯau1
701	buau1
702	ʔɯau1
703	ʈʰɯau1
704	ɭɯau1
705	ɖɯau1
706	ɦɑu1
707	kɑu1
708	lɑu1
709	hɑu1
710	muɔu1
711	tʰɑu1
712	tɑu1
713	sɑu1
714	buɔu1
715	puɔu1
716	dɑu1
717	tsɑu1
718	ŋɑu1
719	dzɑu1
720	ʔɑu1
721	nɑu1
722	kʰɑu1
723	tsʰɑu1
724	pʰuɔu1
725	kɑ1
726	tsʰɑ1
727	tɑ1
728	sɑ1
729	dɑ1
730	dzɑ1
731	ŋɑ1
732	tʰɑ1
733	lɑ1
734	nɑ1
735	ɦɑ1
736	hɑ1
737	kʰɑ1
738	ʔɑ1
739	kuɔ1
740	tsʰuɔ1
741	tuɔ1
742	suɔ1
743	buɔ1
744	duɔ1
745	muɔ1
746	dzuɔ1
747	ŋuɔ1
748	tʰuɔ1
749	luɔ1
750	nuɔ1
751	puɔ1
752	pʰuɔ1
753	ɦuɔ1
754	kʰuɔ1
755	ʔuɔ1
756	hʉɔ1
757	ʔʉɔ1
758	kʰʉɔ1
759	ɡɨɔ1
760	kʰɨɔ1
761	kɨɔ1
762	tsʰʉɔ1
763	tsʉɔ1
764	ɡʉɔ1
765	ɭʉɔ1
766	mua1
767	tʃʰɨa1
768	ʃɨa1
769	jia1
770	tʃɨa1
771	tsia1
772	dʒɨa1
773	ɦua1
774	kua1
775	hua1
776	kʰua1
777	ɳɯa1
778	kɯa1
779	ɦɯa1
780	pʰua1
781	ʔɯa1
782	pua1
783	tʂʰɯa1
784	ʂɯa1
785	ŋɯa1
786	tʂɯa1
787	ɖɯa1
788	zia1
789	dʒɨa1
790	ʔua1
791	tʂua1
792	ʈua1
793	bua1
794	dʐɯa1
795	ʈʰɯa1
796	ʈɯa1
797	hɯa1
798	kʰɯa1
799	dzia1
800	ɲʒɨa1
801	sia1
802	ʈɨa1
803	ŋua1
804	kʰɯa1
805	jɨɔŋ1
806	zɨɔŋ1
807	ɭɨɔŋ1
808	hɨɔŋ1
809	ʃɨɔŋ1
810	bvuɔŋ1
811	tʃɨɔŋ1
812	tʃʰɨɔŋ1
813	kʰɨɔŋ1
814	kɨɔŋ1
815	ɖɨɔŋ1
816	ʈɨɔŋ1
817	ɲʒɨɔŋ1
818	pfuɔŋ1
819	sɨɔŋ1
820	tsɨɔŋ1
821	tʂʰʅɔŋ1
822	mvuɔŋ1
823	ɳɨɔŋ1
824	dʐʅɔŋ1
825	tʂʅɔŋ1
826	dʒɨɔŋ1
827	ʂʅɔŋ1
828	dzɨɔŋ1
829	tsʰɨɔŋ1
830	kʰʉɔŋ1
831	ʉɔŋ1
832	ʔɨɔŋ1
833	ɡɨɔŋ1
834	ʈʰɨɔŋ1
835	pfʰuɔŋ1
836	ɡʉɔŋ1
837	dɑŋ1
838	lɑŋ1
839	tɑŋ1
840	tsʰɑŋ1
841	kɑŋ1
842	sɑŋ1
843	kʰɑŋ1
844	huɔŋ1
845	ɦuɔŋ1
846	kuɔŋ1
847	tʰɑŋ1
848	pʰuɔŋ1
849	ʔuɔŋ1
850	ʔɑŋ1
851	hɑŋ1
852	ɦɑŋ1
853	muɔŋ1
854	tsɑŋ1
855	nɑŋ1
856	buɔŋ1
857	ŋɑŋ1
858	dzɑŋ1
859	kʰuɔŋ1
860	puɔŋ1
861	kɯɛŋ1
862	kʰɯɛŋ1
863	muɛŋ1
864	ɦuɛŋ1
865	puɛŋ1
866	huɛŋ1
867	kuɛŋ1
868	buɛŋ1
869	hɯɛŋ1
870	ʈʰɯɛŋ1
871	tʂʰɯɛŋ1
872	dʐɯɛŋ1
873	ʔɨeŋ1
874	pʰuɛŋ1
875	bɨeŋ1
876	kɨeŋ1
877	mɨeŋ1
878	ɖɯɛŋ1
879	ʈɯɛŋ1
880	ʉeŋ1
881	pɨeŋ1
882	hʉeŋ1
883	kʰɨeŋ1
884	ʂɯɛŋ1
885	ɡɨeŋ1
886	ŋɨeŋ1
887	ɦɯɛŋ1
888	ɳɯɛŋ1
889	kɯɛŋ1
890	kʰɯɛŋ1
891	muɛŋ1
892	puɛŋ1
893	ɦuɛŋ1
894	ɦɯɛŋ1
895	ʈɯɛŋ1
896	ʔɯɛŋ1
897	dʐɯɛŋ1
898	tʂʰɯɛŋ1
899	ɳɯɛŋ1
900	pʰuɛŋ1
901	huɛŋ1
902	puɛŋ1
903	ɖɯɛŋ1
904	ʔuɛŋ1
905	buɛŋ1
906	ŋɯɛŋ1
907	tʂɯɛŋ1
908	tsʰieŋ1
909	dzieŋ1
910	tsieŋ1
911	jieŋ1
912	jyeŋ1
913	ʔieŋ1
914	ʈɨeŋ1
915	ʈʰɨeŋ1
916	dʒɨeŋ1
917	ɖɨeŋ1
918	ʃɨeŋ1
919	tʃɨeŋ1
920	kʰieŋ1
921	mieŋ1
922	ɭɨeŋ1
923	pieŋ1
924	kʰyeŋ1
925	zieŋ1
926	ʔyeŋ1
927	ɡyeŋ1
928	syeŋ1
929	ɡieŋ1
930	hyeŋ1
931	tsʰieŋ1
932	kieŋ1
933	ɦieŋ1
934	dieŋ1
935	tieŋ1
936	hieŋ1
937	sieŋ1
938	pʰieŋ1
939	lieŋ1
940	nieŋ1
941	tʰieŋ1
942	mieŋ1
943	bieŋ1
944	ɦyeŋ1
945	kyeŋ1
946	tʃɨŋ1
947	dʒɨŋ1
948	ɖɨŋ1
949	ɭɨŋ1
950	ʔɨŋ1
951	bɨŋ1
952	pɨŋ1
953	jɨŋ1
954	dʒɨŋ1
955	ʃɨŋ1
956	ɲʒɨŋ1
957	kɨŋ1
958	ʈɨŋ1
959	dzɨŋ1
960	ŋɨŋ1
961	hɨŋ1
962	tʃʰɨŋ1
963	ɡɨŋ1
964	ʂʅᵊŋ1
965	kʰɨŋ1
966	ʈʰɨŋ1
967	dʐʅᵊŋ1
968	pʰɨŋ1
969	təŋ1
970	ləŋ1
971	səŋ1
972	puəŋ1
973	tsəŋ1
974	muəŋ1
975	dzəŋ1
976	buəŋ1
977	ɦuəŋ1
978	kuəŋ1
979	huəŋ1
980	nəŋ1
981	dəŋ1
982	ɦəŋ1
983	kəŋ1
984	tʰəŋ1
985	pʰuəŋ1
986	ɨu̯1
987	ʔɨu̯1
988	ɭɨu̯1
989	tsʰiu̯1
990	jiu̯1
991	ŋɨu̯1
992	tsiu̯1
993	dziu̯1
994	siu̯1
995	ʈʰɨu̯1
996	kʰɨu̯1
997	tʃʰɨu̯1
998	tʃɨu̯1
999	dʒɨu̯1
1000	ɲʒɨu̯1
1001	ʃɨu̯1
1002	kʰɨu̯1
1003	pfʰu1
1004	kɨu̯1
1005	pfu1
1006	ʂʅᵊu1
1007	tʂʰʅᵊu1
1008	tʂʅᵊu1
1009	dʐʅᵊu1
1010	hɨu̯1
1011	ziu̯1
1012	ɖɨu̯1
1013	ʈɨu̯1
1014	ɡɨu̯1
1015	bvuəu1
1016	mvuəu1
1017	ɦəu1
1018	ʔəu1
1019	nəu1
1020	ləu1
1021	səu1
1022	kʰəu1
1023	həu1
1024	tsəu1
1025	tʰəu1
1026	dəu1
1027	ŋəu1
1028	kəu1
1029	təu1
1030	dzəu1
1031	buəu1
1032	tsʰəu1
1033	mu1
1034	ʔiu̯1
1035	ɡiu̯1
1036	piu̯1
1037	liu̯1
1038	kiu̯1
1039	biu̯1
1040	tsiu̯1
1041	ʂʅᵊu1
1042	ŋiu̯1
1043	hiu̯1
1044	miu̯1
1045	tsʰim1
1046	zim1
1047	ɭɨm1
1048	ʈʰɨm1
1049	tʃɨm1
1050	ɖɨm1
1051	ʈɨm1
1052	dʒɨm1
1053	ɲʒɨm1
1054	ʃɨm1
1055	jim1
1056	sim1
1057	ʔim1
1058	tsim1
1059	dzim1
1060	ɳɨm1
1061	ɡɨm1
1062	kʰɨm1
1063	ŋɨm1
1064	hɨm1
1065	kɨm1
1066	ʔɨm1
1067	ʂʅᵊm1
1068	dʐʅᵊm1
1069	tʂʅᵊm1
1070	tʂʰʅᵊm1
1071	tʃʰɨm1
1072	dɑm1
1073	tsʰɑm1
1074	nɑm1
1075	ʔɑm1
1076	ɦɑm1
1077	lɑm1
1078	dzɑm1
1079	tsɑm1
1080	tʰɑm1
1081	tɑm1
1082	kʰɑm1
1083	hɑm1
1084	sɑm1
1085	kɑm1
1086	ŋɑm1
1087	dɑm1
1088	kɑm1
1089	tɑm1
1090	sɑm1
1091	lɑm1
1092	kʰɑm1
1093	tʰɑm1
1094	dzɑm1
1095	ɦɑm1
1096	muɔm1
1097	dzɑm1
1098	hɑm1
1099	jiem1
1100	ɭɨem1
1101	pɨem1
1102	siem1
1103	tsʰiem1
1104	tʃɨem1
1105	dʒɨem1
1106	ʃɨem1
1107	tʃʰɨem1
1108	ɲʒɨem1
1109	ɳɨem1
1110	ɨem1
1111	ʈɨem1
1112	ʈʰɨem1
1113	ʔɨem1
1114	kʰɨem1
1115	ŋɨem1
1116	tsiem1
1117	dziem1
1118	ɡɨem1
1119	ʔiem1
1120	ziem1
1121	ʂɯam1
1122	ɖɨem1
1123	ɡiem1
1124	tʰiem1
1125	tiem1
1126	diem1
1127	liem1
1128	kʰiem1
1129	kiem1
1130	ɦiem1
1131	niem1
1132	hiem1
1133	ɦɯam1
1134	kɯam1
1135	ʂɯam1
1136	ʔɯam1
1137	ŋɯam1
1138	hɯam1
1139	ʈɯam1
1140	ɳɯam1
1141	dʐɯam1
1142	kʰɯam1
1143	ɦɯam1
1144	dʐɯam1
1145	ŋɯam1
1146	tʂʰɯam1
1147	ʂɯam1
1148	kɯam1
1149	buam1
1150	kʰɯam1
1151	ŋɨem1
1152	hɨem1
1153	ʔɨem1
1154	kʰɨem1
1155	bvuɐm1
1156	pfʰuɐm1
1157	tuŋ2
1158	muŋ2
1159	kʰuŋ2
1160	suŋ2
1161	tʰuŋ2
1162	tsuŋ2
1163	ɦuŋ3
1164	ʔuŋ2
1165	nuŋ2
1166	puŋ2
1167	luŋ2
1168	huŋ2
1169	duŋ3
1170	buŋ3
1171	tʃɨuŋ2
1172	ʈʰɨuŋ2
1173	ɭɨuŋ2
1174	ʔɨuŋ2
1175	ɲʒɨuŋ2
1176	ɖɨuŋ3
1177	ʈɨuŋ2
1178	bvuŋ3
1179	pfʰuŋ2
1180	jɨuŋ2
1181	kʰɨuŋ2
1182	ʒɨuŋ3
1183	kɨuŋ2
1184	sɨuŋ2
1185	hɨuŋ2
1186	pfuŋ2
1187	tuŋ2
1188	muŋ2
1189	ɡɨuŋ3
1190	tʃʰɨuŋ2
1191	tʃɨuŋ2
1192	tsɨuŋ2
1193	kɯaŋ2
1194	buaŋ3
1195	ʔɯaŋ2
1196	muaŋ2
1197	ɦɯaŋ3
1198	puaŋ2
1199	hɯaŋ2
1200	tʃɨi̯2
1201	ʒɨi̯3
1202	mɨi̯2
1203	pɨi̯2
1204	bɨi̯3
1205	hɨui2
1206	ʔɨui2
1207	kʰɨui2
1208	kɨui2
1209	syi̯2
1210	ɭʉi̯2
1211	ɡɨi̯3
1212	ʔɨi̯2
1213	kɨi̯2
1214	kʰɨi̯2
1215	ŋɨi̯2
1216	ɨui2
1217	tsyi̯2
1218	ɲʒʉi̯2
1219	tsʰi2
1220	ɖɨi̯3
1221	si2
1222	ji2
1223	ɭɨi̯2
1224	ʂʅi̯2
1225	pi2
1226	ɲʒɨi̯2
1227	mi2
1228	bi3
1229	tʃʰɨi̯2
1230	ʃɨi̯2
1231	tsi2
1232	tʃʉi̯2
1233	tʂʰʯᵊi2
1234	zyi̯3
1235	ʒɨi̯3
1236	tʂʅi̯2
1237	pʰɨi̯2
1238	pʰi2
1239	jyi̯2
1240	dzyi̯3
1241	kʰyi̯2
1242	ɳɨi̯2
1243	ŋɨui2
1244	ɡɨui3
1245	ʈʰɨi̯2
1246	ʈɨi̯2
1247	hɨi̯2
1248	kʰi2
1249	ʒʉi̯3
1250	ki2
1251	tʃɨi̯2
1252	ʒɨi̯3
1253	mɨi̯2
1254	pɨi̯2
1255	zi3
1256	kɨi̯2
1257	tsi2
1258	pi2
1259	kɨui2
1260	ɨui2
1261	ʃɨi̯2
1262	ɖɨi̯3
1263	si2
1264	bi3
1265	ɭɨi̯2
1266	ʃʉi̯2
1267	ɭʉi̯2
1268	ɡyi̯3
1269	tsʰyi̯2
1270	ɳɨi̯2
1271	kyi̯2
1272	bɨi̯3
1273	dzyi̯3
1274	pʰɨi̯2
1275	ɲʒʉi̯2
1276	jyi̯2
1277	ʔɨi̯2
1278	tsyi̯2
1279	ʈɨi̯2
1280	ʈʰɨi̯2
1281	tʃɨi̯2
1282	hyi̯2
1283	ɡɨui3
1284	ɡɨi̯3
1285	kʰɨui2
1286	tʃɨi̯2
1287	ʒɨi̯3
1288	ʈɨi̯2
1289	hɨi̯2
1290	kɨi̯2
1291	ji2
1292	zi3
1293	ʂʅi̯2
1294	ɲʒɨi̯2
1295	ɭɨi̯2
1296	si2
1297	ʃɨi̯2
1298	ɖɨi̯3
1299	kʰɨi̯2
1300	dʐʅi̯3
1301	ʐʅi̯3
1302	tsi2
1303	ɨi̯2
1304	ŋɨi̯2
1305	tʃʰɨi̯2
1306	ʈʰɨi̯2
1307	tʂʰʅi̯2
1308	tʂʅi̯2
1309	ʔɨi̯2
1310	ɳɨi̯2
1311	mvi2
1312	ʔɨi̯2
1313	kʰɨi̯2
1314	kɨi̯2
1315	pfʰi2
1316	pfi2
1317	ɨui2
1318	kɨui2
1319	hɨui2
1320	ŋɨi̯2
1321	hɨi̯2
1322	ʔɨui2
1323	bvi3
1324	ŋɨ̯u2
1325	ɭɨ̯u2
1326	ɖɨ̯u3
1327	jɨ̯u2
1328	tʃɨ̯u2
1329	ɲʒɨ̯u2
1330	ʃɨ̯u2
1331	tʃʰɨ̯u2
1332	ʈɨ̯u2
1333	sɨ̯u2
1334	ʈʰɨ̯u2
1335	ɳɨ̯u2
1336	hɨ̯u2
1337	ɡɨ̯u3
1338	ʂʅu2
1339	tʂʰʅu2
1340	tʂʅu2
1341	dʐʅu3
1342	dzɨ̯u3
1343	ʔɨ̯u2
1344	kɨ̯u2
1345	zɨ̯u3
1346	kʰɨ̯u2
1347	ʒɨ̯u3
1348	ʒɨ̯u3
1349	tsʰɨ̯u2
1350	tsɨ̯u2
1351	ŋɨ̯u2
1352	ɨ̯u2
1353	dzɨ̯u3
1354	pfu2
1355	mvu2
1356	bvu3
1357	pfʰu2
1358	ɖɨ̯u3
1359	hɨ̯u2
1360	ʒɨ̯u3
1361	jɨ̯u2
1362	tʃɨ̯u2
1363	ʔɨ̯u2
1364	kʰɨ̯u2
1365	ʈɨ̯u2
1366	ɲʒɨ̯u2
1367	ɡɨ̯u3
1368	ʂʅu2
1369	kɨ̯u2
1370	tsʰɨ̯u2
1371	ɭɨ̯u2
1372	sɨ̯u2
1373	dʐʅu3
1374	mu2
1375	tʰu2
1376	du3
1377	lu2
1378	tsʰu2
1379	tu2
1380	ku2
1381	ŋu2
1382	bu3
1383	dzu3
1384	tsu2
1385	hu2
1386	ʔu2
1387	kʰu2
1388	nu2
1389	ɦu3
1390	pʰu2
1391	pu2
1392	dziei3
1393	liei4
1394	tʰiei2
1395	pʰiei2
1396	tsiei2
1397	tiei2
1398	diei3
1399	niei2
1400	siei2
1401	tsʰiei2
1402	kʰiei2
1403	ɦiei3
1404	miei2
1405	biei3
1406	ʔiei2
1407	ŋiei2
1408	piei2
1409	ɦɯai3
1410	muai2
1411	kʰɯai2
1412	ɖɯai3
1413	ɳɯai2
1414	buai3
1415	ʔɯai2
1416	puai2
1417	kɯai2
1418	ʂɯai2
1419	kuai2
1420	ɖuai3
1421	ɦuai3
1422	huai2
1423	gɯai3
1424	ɦɯai3
1425	kʰɯai2
1426	ŋɯai2
1427	ʔɯai2
1428	huoi2
1429	ʔuoi2
1430	luoi2
1431	duoi3
1432	dzuoi3
1433	muoi2
1434	tʰuoi2
1435	ɦuoi3
1436	kʰuoi2
1437	tuoi2
1438	nuoi2
1439	tuoi2
1440	ŋuoi2
1441	tsʰuoi2
1442	buoi3
1443	tsuoi2
1444	uoi2
1445	hɑi2
1446	kʰɑi2
1447	tsɑi2
1448	dɑi3
1449	nɑi2
1450	kɑi2
1451	ɦɑi3
1452	pʰuoi2
1453	tsʰɑi2
1454	tʃʰɨi̯2
1455	tɑi2
1456	muoi2
1457	dzɑi3
1458	pʰuoi2
1459	ʔɑi2
1460	ji2
1461	tʰɑi2
1462	ɲʒɨi̯2
1463	lɑi2
1464	ji2
1465	buoi3
1466	tʃɨn2
1467	ʈʰɨn2
1468	ʒɨn3
1469	ɲʒɨn2
1470	ʃɨn2
1471	ɭɨn2
1472	ɖɨn3
1473	kin2
1474	dzin3
1475	tsin2
1476	bin3
1477	ŋɨn2
1478	tsʰin2
1479	ɡɨun3
1480	jin2
1481	mɨn2
1482	min2
1483	ɨun2
1484	tʃʉn2
1485	jyn2
1486	syn2
1487	ɲʒʉn2
1488	tʃʰʉn2
1489	ʒʉn3
1490	ʈʰʉn2
1491	ɭʉn2
1492	ɲʒʉn2
1493	kʰyn2
1494	kʰin2
1495	ʃʉn2
1496	hɨn2
1497	dʐʅᵊn3
1498	ʈɨn2
1499	mvun2
1500	pfun2
1501	bvun3
1502	pfʰun2
1503	ʔɨun2
1504	ŋɨun2
1505	ɨun2
1506	kʰɨun2
1507	ʔɨn2
1508	kɨn2
1509	tʂʅᵊn2
1510	kʰɨn2
1511	ɡɨn3
1512	tʂʰʅᵊn2
1513	ŋɨn2
1514	hɨn2
1515	ŋʉon2
1516	ʉon2
1517	ʔɨen2
1518	kɨen2
1519	ɡɨen3
1520	kʰɨen2
1521	ŋɨen2
1522	hɨen2
1523	mvuɐn2
1524	pfuɐn2
1525	ɡʉon3
1526	ʔʉon2
1527	kʰʉon2
1528	hʉon2
1529	bvuɐn3
1530	ɦun3
1531	pʰun2
1532	tsʰun2
1533	pun2
1534	sun2
1535	tsun2
1536	ʔun2
1537	dun3
1538	dzun3
1539	kun2
1540	tʰun2
1541	kʰun2
1542	lun2
1543	bun3
1544	mun2
1545	nun2
1546	hun2
1547	ɦən3
1548	kʰən2
1549	kən2
1550	ɦɑn3
1551	tɑn2
1552	tʰɑn2
1553	sɑn2
1554	dɑn3
1555	dzɑn3
1556	kɑn2
1557	lɑn2
1558	kʰɑn2
1559	hɑn2
1560	tsɑn2
1561	ɦuon3
1562	tuon2
1563	ʔuon2
1564	tʰuon2
1565	suon2
1566	kuon2
1567	luon2
1568	kʰuon2
1569	nuon2
1570	tsuon2
1571	buon3
1572	muon2
1573	puon2
1574	dzuon3
1575	duon3
1576	nɑn2
1577	pʰuon2
1578	ʂɯan2
1579	ʔuan2
1580	puan2
1581	tʂɯan2
1582	ɳɯan2
1583	ɦɯan3
1584	ɦuan3
1585	buan3
1586	muan2
1587	dʐɯan3
1588	ŋɯan2
1589	tʂʰɯan2
1590	pʰuan2
1591	dʐuan3
1592	ʂɯan2
1593	ɦɯan3
1594	muan2
1595	kɯan2
1596	tʂʰɯan2
1597	dʐɯan3
1598	ŋɯan2
1599	tʂɯan2
1600	tʂʰuan2
1601	kʰɯan2
1602	sien2
1603	tʰien2
1604	tien2
1605	ʔien2
1606	dien3
1607	kien2
1608	ɦien3
1609	hien2
1610	mien2
1611	nien2
1612	pien2
1613	ɦyen3
1614	kyen2
1615	bien3
1616	kʰyen2
1617	kʰien2
1618	ŋien2
1619	sien2
1620	jien2
1621	dzien3
1622	ʈɨen2
1623	tʃɨen2
1624	ɳɨen2
1625	tsʰien2
1626	tʃʰɨen2
1627	kʰien2
1628	kɨen2
1629	ʒɨen3
1630	tsien2
1631	ɲʒɨen2
1632	zien3
1633	ɭɨen2
1634	ŋɨen2
1635	ɡɨen3
1636	bɨen3
1637	mien2
1638	pien2
1639	tsyen2
1640	dzyen3
1641	pɨen2
1642	jyen2
1643	ɭʉen2
1644	ʈʉen2
1645	kʉon2
1646	ɡʉon3
1647	ɲʒʉen2
1648	tʃʰʉen2
1649	ʒʉen3
1650	ɖʉen3
1651	tʃʉen2
1652	syen2
1653	dʐuan3
1654	ɡyen3
1655	hyen2
1656	bien3
1657	mɨen2
1658	ʈʰɨen2
1659	pʰɨen2
1660	ʃɨen2
1661	ʔɨen2
1662	ɖɨen3
1663	dʐɯan3
1664	sieu2
1665	kieu2
1666	tieu2
1667	lieu2
1668	tʰieu2
1669	hieu2
1670	ʔieu2
1671	nieu2
1672	ɦieu3
1673	dieu3
1674	kʰieu2
1675	tsieu2
1676	sieu2
1677	ɖɨeu3
1678	tʃɨeu2
1679	ʔɨeu2
1680	ʈʰɨeu2
1681	ʃɨeu2
1682	ɲʒɨeu2
1683	bieu3
1684	tʃʰɨeu2
1685	pʰieu2
1686	mieu2
1687	ʒɨeu3
1688	kɨeu2
1689	pɨeu2
1690	pieu2
1691	bɨeu3
1692	jieu2
1693	tsʰieu2
1694	tsieu2
1695	ɡɨeu3
1696	ɭɨeu2
1697	pʰɨeu2
1698	ʔieu2
1699	kʰɯau2
1700	ɦɯau3
1701	puau2
1702	ɳɯau2
1703	muau2
1704	kɯau2
1705	tʂɯau2
1706	ʔɯau2
1707	buau3
1708	ŋɯau2
1709	dʐɯau3
1710	tʂʰɯau2
1711	ʈɯau2
1712	ʂɯau2
1713	ɦɑu3
1714	buɔu3
1715	lɑu2
1716	tʰɑu2
1717	dɑu3
1718	nɑu2
1719	sɑu2
1720	tɑu2
1721	tsʰɑu2
1722	tsɑu2
1723	dzɑu3
1724	kɑu2
1725	hɑu2
1726	muɔu2
1727	puɔu2
1728	ʔɑu2
1729	kʰɑu2
1730	ŋɑu2
1731	kɑ2
1732	tsʰɑ2
1733	tɑ2
1734	sɑ2
1735	dɑ3
1736	ŋɑ2
1737	tʰɑ2
1738	lɑ2
1739	nɑ2
1740	ɦɑ3
1741	hɑ2
1742	kʰɑ2
1743	ʔɑ2
1744	tsɑ2
1745	kuɔ2
1746	tuɔ2
1747	suɔ2
1748	duɔ3
1749	tʰuɔ2
1750	muɔ2
1751	dzuɔ3
1752	ŋuɔ2
1753	luɔ2
1754	ʔuɔ2
1755	nuɔ2
1756	puɔ2
1757	pʰuɔ2
1758	ɦuɔ3
1759	huɔ2
1760	kʰuɔ2
1761	buɔ3
1762	tsʰuɔ2
1763	tsuɔ2
1764	mua2
1765	tʃɨa2
1766	jia2
1767	ŋɯa2
1768	kɯa2
1769	ʂɯa2
1770	ʔɯa2
1771	zia3
1772	ɦɯa3
1773	sia2
1774	tʂua2
1775	mia2
1776	tsʰia2
1777	hɯa2
1778	ʒɨa3
1779	kʰɯa2
1780	bua3
1781	ʃɨa2
1782	tsia2
1783	pua2
1784	ɦua3
1785	kua2
1786	ŋua2
1787	ɲʒɨa2
1788	tʂɯa2
1789	ʈɯa2
1790	dʐɯa3
1791	tʃʰɨa2
1792	ʈɯa2
1793	ɳɯa2
1794	kʰua2
1795	tʂʰua2
1796	ʈʰua2
1797	ʂua2
1798	ʈʰɯa2
1799	ɭɯa2
1800	jɨɔŋ2
1801	zɨɔŋ3
1802	tsɨɔŋ2
1803	ɭɨɔŋ2
1804	ʔɨɔŋ2
1805	ɡɨɔŋ3
1806	ŋɨɔŋ2
1807	tʂʰʅɔŋ2
1808	sɨɔŋ2
1809	tʃɨɔŋ2
1810	ʂʅɔŋ2
1811	hɨɔŋ2
1812	tʃʰɨɔŋ2
1813	kɨɔŋ2
1814	ɖɨɔŋ3
1815	ʈʰɨɔŋ2
1816	kʉɔŋ2
1817	ɲʒɨɔŋ2
1818	ʃɨɔŋ2
1819	pfʰuɔŋ2
1820	mvuɔŋ2
1821	pfuɔŋ2
1822	ʔʉɔŋ2
1823	ʉɔŋ2
1824	hʉɔŋ2
1825	tsʰɨɔŋ2
1826	ʈɨɔŋ2
1827	ʒɨɔŋ3
1828	ɡʉɔŋ3
1829	kʉɔŋ2
1830	bɨɔŋ3
1831	tʂʰʅɔŋ2
1832	dɑŋ3
1833	sɑŋ2
1834	kuɔŋ2
1835	puɔŋ2
1836	tsɑŋ2
1837	nɑŋ2
1838	ɦɑŋ3
1839	tʰɑŋ2
1840	muɔŋ2
1841	tɑŋ2
1842	lɑŋ2
1843	ʔɑŋ2
1844	kʰɑŋ2
1845	ʔuɔŋ2
1846	ɦuɔŋ3
1847	pʰuɔŋ2
1848	huɔŋ2
1849	kɑŋ2
1850	ŋɑŋ2
1851	dzɑŋ3
1852	tsʰɑŋ2
1853	hɑŋ2
1854	kʰuɔŋ2
1855	kɯɛŋ2
1856	pɨeŋ2
1857	kɨeŋ2
1858	ʔɨeŋ2
1859	ʂɯɛŋ2
1860	ʉeŋ2
1861	hʉeŋ2
1862	mɨeŋ2
1863	kʉeŋ2
1864	ɦɯɛŋ3
1865	muɛŋ2
1866	kuɛŋ2
1867	puɛŋ2
1868	ʈɯɛŋ2
1869	ɖɯɛŋ3
1870	ʔuɛŋ2
1871	tɛŋ2
1872	lɛŋ2
1873	ɦuɛŋ3
1874	buɛŋ3
1875	kʰuɛŋ2
1876	ɳɯɛŋ2
1877	kɯɛŋ2
1878	muɛŋ2
1879	ɦɯɛŋ3
1880	buɛŋ3
1881	pʰuɛŋ2
1882	dzieŋ3
1883	tʃɨeŋ2
1884	ʈʰɨeŋ2
1885	jieŋ2
1886	ɡieŋ3
1887	jyeŋ2
1888	ɭɨeŋ2
1889	kieŋ2
1890	pieŋ2
1891	kʰyeŋ2
1892	tsieŋ2
1893	ʔieŋ2
1894	tsʰieŋ2
1895	sieŋ2
1896	mieŋ2
1897	ɖɨeŋ3
1898	ɦyeŋ3
1899	kyeŋ2
1900	mieŋ2
1901	tieŋ2
1902	dieŋ3
1903	tʰieŋ2
1904	dzieŋ3
1905	ʔyeŋ2
1906	kʰieŋ2
1907	nieŋ2
1908	ɦieŋ3
1909	sieŋ2
1910	pieŋ2
1911	kʰyeŋ2
1912	kieŋ2
1913	pʰieŋ2
1914	ʔieŋ2
1915	lieŋ2
1916	bieŋ3
1917	hyeŋ2
1918	ŋieŋ2
1919	tʃɨŋ2
1920	ʈʰɨŋ2
1921	ɡɨŋ3
1922	ʂʅᵊŋ2
1923	təŋ2
1924	pʰuəŋ2
1925	kʰəŋ2
1926	nəŋ2
1927	ɨu̯2
1928	ɭɨu̯2
1929	ɳɨu̯2
1930	ʈʰɨu̯2
1931	ʈɨu̯2
1932	hɨu̯2
1933	kɨu̯2
1934	ʃɨu̯2
1935	tʃʰɨu̯2
1936	dziu̯3
1937	bvu3
1938	pfuəu2
1939	kʰɨu̯2
1940	ɲʒɨu̯2
1941	ɡɨu̯3
1942	ɖɨu̯3
1943	jiu̯2
1944	ʒɨu̯3
1945	siu̯2
1946	ʔɨu̯2
1947	tsiu̯2
1948	ʂʅᵊu2
1949	tʃɨu̯2
1950	pfʰu2
1951	tʂʅᵊu2
1952	dʐʅᵊu3
1953	tʂʰʅᵊu2
1954	pfʰu2
1955	ɦəu3
1956	mu2
1957	bu3
1958	təu2
1959	tʰəu2
1960	kəu2
1961	ŋəu2
1962	puəu2
1963	nəu2
1964	səu2
1965	həu2
1966	pʰuəu2
1967	ʔəu2
1968	ləu2
1969	tsəu2
1970	kʰəu2
1971	dəu3
1972	dzəu3
1973	tsʰəu2
1974	ʔiu̯2
1975	kiu̯2
1976	ɡiu̯3
1977	tsʰim2
1978	ɖɨm3
1979	kʰim2
1980	ɭɨm2
1981	sim2
1982	ʈʰɨm2
1983	tsim2
1984	ɲʒɨm2
1985	tʃɨm2
1986	ʃɨm2
1987	ʒɨm3
1988	ʒɨm3
1989	tʃʰɨm2
1990	tʂʰʅᵊm2
1991	ɳɨm2
1992	ɡɨm3
1993	kɨm2
1994	dzim3
1995	ŋɨm2
1996	ʂʅᵊm2
1997	pɨm2
1998	ʔɨm2
1999	pʰɨm2
2000	kʰɨm2
2001	hɨm2
2002	ʈɨm2
2003	jim2
2004	dʐʅᵊm3
2005	kɑm2
2006	dɑm3
2007	ʔɑm2
2008	nɑm2
2009	tʰɑm2
2010	dzɑm3
2011	tsʰɑm2
2012	ŋɑm2
2013	tsɑm2
2014	sɑm2
2015	kʰɑm2
2016	ɦɑm3
2017	lɑm2
2018	tɑm2
2019	hɑm2
2020	kɑm2
2021	ʃɨem2
2022	lɑm2
2023	tʰɑm2
2024	tɑm2
2025	dɑm3
2026	tsʰɑm2
2027	muɔm2
2028	tsɑm2
2029	dzɑm3
2030	hɑm2
2031	ʔɑm2
2032	kʰɑm2
2033	jiem2
2034	ɭɨem2
2035	hɨem2
2036	pɨem2
2037	tʃɨem2
2038	kʰɨem2
2039	ŋɨem2
2040	ɡɨem3
2041	kɨem2
2042	ʔiem2
2043	ɲʒɨem2
2044	ʃɨem2
2045	ʈʰɨem2
2046	ʔɨem2
2047	dziem3
2048	tsʰiem2
2049	tsiem2
2050	kʰiem2
2051	ʒɨem3
2052	tʰiem2
2053	niem2
2054	tiem2
2055	diem3
2056	kʰiem2
2057	liem2
2058	ɦiem3
2059	tsʰiem2
2060	kiem2
2061	miem2
2062	ŋɨem2
2063	kʰɨem2
2064	ʔɨem2
2065	ɦɯam3
2066	ɖɯam3
2067	kʰɯam2
2068	kɯam2
2069	dʐɯam3
2070	ɭɯam2
2071	tʂɯam2
2072	tʂʰɯam2
2073	hɯam2
2074	ʂɯam2
2075	ʔɯam2
2076	hɯam2
2077	ɳɯam2
2078	ʈʰɯam2
2079	ɦɯam3
2080	kʰɯam2
2081	ʂɯam2
2082	ʔɯam2
2083	tʂʰɯam2
2084	hɯam2
2085	dʐɯam3
2086	bvuɐm3
2087	mvuɐm2
2088	pfuɐm2
2089	kʰɨem2
2090	pfʰuɐm2
2091	ʈʰɨem2
2092	suŋ3
2093	bvuŋ3
2094	kuŋ3
2095	luŋ3
2096	tuŋ3
2097	kʰuŋ3
2098	tsuŋ3
2099	ʔuŋ3
2100	tsʰuŋ3
2101	duŋ3
2102	tʰuŋ3
2103	ɖɨuŋ3
2104	pfuŋ3
2105	kʰɨuŋ3
2106	mvuŋ3
2107	hɨuŋ3
2108	muŋ3
2109	tsʰɨuŋ3
2110	pfʰuŋ3
2111	dzuŋ3
2112	ʈɨuŋ3
2113	ɦuŋ3
2114	nuŋ3
2115	tʃɨuŋ3
2116	tʃʰɨuŋ3
2117	dʐʅuŋ3
2118	huŋ3
2119	suŋ3
2120	tsuŋ3
2121	tʰuŋ3
2122	muŋ3
2123	ɦuŋ3
2124	jɨuŋ3
2125	zɨuŋ3
2126	bvuŋ3
2127	ɡɨuŋ3
2128	pfuŋ3
2129	kɨuŋ3
2130	ʔɨuŋ3
2131	ʈɨuŋ3
2132	tsɨuŋ3
2133	ʈʰɨuŋ3
2134	ɲʒɨuŋ3
2135	tʃɨuŋ3
2136	ɖɨuŋ3
2137	ɭɨuŋ3
2138	kʰɨuŋ3
2139	dzɨuŋ3
2140	ɳɨuŋ3
2141	kɯaŋ3
2142	ɦɯaŋ3
2143	ʈɯaŋ3
2144	ɖɯaŋ3
2145	ʈʰɯaŋ3
2146	dʐɯaŋ3
2147	pʰuaŋ3
2148	tʂʰɯaŋ3
2149	ʂɯaŋ3
2150	tʃɨi̯3
2151	bi3
2152	tʃʉi̯3
2153	ɭɨi̯3
2154	ʒɨi̯3
2155	tsi3
2156	si3
2157	ɨui3
2158	kɨui3
2159	pʰɨi̯3
2160	pɨi̯3
2161	bɨi̯3
2162	ɭʉi̯3
2163	kɨi̯3
2164	pi3
2165	ɡɨi̯3
2166	tsʰi3
2167	ji3
2168	ŋɨi̯3
2169	pʰi3
2170	dzi3
2171	ʈɨi̯3
2172	ʔɨi̯3
2173	ɖʉi̯3
2174	tʃʰʉi̯3
2175	hɨi̯3
2176	kʰi3
2177	ʔi3
2178	ʃɨi̯3
2179	ʂʅi̯3
2180	kʰyi̯3
2181	ʔɨui3
2182	ŋɨui3
2183	hɨui3
2184	ʔyi̯3
2185	ʒʉi̯3
2186	ki3
2187	ɲʒʉi̯3
2188	tʃʰɨi̯3
2189	syi̯3
2190	ʈʉi̯3
2191	jyi̯3
2192	ɳʉi̯3
2193	kyi̯3
2194	tʂʅi̯3
2195	hyi̯3
2196	kʰɨi̯3
2197	tʃɨi̯3
2198	ɨui3
2199	mɨi̯3
2200	zyi̯3
2201	tsyi̯3
2202	syi̯3
2203	ɭʉi̯3
2204	pɨi̯3
2205	ɡɨui3
2206	pʰɨi̯3
2207	bɨi̯3
2208	kɨui3
2209	ʂʯᵊi3
2210	kʰɨui3
2211	hɨui3
2212	ʒɨi̯3
2213	ɭɨi̯3
2214	ɳɨi̯3
2215	pʰi3
2216	ŋɨi̯3
2217	ʈɨi̯3
2218	kʰi3
2219	ɖɨi̯3
2220	mi3
2221	ʈʰɨi̯3
2222	kɨi̯3
2223	ɡɨi̯3
2224	ɡyi̯3
2225	tsʰyi̯3
2226	ɲʒɨi̯3
2227	tsi3
2228	tsʰi3
2229	ʔɨi̯3
2230	si3
2231	kʰɨi̯3
2232	kyi̯3
2233	bi3
2234	hyi̯3
2235	pi3
2236	dzyi̯3
2237	di3
2238	hɨi̯3
2239	ji3
2240	ʒɨi̯3
2241	dzi3
2242	ɖʉi̯3
2243	tʃʰʉi̯3
2244	jyi̯3
2245	hyi̯3
2246	ʈʉi̯3
2247	tʃʰɨi̯3
2248	ʃɨi̯3
2249	tʂʰʯᵊi3
2250	ʃʉi̯3
2251	tʃɨi̯3
2252	ɖɨi̯3
2253	zi3
2254	tsʰi3
2255	si3
2256	ʃɨi̯3
2257	tʂʅi̯3
2258	ɭɨi̯3
2259	dzi3
2260	ʈʰɨi̯3
2261	ɲʒɨi̯3
2262	ʂʅi̯3
2263	tʂʰʅi̯3
2264	ji3
2265	ʈɨi̯3
2266	ʒɨi̯3
2267	dʐʅi̯3
2268	ɡɨi̯3
2269	tʃʰɨi̯3
2270	ʔɨi̯3
2271	kɨi̯3
2272	hɨi̯3
2273	ŋɨi̯3
2274	kʰɨi̯3
2275	mvi3
2276	kɨui3
2277	ɨui3
2278	ŋɨui3
2279	pfi3
2280	pfʰi3
2281	kʰɨui3
2282	ʔɨui3
2283	hɨui3
2284	bvi3
2285	kɨi̯3
2286	ŋɨi̯3
2287	kʰɨi̯3
2288	hɨi̯3
2289	ɡɨi̯3
2290	ʔɨi̯3
2291	ŋɨ̯u3
2292	ɭɨ̯u3
2293	kɨ̯u3
2294	tsʰɨ̯u3
2295	kʰɨ̯u3
2296	ʒɨ̯u3
2297	ʃɨ̯u3
2298	ʈɨ̯u3
2299	tʃɨ̯u3
2300	ʂʅu3
2301	ʔɨ̯u3
2302	ɖɨ̯u3
2303	ɡɨ̯u3
2304	sɨ̯u3
2305	dʐʅu3
2306	tsɨ̯u3
2307	tʂʅu3
2308	ɲʒɨ̯u3
2309	jɨ̯u3
2310	hɨ̯u3
2311	ɳɨ̯u3
2312	tʂʰʅu3
2313	tʃʰɨ̯u3
2314	ʈʰɨ̯u3
2315	zɨ̯u3
2316	ŋɨ̯u3
2317	ʔɨ̯u3
2318	ʒɨ̯u3
2319	ɖɨ̯u3
2320	bvu3
2321	tʃɨ̯u3
2322	kɨ̯u3
2323	hɨ̯u3
2324	ʃɨ̯u3
2325	jɨ̯u3
2326	ɲʒɨ̯u3
2327	pfʰu3
2328	mvu3
2329	tsɨ̯u3
2330	ɡɨ̯u3
2331	ɨ̯u3
2332	dzɨ̯u3
2333	ʂʅu3
2334	pfu3
2335	tsʰɨ̯u3
2336	ʈɨ̯u3
2337	kʰɨ̯u3
2338	tʂʰʅu3
2339	ʈʰɨ̯u3
2340	sɨ̯u3
2341	ɭɨ̯u3
2342	mu3
2343	du3
2344	lu3
2345	tu3
2346	tʰu3
2347	ku3
2348	ŋu3
2349	ɦu3
2350	su3
2351	dzu3
2352	nu3
2353	pu3
2354	ʔu3
2355	pʰu3
2356	tsʰu3
2357	kʰu3
2358	bu3
2359	hu3
2360	tsu3
2361	tsiei3
2362	tiei3
2363	dziei3
2364	tʰiei3
2365	diei3
2366	tsʰiei3
2367	siei3
2368	ŋiei3
2369	kiei3
2370	ɦiei3
2371	kʰiei3
2372	ʔiei3
2373	miei3
2374	piei3
2375	ɦyei3
2376	kyei3
2377	hyei3
2378	pʰiei3
2379	biei3
2380	liei3
2381	tʰiei3
2382	niei3
2383	hiei3
2384	tsiei3
2385	syei3
2386	ʉoi3
2387	ɲʒʉei3
2388	tʃʉei3
2389	ʂuai3
2390	tsʰyei3
2391	jyei3
2392	ʈʉei3
2393	ʃʉei3
2394	biei3
2395	tʂʰuai3
2396	zyei3
2397	piei3
2398	kʉoi3
2399	miei3
2400	ʂɯai3
2401	tʃʰɨei3
2402	tʃɨei3
2403	ʒɨei3
2404	jiei3
2405	ʔɨei3
2406	ŋiei3
2407	ɖɨei3
2408	ɭɨei3
2409	kʰɨei3
2410	ʃɨei3
2411	kɨei3
2412	ʈɨei3
2413	ɡɨei3
2414	ʒʉei3
2415	ʈʰɨei3
2416	ɖʉei3
2417	ŋɨei3
2418	tsyei3
2419	pʰiei3
2420	kʰʉoi3
2421	hʉoi3
2422	tʰɑi3
2423	kɑi3
2424	ŋɑi3
2425	ʔɑi3
2426	nɑi3
2427	dɑi3
2428	ɦɑi3
2429	tɑi3
2430	puoi3
2431	pʰuoi3
2432	ɦuoi3
2433	duoi3
2434	kuoi3
2435	tsuoi3
2436	huoi3
2437	kʰuoi3
2438	luoi3
2439	ŋuoi3
2440	tuoi3
2441	ʔuoi3
2442	dzuoi3
2443	suoi3
2444	tsʰuoi3
2445	buoi3
2446	kʰɑi3
2447	tsʰɑi3
2448	lɑi3
2449	hɑi3
2450	tʰuoi3
2451	muoi3
2452	tsʰuoi3
2453	kuai3
2454	kɯai3
2455	ʔɯai3
2456	ɦɯai3
2457	muai3
2458	ɦuai3
2459	tʂʰɯai3
2460	ŋɯai3
2461	hɯai3
2462	puai3
2463	buai3
2464	dʐɯai3
2465	pʰuai3
2466	tʂɯai3
2467	kʰɯai3
2468	ʂɯai3
2469	huai3
2470	puai3
2471	ʈuai3
2472	kuai3
2473	ʔɯai3
2474	tʂɯai3
2475	kɯai3
2476	ɳɯai3
2477	hɯai3
2478	ɦɯai3
2479	ŋɯai3
2480	kʰuai3
2481	puai3
2482	pʰuai3
2483	ɦuai3
2484	ŋuai3
2485	buai3
2486	muai3
2487	huai3
2488	ʂɯai3
2489	kʰɯai3
2490	ʈʰuai3
2491	kuai3
2492	kʰuai3
2493	muai3
2494	ɦuai3
2495	buai3
2496	ʔuai3
2497	tʂʰuai3
2498	kɯai3
2499	ʈʰɯai3
2500	ʔɯai3
2501	ʂɯai3
2502	ɖɯai3
2503	hɯai3
2504	huai3
2505	puai3
2506	tʂʰuai3
2507	dʐɯai3
2508	ɦɯai3
2509	duoi3
2510	buoi3
2511	muoi3
2512	pʰuoi3
2513	huoi3
2514	tuoi3
2515	tsʰuoi3
2516	tsuoi3
2517	ʔuoi3
2518	tʰuoi3
2519	kuoi3
2520	ɦuoi3
2521	kʰuoi3
2522	suoi3
2523	nuoi3
2524	luoi3
2525	puoi3
2526	ŋuoi3
2527	ɦuoi3
2528	dɑi3
2529	tsɑi3
2530	muoi3
2531	sɑi3
2532	tʰɑi3
2533	kɑi3
2534	kʰɑi3
2535	ŋɑi3
2536	ʔɑi3
2537	ɦɑi3
2538	nɑi3
2539	tɑi3
2540	lɑi3
2541	tsʰɑi3
2542	dzɑi3
2543	hɑi3
2544	pfuɵi3
2545	pfʰuɵi3
2546	ʔʉoi3
2547	bvuɵi3
2548	hʉoi3
2549	ɡʉoi3
2550	ŋɨei3
2551	tʃɨn3
2552	sin3
2553	ɲʒɨn3
2554	jin3
2555	ɭɨn3
2556	pin3
2557	ɖɨn3
2558	ʒɨn3
2559	ʃɨn3
2560	kʰin3
2561	zin3
2562	ŋɨn3
2563	tsin3
2564	hɨn3
2565	ʈɨn3
2566	ɡɨn3
2567	tʂʰʅᵊn3
2568	ʔin3
2569	ʈʰɨn3
2570	pʰin3
2571	tsʰin3
2572	kʰin3
2573	kyn3
2574	tʃʉn3
2575	syn3
2576	zyn3
2577	tsyn3
2578	ʃʉn3
2579	ɲʒʉn3
2580	ʒʉn3
2581	mvun3
2582	ɨun3
2583	hɨun3
2584	pfʰun3
2585	pfun3
2586	ʔɨun3
2587	kɨun3
2588	ɡɨun3
2589	bvun3
2590	hɨn3
2591	kɨn3
2592	ɡɨn3
2593	ʔɨn3
2594	ŋɨn3
2595	ŋʉon3
2596	ʔʉon3
2597	pfuɐn3
2598	kʰʉon3
2599	mvuɐn3
2600	bvuɐn3
2601	pfʰuɐn3
2602	kɨen3
2603	ʔɨen3
2604	hɨen3
2605	hʉon3
2606	ɡɨen3
2607	pfʰuɐn3
2608	ʉon3
2609	ŋɨen3
2610	ɡʉon3
2611	kʉon3
2612	ɦun3
2613	tun3
2614	sun3
2615	kʰun3
2616	nun3
2617	ʔun3
2618	mun3
2619	dzun3
2620	kun3
2621	pʰun3
2622	dun3
2623	tsʰun3
2624	bun3
2625	ŋun3
2626	lun3
2627	pun3
2628	hun3
2629	tsun3
2630	ɦən3
2631	kən3
2632	ŋən3
2633	ʔən3
2634	ɦɑn3
2635	tʰɑn3
2636	ʔɑn3
2637	tɑn3
2638	dɑn3
2639	kɑn3
2640	ŋɑn3
2641	kʰɑn3
2642	hɑn3
2643	lɑn3
2644	nɑn3
2645	tsʰɑn3
2646	sɑn3
2647	tsɑn3
2648	dzɑn3
2649	ɦuon3
2650	tsuon3
2651	ʔuon3
2652	kuon3
2653	tsʰuon3
2654	ŋuon3
2655	duon3
2656	luon3
2657	tuon3
2658	tʰuon3
2659	huon3
2660	suon3
2661	muon3
2662	puon3
2663	pʰuon3
2664	buon3
2665	nuon3
2666	dzuon3
2667	kʰuon3
2668	kɯan3
2669	ŋɯan3
2670	ʔɯan3
2671	ʂɯan3
2672	ɦɯan3
2673	muan3
2674	ʔuan3
2675	ɦuan3
2676	kuan3
2677	ʂuan3
2678	tʂʰuan3
2679	ŋuan3
2680	dʐɯan3
2681	pʰuan3
2682	ɳuan3
2683	tʂʰɯan3
2684	ʈʰɯan3
2685	kɯan3
2686	ɦɯan3
2687	buan3
2688	pʰuan3
2689	ɦuan3
2690	muan3
2691	ɖɯan3
2692	puan3
2693	kuan3
2694	sien3
2695	tsʰien3
2696	hyen3
2697	ɦyen3
2698	kyen3
2699	dien3
2700	tʰien3
2701	lien3
2702	kien3
2703	nien3
2704	kʰien3
2705	ɦien3
2706	ŋien3
2707	ʔien3
2708	tsien3
2709	mien3
2710	pʰien3
2711	dzien3
2712	ʔyen3
2713	tien3
2714	hien3
2715	sien3
2716	tʃɨen3
2717	ʒɨen3
2718	ŋɨen3
2719	kʰien3
2720	kyen3
2721	ʉon3
2722	mien3
2723	tʃʰʉen3
2724	jyen3
2725	ʈɨen3
2726	ɲʒʉen3
2727	tsien3
2728	tʃʰɨen3
2729	ʃɨen3
2730	ʔɨen3
2731	kʉon3
2732	ɡʉon3
2733	ɭʉen3
2734	ʈʰʉen3
2735	pɨen3
2736	ʂuan3
2737	tsʰyen3
2738	bɨen3
2739	zyen3
2740	syen3
2741	dʐuan3
2742	tʂuan3
2743	ɖʉen3
2744	dzien3
2745	zien3
2746	pʰien3
2747	ʒʉen3
2748	ɳɨen3
2749	ʈʉen3
2750	jien3
2751	bien3
2752	ɖɨen3
2753	ɭɨen3
2754	kʰʉon3
2755	tʃʉen3
2756	pien3
2757	sieu3
2758	tʰieu3
2759	tieu3
2760	kieu3
2761	nieu3
2762	dieu3
2763	kʰieu3
2764	lieu3
2765	ŋieu3
2766	ʔieu3
2767	hieu3
2768	sieu3
2769	tʃɨeu3
2770	jieu3
2771	ʔieu3
2772	ɖɨeu3
2773	ʒɨeu3
2774	ɡɨeu3
2775	pʰieu3
2776	dzieu3
2777	mieu3
2778	tsʰieu3
2779	ɭɨeu3
2780	kʰɨeu3
2781	ŋɨeu3
2782	tsieu3
2783	mɨeu3
2784	bieu3
2785	ʃɨeu3
2786	ʈʰɨeu3
2787	pɨeu3
2788	ɡieu3
2789	ɲʒɨeu3
2790	ɦɯau3
2791	kɯau3
2792	hɯau3
2793	ʈɯau3
2794	puau3
2795	kʰɯau3
2796	muau3
2797	pʰuau3
2798	ʈʰɯau3
2799	ʂɯau3
2800	ɖɯau3
2801	ɳɯau3
2802	tʂɯau3
2803	buau3
2804	tʂʰɯau3
2805	ʔɯau3
2806	ŋɯau3
2807	dʐɯau3
2808	ɦɑu3
2809	dɑu3
2810	tɑu3
2811	kɑu3
2812	ŋɑu3
2813	muɔu3
2814	lɑu3
2815	tsʰɑu3
2816	buɔu3
2817	puɔu3
2818	dzɑu3
2819	ʔɑu3
2820	sɑu3
2821	kʰɑu3
2822	tsɑu3
2823	hɑu3
2824	nɑu3
2825	kɑ3
2826	ɦɑ3
2827	tsɑ3
2828	tɑ3
2829	lɑ3
2830	kʰɑ3
2831	ŋɑ3
2832	dɑ3
2833	nɑ3
2834	sɑ3
2835	hɑ3
2836	tʰɑ3
2837	kuɔ3
2838	ɦuɔ3
2839	tsuɔ3
2840	kʰuɔ3
2841	tʰuɔ3
2842	puɔ3
2843	tsʰuɔ3
2844	muɔ3
2845	nuɔ3
2846	pʰuɔ3
2847	dzuɔ3
2848	ŋuɔ3
2849	tsʰuɔ3
2850	huɔ3
2851	duɔ3
2852	buɔ3
2853	luɔ3
2854	tuɔ3
2855	tsʰuɔ3
2856	suɔ3
2857	ʔɑ3
2858	ʔuɔ3
2859	mua3
2860	kɯa3
2861	ʔɯa3
2862	hɯa3
2863	ŋɯa3
2864	ʈʰɯa3
2865	ʈɯa3
2866	tʂɯa3
2867	dʐɯa3
2868	zia3
2869	kʰɯa3
2870	ɦɯa3
2871	dzia3
2872	jia3
2873	tʃʰɨa3
2874	sia3
2875	tʃɨa3
2876	tsia3
2877	ʃɨa3
2878	ʒɨa3
2879	pua3
2880	pʰua3
2881	ɦua3
2882	hua3
2883	kʰua3
2884	ʂua3
2885	bua3
2886	ɳɯa3
2887	tsʰia3
2888	ʂɯa3
2889	kua3
2890	ɖɯa3
2891	ŋua3
2892	ʔua3
2893	jɨɔŋ3
2894	ɭɨɔŋ3
2895	dʐʅɔŋ3
2896	ɲʒɨɔŋ3
2897	ʃɨɔŋ3
2898	ʈɨɔŋ3
2899	ʈʰɨɔŋ3
2900	hɨɔŋ3
2901	ɖɨɔŋ3
2902	ɳɨɔŋ3
2903	dzɨɔŋ3
2904	tʃɨɔŋ3
2905	ʒɨɔŋ3
2906	tʂʅɔŋ3
2907	ʔɨɔŋ3
2908	ɡɨɔŋ3
2909	tʃʰɨɔŋ3
2910	tʂʰʅɔŋ3
2911	tsɨɔŋ3
2912	ŋɨɔŋ3
2913	pfʰuɔŋ3
2914	mvuɔŋ3
2915	hʉɔŋ3
2916	kʉɔŋ3
2917	ʉɔŋ3
2918	pfuɔŋ3
2919	sɨɔŋ3
2920	kɨɔŋ3
2921	kʰɨɔŋ3
2922	tsʰɨɔŋ3
2923	ɡʉɔŋ3
2924	bvuɔŋ3
2925	dɑŋ3
2926	lɑŋ3
2927	ɦɑŋ3
2928	ʔɑŋ3
2929	ŋɑŋ3
2930	tsɑŋ3
2931	buɔŋ3
2932	dzɑŋ3
2933	tɑŋ3
2934	kʰɑŋ3
2935	puɔŋ3
2936	tʰɑŋ3
2937	kʰuɔŋ3
2938	nɑŋ3
2939	sɑŋ3
2940	ɦuɔŋ3
2941	kuɔŋ3
2942	kɑŋ3
2943	huɔŋ3
2944	muɔŋ3
2945	ʔuɔŋ3
2946	ʔɨeŋ3
2947	kɨeŋ3
2948	ɡɨeŋ3
2949	kʰɨeŋ3
2950	kɯɛŋ3
2951	mɨeŋ3
2952	bɨeŋ3
2953	muɛŋ3
2954	ɦuɛŋ3
2955	pɨeŋ3
2956	ʉeŋ3
2957	ɦɯɛŋ3
2958	ʔɯɛŋ3
2959	tʂʰɯɛŋ3
2960	ʈɯɛŋ3
2961	ʈʰɯɛŋ3
2962	puɛŋ3
2963	ɖɯɛŋ3
2964	ʂɯɛŋ3
2965	ŋɨeŋ3
2966	buɛŋ3
2967	hɯɛŋ3
2968	ʔuɛŋ3
2969	tʂɯɛŋ3
2970	puɛŋ3
2971	buɛŋ3
2972	ʔɯɛŋ3
2973	ŋɯɛŋ3
2974	huɛŋ3
2975	kieŋ3
2976	tsʰieŋ3
2977	tʃɨeŋ3
2978	ʃɨeŋ3
2979	ɖɨeŋ3
2980	ʈʰɨeŋ3
2981	sieŋ3
2982	ɭɨeŋ3
2983	pʰieŋ3
2984	hyeŋ3
2985	pieŋ3
2986	bieŋ3
2987	dzieŋ3
2988	ʒɨeŋ3
2989	mieŋ3
2990	kʰieŋ3
2991	hieŋ3
2992	tsieŋ3
2993	kieŋ3
2994	nieŋ3
2995	sieŋ3
2996	ɦieŋ3
2997	dieŋ3
2998	tieŋ3
2999	kʰieŋ3
3000	tʰieŋ3
3001	tsʰieŋ3
3002	mieŋ3
3003	ʔyeŋ3
3004	lieŋ3
3005	tʃɨŋ3
3006	jɨŋ3
3007	ʒɨŋ3
3008	ɲʒɨŋ3
3009	ʔɨŋ3
3010	tsɨŋ3
3011	hɨŋ3
3012	ʃɨŋ3
3013	ɖɨŋ3
3014	ɭɨŋ3
3015	bɨŋ3
3016	tʃʰɨŋ3
3017	ŋɨŋ3
3018	ʒɨŋ3
3019	ʈʰɨŋ3
3020	ɡɨŋ3
3021	təŋ3
3022	dzəŋ3
3023	kəŋ3
3024	tsʰəŋ3
3025	dəŋ3
3026	muəŋ3
3027	puəŋ3
3028	buəŋ3
3029	ləŋ3
3030	tsəŋ3
3031	səŋ3
3032	tʰəŋ3
3033	ɨu̯3
3034	kɨu̯3
3035	ɖɨu̯3
3036	ʈɨu̯3
3037	ʃɨu̯3
3038	tʃʰɨu̯3
3039	ziu̯3
3040	hɨu̯3
3041	tʃɨu̯3
3042	ɡɨu̯3
3043	ʂʅᵊu3
3044	tʂʅᵊu3
3045	pfʰu3
3046	tʂʰʅᵊu3
3047	pfu3
3048	ʈʰɨu̯3
3049	ɭɨu̯3
3050	siu̯3
3051	tsiu̯3
3052	dʐʅᵊu3
3053	dziu̯3
3054	ɳɨu̯3
3055	bvu3
3056	jiu̯3
3057	ʒɨu̯3
3058	ɲʒɨu̯3
3059	mvu3
3060	ŋɨu̯3
3061	kʰɨu̯3
3062	tsʰiu̯3
3063	ɦəu3
3064	kʰəu3
3065	mu3
3066	pʰu3
3067	dəu3
3068	təu3
3069	nəu3
3070	səu3
3071	tsəu3
3072	tʰəu3
3073	ʔəu3
3074	kəu3
3075	tsʰəu3
3076	ləu3
3077	həu3
3078	bu3
3079	ŋəu3
3080	dzəu3
3081	ʔiu̯3
3082	miu̯3
3083	kʰiu̯3
3084	ɡiu̯3
3085	tsʰim3
3086	tsim3
3087	ɲʒɨm3
3088	ɖɨm3
3089	tʃɨm3
3090	ɡɨm3
3091	kɨm3
3092	ɳɨm3
3093	ʔɨm3
3094	ʂʅᵊm3
3095	ʈʰɨm3
3096	tʂʅᵊm3
3097	tʂʰʅᵊm3
3098	ŋɨm3
3099	ʈɨm3
3100	ɭɨm3
3101	ʒɨm3
3102	ɨm3
3103	ʃɨm3
3104	kʰɑm3
3105	kɑm3
3106	ɦɑm3
3107	ʔɑm3
3108	tʰɑm3
3109	sɑm3
3110	tsʰɑm3
3111	dɑm3
3112	ŋɑm3
3113	tɑm3
3114	nɑm3
3115	lɑm3
3116	hɑm3
3117	tsɑm3
3118	kʰɑm3
3119	lɑm3
3120	tʰɑm3
3121	kɑm3
3122	hɑm3
3123	ɦɑm3
3124	dɑm3
3125	dzɑm3
3126	tɑm3
3127	sɑm3
3128	jiem3
3129	ʒɨem3
3130	ɲʒɨem3
3131	ʔiem3
3132	pɨem3
3133	ŋɨem3
3134	ʃɨem3
3135	tsiem3
3136	tsʰiem3
3137	ɭɨem3
3138	ʈʰɨem3
3139	tʃʰɨem3
3140	ʔɨem3
3141	dziem3
3142	tʃɨem3
3143	tʰiem3
3144	niem3
3145	tiem3
3146	siem3
3147	diem3
3148	kiem3
3149	ʔiem3
3150	tsiem3
3151	dziem3
3152	kiem3
3153	kʰiem3
3154	liem3
3155	ŋɨem3
3156	hɨem3
3157	kʰɨem3
3158	mvuɐm3
3159	ɦɯam3
3160	ʔɯam3
3161	tʂɯam3
3162	ʈɯam3
3163	kʰɯam3
3164	ɖɯam3
3165	dʐɯam3
3166	kɯam3
3167	ɳɯam3
3168	ŋɯam3
3169	kɯam3
3170	tʂʰɯam3
3171	tʂɯam3
3172	ʂɯam3
3173	hɯam3
3174	buam3
3175	ɦɯam3
3176	dʐɯam3
3177	ʔɯam3
3178	bvuɐm3
3179	pfʰuɐm3
3180	kɨem3
3181	kʰɨem3
3182	ʔɨem3
3183	ʔuk4
3184	duk4
3185	kuk4
3186	ɦuk4
3187	kʰuk4
3188	tʰuk4
3189	tuk4
3190	suk4
3191	luk4
3192	huk4
3193	dzuk4
3194	tsʰuk4
3195	tsuk4
3196	buk4
3197	pʰuk4
3198	puk4
3199	muk4
3200	pfuk4
3201	bvuk4
3202	ʂʅuk4
3203	ɭɨuk4
3204	ɖɨuk4
3205	kɨuk4
3206	kʰɨuk4
3207	ʒɨuk4
3208	tʃʰɨuk4
3209	jɨuk4
3210	ɡɨuk4
3211	tsʰɨuk4
3212	ɲʒɨuk4
3213	tʃɨuk4
3214	ʃɨuk4
3215	hɨuk4
3216	ʈɨuk4
3217	tsɨuk4
3218	tʂʰʅuk4
3219	ɳɨuk4
3220	tʂʅuk4
3221	pfʰuk4
3222	ʔɨuk4
3223	sɨuk4
3224	mvuk4
3225	ɨuk4
3226	ʈʰɨuk4
3227	ŋɨuk4
3228	dzɨuk4
3229	ʔuk4
3230	duk4
3231	tuk4
3232	kʰuk4
3233	ɦuk4
3234	buk4
3235	suk4
3236	kuk4
3237	muk4
3238	huk4
3239	nuk4
3240	tsuk4
3241	puk4
3242	luk4
3243	ŋuk4
3244	tʃɨuk4
3245	ŋɨuk4
3246	hɨuk4
3247	kɨuk4
3248	ɡɨuk4
3249	ʒɨuk4
3250	tʃʰɨuk4
3251	ɲʒɨuk4
3252	ʃɨuk4
3253	jɨuk4
3254	ɖɨuk4
3255	ɭɨuk4
3256	kʰɨuk4
3257	ʈɨuk4
3258	tsɨuk4
3259	ʒɨuk4
3260	bvuk4
3261	tsʰɨuk4
3262	zɨuk4
3263	sɨuk4
3264	pfuk4
3265	ʈʰɨuk4
3266	kɯak4
3267	ŋɯak4
3268	dʐɯak4
3269	tʂɯak4
3270	ʂɯak4
3271	ʈɯak4
3272	puak4
3273	muak4
3274	buak4
3275	pʰuak4
3276	kʰɯak4
3277	ɖɯak4
3278	ʔɯak4
3279	ɳɯak4
3280	ʈʰɯak4
3281	ɭɯak4
3282	ɦɯak4
3283	hɯak4
3284	tʂʰɯak4
3285	tʃɨt4
3286	ɲʒɨt4
3287	ʒɨt4
3288	ɖɨt4
3289	sit4
3290	ʔit4
3291	tsʰit4
3292	pʰit4
3293	kit4
3294	ɳɨt4
3295	jit4
3296	kʰit4
3297	hit4
3298	ʈʰɨt4
3299	ɭɨt4
3300	ʈɨt4
3301	dzit4
3302	tʂʰʅᵊt4
3303	ʃɨt4
3304	tsit4
3305	mit4
3306	pit4
3307	ɡɨt4
3308	bit4
3309	ɨut4
3310	ʂʯᵊt4
3311	tʃʰɨt4
3312	dʐʅᵊt4
3313	mɨt4
3314	bɨt4
3315	ʔɨt4
3316	ŋɨt4
3317	pɨt4
3318	ʈʉt4
3319	hɨt4
3320	kɨt4
3321	ʈɨt4
3322	hyt4
3323	ʒʉt4
3324	kyt4
3325	dzyt4
3326	jyt4
3327	tsyt4
3328	syt4
3329	ɭʉt4
3330	ʈʰʉt4
3331	ʈʉt4
3332	ɖʉt4
3333	tʃʰʉt4
3334	tsʰyt4
3335	tʂʯᵊt4
3336	hyt4
3337	tʂʅᵊt4
3338	ʂʅᵊt4
3339	dʐʅᵊt4
3340	mvut4
3341	pfut4
3342	ʔɨut4
3343	kɨut4
3344	kʰɨut4
3345	ɡɨut4
3346	bvut4
3347	hɨut4
3348	ɨut4
3349	pfʰut4
3350	ŋɨut4
3351	hɨt4
3352	kɨt4
3353	ŋɨt4
3354	ɡɨt4
3355	kʰɨt4
3356	ŋʉot4
3357	bvuɐt4
3358	ʉot4
3359	kʉot4
3360	ʔʉot4
3361	ɡʉot4
3362	kʰʉot4
3363	pfuɐt4
3364	mvuɐt4
3365	hʉot4
3366	ʔɨet4
3367	hɨet4
3368	kɨet4
3369	ɡɨet4
3370	pfʰuɐt4
3371	ŋɨet4
3372	mut4
3373	tʰut4
3374	kut4
3375	but4
3376	tut4
3377	tʰut4
3378	dut4
3379	ʔut4
3380	hut4
3381	ŋut4
3382	pʰut4
3383	lut4
3384	kʰut4
3385	nut4
3386	sut4
3387	tsʰut4
3388	dzut4
3389	ɦət4
3390	ɦut4
3391	tsut4
3392	ɦɑt4
3393	hɑt4
3394	tɑt4
3395	tʰɑt4
3396	ʔɑt4
3397	lɑt4
3398	kʰɑt4
3399	dɑt4
3400	dzɑt4
3401	ŋɑt4
3402	kɑt4
3403	sɑt4
3404	tsʰɑt4
3405	nɑt4
3406	muot4
3407	muot4
3408	ŋuot4
3409	dzuot4
3410	puot4
3411	tsɑt4
3412	kuot4
3413	kʰuot4
3414	ɦuot4
3415	duot4
3416	huot4
3417	ʔuot4
3418	tsuot4
3419	pʰuot4
3420	tʰuot4
3421	luot4
3422	tuot4
3423	tsʰuot4
3424	buot4
3425	ɦɯat4
3426	tʂɯat4
3427	buat4
3428	kʰɯat4
3429	ɦuat4
3430	puat4
3431	ʈuat4
3432	ʔuat4
3433	ɳuat4
3434	tʂʰɯat4
3435	kuat4
3436	kɯat4
3437	ʔɯat4
3438	ʂɯat4
3439	muat4
3440	huat4
3441	ɳɯat4
3442	ŋuat4
3443	kʰuat4
3444	pʰuat4
3445	tʂuat4
3446	ɦɯat4
3447	ʔɯat4
3448	ŋɯat4
3449	tʂʰɯat4
3450	kʰɯat4
3451	hɯat4
3452	ʈʰɯat4
3453	kuat4
3454	ɦuat4
3455	ʈʰuat4
3456	ʈuat4
3457	ʂuat4
3458	ŋuat4
3459	tʂʰuat4
3460	muat4
3461	ɳuat4
3462	puat4
3463	kɯat4
3464	dʐɯat4
3465	ʈɯat4
3466	ɳɯat4
3467	siet4
3468	tsʰiet4
3469	kiet4
3470	tsiet4
3471	hyet4
3472	kʰyet4
3473	kyet4
3474	ɦyet4
3475	ʔyet4
3476	diet4
3477	tʰiet4
3478	ɦiet4
3479	niet4
3480	dziet4
3481	ŋiet4
3482	miet4
3483	piet4
3484	ʔiet4
3485	kʰiet4
3486	hiet4
3487	pʰiet4
3488	biet4
3489	tiet4
3490	liet4
3491	siet4
3492	ɭɨet4
3493	ʈɨet4
3494	ɡɨet4
3495	ɲʒɨet4
3496	tʃɨet4
3497	ʒɨet4
3498	ʒɨet4
3499	ŋɨet4
3500	miet4
3501	kʰɨet4
3502	piet4
3503	dzyet4
3504	tsyet4
3505	syet4
3506	ʈʰʉet4
3507	jyet4
3508	kʰyet4
3509	ʔʉot4
3510	ɲʒʉet4
3511	ʃʉet4
3512	tʃʉet4
3513	tʃʰʉet4
3514	ʈʉet4
3515	ɭʉet4
3516	pʰiet4
3517	bɨet4
3518	ɖɨet4
3519	pɨet4
3520	ʂuat4
3521	kɨet4
3522	ʃɨet4
3523	ɳʉet4
3524	hʉot4
3525	ʔyet4
3526	kʉot4
3527	tʂuat4
3528	tsʰyet4
3529	tsiet4
3530	ʂɯat4
3531	ʔɨet4
3532	ʈʰɨet4
3533	hɨet4
3534	ʒʉet4
3535	tʂʰɯat4
3536	zyet4
3537	tʃʰɨet4
3538	jiet4
3539	dʐɯat4
3540	jɨɔk4
3541	ɭɨɔk4
3542	kɨɔk4
3543	tʃɨɔk4
3544	ʃɨɔk4
3545	ɲʒɨɔk4
3546	tʃʰɨɔk4
3547	ʔɨɔk4
3548	kʰɨɔk4
3549	ŋɨɔk4
3550	ʒɨɔk4
3551	ʈʰɨɔk4
3552	sɨɔk4
3553	tʂʅɔk4
3554	tsɨɔk4
3555	dzɨɔk4
3556	tsʰɨɔk4
3557	ɡɨɔk4
3558	ʔʉɔk4
3559	bvuɔk4
3560	hʉɔk4
3561	ʉɔk4
3562	kʉɔk4
3563	ʈɨɔk4
3564	ɖɨɔk4
3565	kʰʉɔk4
3566	ɡʉɔk4
3567	ɳɨɔk4
3568	pfʰuɔk4
3569	hɨɔk4
3570	dɑk4
3571	muɔk4
3572	lɑk4
3573	tʰɑk4
3574	tsɑk4
3575	tsʰɑk4
3576	kɑk4
3577	kʰɑk4
3578	ŋɑk4
3579	pʰuɔk4
3580	ʔɑk4
3581	buɔk4
3582	hɑk4
3583	sɑk4
3584	ɦɑk4
3585	dzɑk4
3586	puɔk4
3587	nɑk4
3588	huɔk4
3589	kuɔk4
3590	ʔuɔk4
3591	ɦuɔk4
3592	kʰuɔk4
3593	ŋuɔk4
3594	luɔk4
3595	tsuɔk4
3596	muɛk4
3597	ʈɯɛk4
3598	buɛk4
3599	puɛk4
3600	ɡɨek4
3601	kɨek4
3602	ʂɯɛk4
3603	tʂʰɯɛk4
3604	ɦuɛk4
3605	tʂɯɛk4
3606	dʐɯɛk4
3607	kʰɨek4
3608	ŋɯɛk4
3609	ŋɨek4
3610	kʰɯɛk4
3611	ʔɯɛk4
3612	hɨek4
3613	ʈʰɯɛk4
3614	ʔʉek4
3615	pʰuɛk4
3616	hɯɛk4
3617	ɦɯɛk4
3618	kɯɛk4
3619	huɛk4
3620	ɖɯɛk4
3621	kuɛk4
3622	ʔuɛk4
3623	ɳɯɛk4
3624	kʰuɛk4
3625	bɨek4
3626	muɛk4
3627	ɦuɛk4
3628	kuɛk4
3629	puɛk4
3630	buɛk4
3631	dʐɯɛk4
3632	tʂɯɛk4
3633	dʐuɛk4
3634	tʂʰɯɛk4
3635	kʰɯɛk4
3636	huɛk4
3637	ɦɯɛk4
3638	kɯɛk4
3639	ʈɯɛk4
3640	ʔɯɛk4
3641	ʂɯɛk4
3642	pʰuɛk4
3643	ŋɯɛk4
3644	ɭɯɛk4
3645	tʂuɛk4
3646	ʂuɛk4
3647	ɡuɛk4
3648	ɳɯɛk4
3649	siek4
3650	tsiek4
3651	ʔiek4
3652	jiek4
3653	ʃɨek4
3654	tʃʰɨek4
3655	ʒɨek4
3656	tʃɨek4
3657	ɖɨek4
3658	tsʰiek4
3659	ziek4
3660	dziek4
3661	biek4
3662	jyek4
3663	hyek4
3664	piek4
3665	pʰiek4
3666	ʒɨek4
3667	pɨek4
3668	ʈɨek4
3669	ʈʰɨek4
3670	tʃʉek4
3671	tsʰyek4
3672	siek4
3673	kiek4
3674	pʰiek4
3675	liek4
3676	tiek4
3677	ɦiek4
3678	ŋiek4
3679	diek4
3680	tʰiek4
3681	tsiek4
3682	kʰiek4
3683	niek4
3684	dziek4
3685	miek4
3686	biek4
3687	piek4
3688	kʰyek4
3689	kyek4
3690	tsʰiek4
3691	hiek4
3692	hyek4
3693	tʰiek4
3694	tʃɨk4
3695	ɖɨk4
3696	ɭɨk4
3697	ʈʰɨk4
3698	ʈɨk4
3699	ʒɨk4
3700	sɨk4
3701	ʒɨk4
3702	ʃɨk4
3703	hɨk4
3704	dʐʅᵊk4
3705	ɡɨk4
3706	ɳɨk4
3707	tʂʰʅᵊk4
3708	ʔɨk4
3709	ʂʅᵊk4
3710	kʰɨk4
3711	kɨk4
3712	jɨk4
3713	tsɨk4
3714	pɨk4
3715	ʉik4
3716	hʉik4
3717	pʰɨk4
3718	tʂʅᵊk4
3719	bɨk4
3720	ŋɨk4
3721	dzɨk4
3722	ʈɨk4
3723	mɨk4
3724	tʃʰɨk4
3725	tək4
3726	tsək4
3727	lək4
3728	tʰək4
3729	kʰək4
3730	dək4
3731	hək4
3732	muək4
3733	dzək4
3734	sək4
3735	puək4
3736	buək4
3737	ɦuək4
3738	kuək4
3739	ʔək4
3740	ɦək4
3741	nək4
3742	kək4
3743	tsʰək4
3744	pʰuək4
3745	huək4
3746	tsʰip4
3747	ʒɨp4
3748	tʃɨp4
3749	zip4
3750	dzip4
3751	ɲʒɨp4
3752	ʔip4
3753	ʃɨp4
3754	tsip4
3755	ɡɨp4
3756	ɖɨp4
3757	ʈɨp4
3758	ɭɨp4
3759	kɨp4
3760	ŋɨp4
3761	kʰɨp4
3762	sip4
3763	ʂʅᵊp4
3764	hɨp4
3765	tʂʅᵊp4
3766	ʔɨp4
3767	ʈʰɨp4
3768	ɨp4
3769	jip4
3770	ɳɨp4
3771	dʐʅᵊp4
3772	bɨp4
3773	pɨp4
3774	tʂʰʅᵊp4
3775	tʃʰɨp4
3776	ɦɑp4
3777	kɑp4
3778	tɑp4
3779	sɑp4
3780	dɑp4
3781	tʰɑp4
3782	dzɑp4
3783	tsɑp4
3784	lɑp4
3785	nɑp4
3786	kʰɑp4
3787	ʔɑp4
3788	hɑp4
3789	ŋɑp4
3790	tsʰɑp4
3791	ʒɨep4
3792	ʔɑp4
3793	ɦɑp4
3794	lɑp4
3795	tɑp4
3796	tʰɑp4
3797	hɑp4
3798	nɑp4
3799	dɑp4
3800	sɑp4
3801	ŋɑp4
3802	dzɑp4
3803	kɑp4
3804	kʰɑp4
3805	ʔɑp4
3806	tsʰɑp4
3807	kɑp4
3808	tʃɨep4
3809	jiep4
3810	tsiep4
3811	ʃɨep4
3812	ʒɨep4
3813	ɭɨep4
3814	dziep4
3815	ɖɨep4
3816	ʔɨep4
3817	ɳɨep4
3818	tʃʰɨep4
3819	ɲʒɨep4
3820	tʃɨep4
3821	tsʰiep4
3822	ʈʰɨep4
3823	ɡɨep4
3824	ʈɨep4
3825	ɨep4
3826	kʰiep4
3827	ʂɯap4
3828	kɨep4
3829	ʔiep4
3830	tʰiep4
3831	ɦiep4
3832	kiep4
3833	kʰiep4
3834	diep4
3835	niep4
3836	siep4
3837	liep4
3838	tiep4
3839	dziep4
3840	tsiep4
3841	hiep4
3842	siep4
3843	ɦɯap4
3844	kʰɯap4
3845	dʐɯap4
3846	kɯap4
3847	tʂɯap4
3848	tʂʰɯap4
3849	ɳɯap4
3850	hɯap4
3851	ʂɯap4
3852	ʈɯap4
3853	ʔɯap4
3854	ŋɯap4
3855	ʈʰɯap4
3856	ɦɯap4
3857	ɖɯap4
3858	ʔɯap4
3859	kɯap4
3860	ʂɯap4
3861	hɯap4
3862	ŋɨep4
3863	hɨep4
3864	kʰɨep4
3865	kɨep4
3866	ʔɨep4
3867	jiep4
3868	ɡɨep4
3869	bvuɐp4
3870	pfuɐp4
3871	pfʰuɐp4
3872	kʰɨep4
3873	ɳɨep4
3874	ʈʰɨep4
