#漢字	音標	解釋#('hak_whhb', '五華橫陂客家話', '五華橫陂', '#8B0000', None, None, '來源：魏宇文《五華方言同音字彙》，<u>阿纓</u>提供，<u>osfans</u>校對', '44 1 1a 陰平 ꜀,13 2 1b 陽平 ꜁,31 3 2 上 ꜂,,53 5 3 去 ꜄,,1 7 4a 陰入 ꜆,5 8 4b 陽入 ꜇', None, None)
□	piau1	跳
□	tem1	～～mil，悄悄的
□	tsʰem1	～衫，將上衣束進褲腰
□	ŋam1	～頭，碰頭
□	lam1	炭～裝炭的竹筐
□	au1	～人，冤枉人
□	pak8	～煙，抽煙
□	pʰuk8	～人，捉迷藏
□	tat8	～人，騙人
□	tʰep8	撳～，撳結實
□	kat8	～咸，太咸
□	kʰak8	～人，掐人
□	tsiak8	打～，與小子玩的一種游戲
□	sep8	～等來，蓋好
□	et8	～tuk7，飽嗝
□	tat7	～粉，米粉
□	tʰak7	～東西，綁東西
□	kiuk7	～豬，趕
□	fak7	～手～脚，手足舞蹈
□	vak7	～東西，用竹竿勾取東西
□	tsak7	～死人，砸死人
□	tsʰiuk7	～人，刺傷人
□	sak7	瓦～，瓦礫
□	mak7	～地豆，剥花生
□	nak7	～倒腰，扭傷了腰
□	ŋiap7	～衫袖，卷衣袖
□	lok7	～食，乞討
□	iok7	～奶，小子嘔乳
□	poi3	～倒脚，扭傷脚
□	pʰuŋ3	～～i1知。稍爲知道一點
□	tem3	～脚，跺
□	kem3	目～～，眼皮低垂，無精打採
□	kʰan3	～大肚，懷孕
□	faŋ3	～ta，喻做事不穩當
□	vo3	～你去，叫你去
□	tsan3	舒服
□	tsʰeu3	～水，加水
□	ʂaŋ3	～人，在别人面前炫耀
□	nem3	～水，淫雨
□	ŋien3	～脚，治脚扭傷
□	oŋ3	～人，擋人
□	pai2	～脚
□	toŋ2	～～tintin，掛著的東西擺來擺去
□	kem2	～蓋，蓋蓋子
□	kʰiau2	～人，小子纏人
□	fun2	頭～，頭暈
□	tsiau2	阿～li孩的别稱
□	tsʰoi2	～人，打人
□	sai2	肚～，油水少
□	hoi2	頭皮～，頭皮癢
□	mau2	無
□	naŋ2	脚～a1，小腿
□	ŋau2	～嘴，歪嘴
□	piaŋ5	藏
□	tem5	笨
□	tʰen5	～手，幫忙
□	kʰeu5	叩～頭
□	fun5	～手，甩手
□	vun5	～牛，把牛關在牛棚
□	tsaŋ5	～力，用力
□	tsʰan5	～頭，調皮
□	tʂen5	～你；打你
□	tʂʰim5	～水，打水
□	heu5	～桌，拼，套
□	maŋ5	～i3，一種浮在水面的小生物，或供雞，鴨，金魚等吃
□	naŋ5	～倒人，踩到人
□	ŋam5	山～下；山脚
□	laŋ5	光滑，好
□	piaŋ1	～東西，摔東西
□	piaŋ1	揍
□	pu1	下來，蹲下
□	pʰaŋ1	～氣球，吹氣球
□	tiam1	提
□	tiam1	慢
□	tin1	～～nil轉，轉來轉去
□	ki1	茶～
□	kiu1	～正
□	fan1	幾～
□	tsʰiam1	～豬，殺豬
□	tsʰin1	～密
□	sem1	人～
□	hiam1	尿～，尿味
□	hio1	巴掌～，打巴掌
□	ho1	～～kaplkapl，狼吞虎咽
□	ŋa1	～東西，我的東西
□	ŋio1	～皺，揉皺
□	lan1	～丫，一種小孩用的圍頸布
□	lau1	～糠飯，拌
□	lin1	～～tsʰin tsʰin，趔趄
□	io1	～，肚皮大
□	oi1	爺～，父母
□	pat8	用布類拍打
□	pok8	～丸，錘肉丸
□	ket8	～～tiau5，說個不停
□	kit8	～～tiau5，冷得打抖
□	kʰat8	～倒脚，夾傷了脚
□	kʰet8	～羹，煮米糊
□	tsip8	～ti3ti1，喝一點
□	tsʰut8	～净來，抹干净
□	sok8	～脆：很脆
□	sot8	唔～，不理你
□	ʂit8	月～
□	tok7	～等來，等著接東西
□	tuk7	～目睡，打瞌睡
□	fit7	～東西，扔
□	tsep7	一～米，一把米
□	tsʰot7	～人，騙人
□	siap7	～桌，墊
□	tʂit7	～有
□	mut7	腐爛
□	nat7	～人，燙人
□	ŋiap7	車胎～，車胎没氣
□	ŋiap7	～酒
□	ŋok7	不好，差勁
□	lut7	～褲，脱褲
□	toi3	～錢，較大數量的錢
□	kiam3	～東西
□	kʰiaŋ3	～錢，省錢
□	kʰoi3	肚～，肚子餓
□	tsia3	～婆，姥姥
□	tsui3	雞～食，啄食
□	tsʰoi3	好～，好運
□	ʂoŋ3	～燈
□	noŋ3	～et7ti5，浪費
□	ŋioŋ3	～豆腐
□	tin2	～～tintin，水、油等往下滴
□	ku2	～脈個，說什么，貶義
□	siu2	脚～，酸疼
□	ʂam2	～宗
□	men2	爛了
□	mioŋ2	～i1，芒草
□	nem2	軟熱
□	neu2	粥～；粥稠
□	nuŋ2	～～i1行，喻小孩學走路的樣子
□	pʰiau5	～洗
□	ton5	階梯的級
□	toŋ5	～唔得，比不上
□	tun5	針～倒人，針刺傷人
□	tin5	tin2tin2～～
□	kʰe5	～哥，情人，貶義
□	tsiaŋ5	倒
□	tson5	～石
□	tʂon5	倒塌
□	ŋa5	牙牙～～，小孩哭聲，吵鬧聲
□	ŋoŋ5	～牯，傻子
□	len5	～磚，做泥磚的一道工序
□	leu5	～雞，叫雞吃食
□	liam5	量詞
□	lon5	雞～，小母雞
㩳	səŋ3	推
钁	kiok7	～頭，鋤頭
一	it7	
一	kau5	～目
丁	taŋ1	
七	tsʰit7	
丈	tʂʰoŋ3	
三	sam1	
上	ʂoŋ1	～山
上	ʂoŋ3	～背，上面
下	ha1	底～
下	ha3	～降
不	put7	
丐	koi5	乞～
且	tsʰia3	
世	ʂi5	
丘	ʂiu1	
丙	piaŋ3	
丞	ʂin2	
丟	tiu1	
並	pun5	
丫	a1	
中	tʂuŋ1	
中	tʂuŋ5	射～
串	tʂʰon5	
丸	ien2	肉～
主	tʂu3	
乃	nai1	
久	kiu3	
么	iau1	～二三
之	tʂi1	
乍	tsa5	
乎	fu2	
乏	fat8	
乖	kai1	
乘	ʂin5	
乙	iet7	
九	kiu3	
乞	net7	～討
也	ia1	
乳	i1	豆腐～
亂	lon3	
了	liau3	
事	sɿ3	
亍	tsʰok7	彳～，散步
互	fu1	
五	ŋ3	
井	tsiaŋ3	
些	sia1	
亞	a1	～洲
交	kau1	
亥	hoi3	
亦	it8	
亨	haŋ1	
亨	ʂu3	
享	ʂoŋ3	
京	kin1	
亭	tʰin2	
亮	lioŋ5	
人	ŋin2	
仁	in2	
仇	kʰiu2	姓
仇	tsʰiu2	
今	kin1	
介	kai5	
仍	in2	
他	tʰa1	
仗	tʂoŋ5	
付	fu5	
仙	sen1	
代	tʰoi3	
令	lin3	
以	i1	
仰	ŋioŋ3	～慕
仲	uŋ3	
件	kʰen3	
任	ŋim3	姓；責～
份	fun3	
伊	i2	
伍	ŋ3	
伏	fuk8	
伐	fat8	
休	ʂiu1	
伢	ŋa2	
伯	pak7	
估	kʰu1	～計
伴	pʰan3	
伶	lin2	
伸	ʂin1	
似	sɿ3	
佃	tʰen3	
但	tan5	
位	vi3	
低	tai1	
住	tʂʰu3	
佐	tso3	
佑	iu3	
何	ho2	
余	i2	
佛	fut8	
作	tsok7	
佞	ŋin5	
你	ni1	
佢	ki2	他
佩	pʰi5	
佰	pak7	
佳	ka1	
使	sɿ3	
來	loi2	
侈	tʂʰi1	奢～
侉	kʰa1	
例	li3	
侖	lun2	
供	kiuŋ1	～給
供	kiuŋ5	～人，生小孩
依	i1	
侮	vu1	
侯	heu2	
侵	tsʰim1	
便	pʰen1	～宜
便	pʰen3	大～
便	pʰen5	方～
促	tsʰək7	
俄	ŋo1	
俅	kʰiu2	
俊	tsun3	
俏	tsʰiau5	
俑	iuŋ3	
俗	siuk8	風～
俘	fu1	
保	pau3	
信	sin5	
修	siu1	
俸	fuŋ3	
俾	pi1	
倉	tsʰoŋ1	
個	kʰi1	
倍	pʰi3	
倒	tau3	顛～；水
倔	kʰiuk7	～强
候	heu3	
借	tsia5	
倡	tʂʰoŋ5	～議
倦	kʰen3	
倪	ŋi2	
倫	lun2	
倭	vo1	
值	tʂʰit8	
假	ka3	真～；～期
偉	vi3	
偏	pʰen1	
做	tso5	
停	tʰin2	
健	kʰen3	
側	tset7	
偵	tʂin1	
偶	neu3	配～；～然
偷	tʰeu1	
傀	kui3	
傅	fu5	
傍	pʰoŋ2	
傑	kʰet8	
傘	san3	文
備	pʰi3	
催	tsʰi1	
傭	iuŋ3	
傲	ŋau3	
傳	tʂʰon3	～記
傳	tʂʰon2	
債	tsai5	
傻	so2	
傾	kʰin1	
僅	kiun3	
像	sioŋ3	文
像	tsʰioŋ5	白
僑	kʰiau2	
僕	pʰuk7	～倒
僞	ŋui3	
僥	hiau1	
僧	tsen1	
僵	kioŋ1	
僻	pʰut7	
儀	ŋi2	
儂	nuŋ1	
億	i5	
儉	kʰiam3	
儒	i2	
償	ʂoŋ2	
儡	lui3	
優	iu2	
儲	ʂu2	～蓄
儼	ŋiam3	～然
兀	fut7	
允	iun1	～許
元	ŋien2	
兄	hiuŋ1	
充	tʂʰuŋ1	
兆	tʂʰau3	
先	sen1	
光	koŋ1	
克	kʰet7	
兌	tʰui3	～换
免	men1	
兒	i2	
兔	tʰu5	
兜	teu1	
入	ŋip8	
內	nui5	
全	tsʰen2	
兩	lioŋ1	斤～
兩	lioŋ3	～只
八	pat7	
公	kuŋ1	
六	liuk7	
共	kʰiuŋ3	
兵	pun1	
其	kʰi2	
具	kʰi5	
典	ten3	
兼	kiam1	
冇	pʰaŋ5	～話，大話
冉	ŋiam3	
冊	tsʰak7	
再	tsai5	
冒	mau3	
冠	kon1	
冠	kon5	～軍
冤	ien1	
冬	tuŋ1	
冰	pen1	
冷	laŋ1	
准	tʂun3	
凍	tuŋ5	
凝	ŋin2	～固
凡	fam2	
凱	kʰai3	
凳	ten5	
凶	hiuŋ1	
函	ham2	
刀	tau1	
刁	tiau1	
刃	ŋiun3	
分	fun1	～開
切	tsʰet7	
刈	i5	
刊	kʰan1	
刎	fut8	
刑	ʂin2	
列	let8	
初	tsʰo1	
判	pʰan5	
別	pʰet8	
刨	pʰau2	
刨	pʰau5	
利	li3	
刪	san1	
刮	kat7	
到	tau5	
制	tʂi5	
刷	sot7	
券	kʰen5	
刻	kʰet7	
剃	tʰai5	
則	tset7	
削	siok7	
前	tsʰen2	
剔	tʰit7	
剖	pʰeu3	
剛	koŋ1	
剜	van1	
剝	pok7	
剩	ʂin5	
剪	tsen3	
剮	ka3	刀～
副	fu5	
割	kot7	
創	tsʰoŋ3	
剿	tsiau3	
劃	vak8	
劄	tsat7	
劇	kʰiak7	戲～
劈	pʰiak7	
劉	liu2	
劊	kʰai5	
劍	kiam5	
劑	tsi5	
力	lit8	
功	kuŋ1	
加	ka1	
劣	lot7	
助	tsʰɿ3	
努	nu3	
劫	kiap7	搶～
勁	kin5	
勃	pʰut8	
勇	iuŋ3	
勉	men1	
勒	let8	
動	tʰuŋ3	
勘	kʰam5	
務	vu5	
勛	hiun1	
勝	ʂin5	
勞	lau2	
募	mu5	
勢	ʂi5	
勤	kʰin2	
勵	li3	
勸	kʰen3	
勺	ʂok8	～嬷，勺子
勻	iun2	
勾	keu1	～當
勿	fut8	
包	pau1	
匆	tsəŋ5	
化	fa5	
北	pet7	
匙	tʂʰi2	
匠	sioŋ3	
匡	kʰioŋ1	
匪	fi1	
匯	fi3	
匹	pʰut7	
匾	pen3	
匿	nok7	～名信
區	kʰi1	～域
十	ʂip8	
千	tsʰen1	
升	ʂin1	
午	ŋ3	
半	pan5	
卑	pi1	
卒	tsut7	
卓	tsok7	
協	hiap7	
南	nam2	
博	pok7	
占	tʂiam1	～卜
占	tʂam5	
卡	kʰa3	～片
卦	ka5	
卯	mau1	
印	in5	
危	ŋui2	
即	tsit7	
卵	lon3	
卷	ken3	
卻	kʰiok7	
卿	kʰim1	
厄	ak7	
厘	li2	
厚	heu3	
原	ŋien2	
厥	kʰet7	
厭	iam5	
厰	tʂʰoŋ3	
厲	li3	
去	hi5	
參	tsʰam1	～差；一加
參	sam1	
又	iu5	
叉	tsʰa1	
及	kʰip8	
友	iu1	
反	fan3	
叔	ʂuk7	
取	tsʰi3	
受	ʂu3	
叛	pan3	
叟	seu1	
叢	tsʰəŋ2	
口	kʰeu3	
古	ku3	
句	ki5	
另	laŋ3	～tsʰI另外
叨	tau1	嘮～
只	tʂak7	
叫	kiau5	
召	tʂʰau5	
可	kʰo3	
史	sɿ3	
右	iu5	
司	sɿ1	
各	kok7	
各	tsit7	
吆	iau1	～喝
合	hap8	結～
合	kap7	～水，地名；一～米
吉	kit7	
吊	tiau5	
同	tʰuŋ2	
名	miaŋ2	
吐	tʰu5	
向	ʂoŋ5	
君	kiun1	
吝	net7	～嗇
吞	tʰun1	
吟	ŋin2	
吠	pʰoi5	
否	feu3	
含	ham2	
吳	ŋ2	
吵	tsʰau2	
吸	kip7	
吹	tʂʰui1	
吾	ŋ2	
呂	li1	
呆	tai1	文
呆	ŋoi2	白
告	kau5	
周	tsiu1	
味	mi3	
呼	fu1	
命	miaŋ3	
和	fo2	
咎	kiu5	
咒	tsiu5	
咨	tsɿ1	
咬	ŋau1	
咳	kʰet7	
咽	ien5	
哀	oi1	
品	pʰun3	
員	ien2	
哥	ko1	
哪	na3	
哭	kʰuk7	
哲	tʂet7	
哽	kaŋ3	
唆	so1	啰～
唇	ʂun2	
唐	tʰoŋ2	
唔	m2	
唚	sim5	
售	tsʰiu2	
唯	vi2	
唱	tʂʰoŋ5	
唾	tʰo3	
啄	tuk7	～木鳥
商	ʂoŋ1	
問	mun5	
啓	kʰi5	
啞	a3	聾～
啼	tʰai2	
善	hien5	
喉	heu2	
喊	hem1	叫喊
喘	tʂʰon3	
喚	fon3	
喜	hi3	
喝	kot7	～採
喧	sen1	
喪	soŋ1	～事
喪	soŋ3	～失
喬	kʰiau2	
單	tan1	～獨
單	hien5	姓
喲	io1	
喻	i3	
嗅	ʂiu5	～覺
嗇	set7	吝～
嗓	soŋ1	
嗲	tia3	～嬷，騷首弄姿的女孩
嗽	seu5	
嘉	ka1	
嘔	eu3	
嘗	ʂoŋ2	
嘡	tʰoŋ2	
嘬	tsot8	～田螺
嘮	lau2	
嘴	tʂoi5	
噎	it7	
噓	hi1	
器	hi5	
噴	pʰun5	～水
噸	tun1	
嚇	hak7	恐～
嚴	ŋiam2	
嚷	ioŋ3	
嚼	tsiok7	
囂	hiau1	～張
囊	noŋ2	
囑	tʂuk7	
囚	tsʰiu2	
四	si5	
回	fi2	
因	in1	
囤	tʰun3	
囥	kʰoŋ5	
困	kʰun5	
固	ku5	
圈	kʰen1	
國	ket7	
圍	vi2	
園	ien2	
圓	ien2	
圖	tʰu2	
團	tʰon2	
土	tʰu3	
在	tsʰai3	
圭	kui1	
地	tʰi3	
圳	tʂun5	深～，地名
均	kiun1	
坍	tan1	
坎	kʰam3	
坐	tsʰo1	
坑	haŋ1	
坡	pʰo1	
坤	kʰun1	乾～
坦	tʰan3	
坪	pʰiaŋ2	
坳	au5	山～
垂	ʂui2	
型	ʂin2	
埃	ai1	～及
埋	mai2	
城	ʂaŋ1	
域	vet7	
埠	feu3	
執	tʂip7	
培	pʰi2	
基	ki1	
堂	tʰoŋ2	
堅	ken1	
堅	ʂin5	
堆	toi1	
堡	pau3	
堤	tʰi2	
堪	kʰam1	
堯	ŋiau2	
堰	ien5	
報	pau5	
場	tʂʰoŋ2	
堵	tu3	
堿	kiam3	
塊	kʰai5	
塋	in2	
塑	sok7	
塔	tʰap7	
塗	tʰu2	
塘	tʰoŋ2	
塚	tʂuŋ3	
塞	set7	
塢	vu1	
填	tʰen2	
塵	tʂʰin2	
境	kin5	
墊	tiam5	
墓	mu5	
墜	tʂui5	
墟	hi1	赴～
墨	met8	
墩	tun1	泥～
墳	fun2	
墾	kʰen3	
壁	piak7	
壅	iuŋ1	
壇	tʰan2	
壓	ap7	
壕	hau2	
壘	lui3	
壞	fai5	
壟	liuŋ1	地～
壢	lak7	圳～，水渠
壤	ioŋ3	土～
壩	pa5	三河～，地名
士	sɿ3	
壬	ŋim3	
壯	tsoŋ5	
壹	it7	
壺	fu2	
壽	ʂu5	
夏	ha3	
夕	sit8	
外	ŋoi5	
多	to1	
夜	ia5	
夠	keu5	
夢	muŋ3	
夥	fo3	
大	tʰai3	
天	tʰen1	
太	tʰai5	
夫	fu1	
央	ioŋ1	
失	ʂit7	
夷	i2	
夾	kiap8	
奇	kʰi2	
奈	nai5	
奉	fuŋ3	
奎	kʰui2	
奏	tsʰeu5	
契	kʰe5	～約
奔	pun1	
套	tʰau5	
奠	tʰen3	
奢	tʂʰa1	
奪	tʰot8	
奮	fun3	
女	ŋi3	
奴	nu1	
奶	nai1	
奶	nen5	白
奸	kan1	
好	hau3	～壞
好	hau5	喜～
如	i2	
妃	fi1	
妄	moŋ3	
妊	ŋim3	～娠
妒	tu5	
妖	iau1	
妙	miau3	
妥	tʰo3	
妨	foŋ2	
妹	moi5	
妻	tsʰi1	
妾	tsʰiap7	
姊	tsi3	
始	tʂʰi3	
姑	ku1	
姓	siaŋ5	
委	vi1	
姘	pʰun1	～居
姚	iau2	
姥	lau3	
姨	i2	
姪	tʂʰit8	
姻	in1	
姿	tsɿ1	
威	vi1	
娘	ŋioŋ2	
娜	na3	
娟	ken1	
娠	ʂin2	
娣	tʰai1	人名
娥	ŋo2	
娩	men1	分～
娶	tsʰi3	
娼	tʂʰoŋ1	
婆	pʰo2	
婚	fun1	
婢	pi1	
婿	se5	～郎，女婿
媒	moi2	
媚	mi2	
媳	sit7	
媽	ma1	
嫁	ka5	
嫂	sau3	
嫌	hiam2	
嫖	pʰiau2	～賭
嫡	tit7	
嫩	nun3	
嫻	han2	
嬌	kiau1	
嬰	in1	
嬲	liau5	坐～
嬸	ʂim3	
孀	soŋ1	
子	tsɿ3	
孔	kʰuŋ3	
孕	in3	
字	sɿ3	
存	tsʰun2	
孝	hau5	
季	kui5	～節
孤	ku1	
孩	hai2	
孫	sin1	
孵	pʰu3	
學	hok8	
孽	ŋiap8	
宅	tsʰet8	
宇	i1	
安	on1	
宋	səŋ5	
完	van2	
宏	fen2	
宗	tsəŋ1	
官	kon1	
官	ʂu3	
宙	tsʰiu5	
定	tʰin3	
客	kʰak7	～氣
宣	sen1	
室	ʂit7	
宦	fon3	
宮	kiuŋ1	
宰	tsai3	
害	hoi3	
宴	ien5	
宵	siau1	
家	ka1	
容	iuŋ2	
宿	siuk7	～舍
寂	siuk7	
寄	ki5	
密	met8	
寇	kʰeu5	
富	fu5	
寐	mi3	
寒	hon2	
寬	kʰon1	
察	tsʰat7	
寡	ka3	
寢	tsʰim3	
寥	liau3	
實	ʂit8	
寧	nen2	～可
寨	tsʰai3	
審	ʂim3	
寫	sia3	
寮	liau2	
寵	uŋ3	
寶	pau3	
寸	tsʰun5	
封	fuŋ1	
射	ʂa3	
將	tsioŋ1	～軍
將	tsioŋ5	大～
專	tʂon1	
尊	tsun1	
尋	tsʰim2	
對	tui5	
導	tʰau5	
小	siau3	
少	ʂau3	多～
少	ʂau5	～年
尖	tsiam1	
尚	ʂoŋ5	
尤	iu2	
就	tsʰiu3	
尷	kam1	～尬
尷	kai5	尬～
尹	in2	
尼	ni2	
尾	mi1	
尿	ŋiau5	
局	kʰiuk8	
屁	pʰi5	
居	ki1	
屆	kai5	
屈	kʰiuk7	
屋	vuk7	
屍	ʂi1	
屎	ʂi3	
屏	pʰun2	
屐	kʰiak8	木～
屑	set7	木～
展	tsen3	
屠	tʰu2	
屢	lui1	
層	tsʰen2	
履	li3	
屬	ʂuk8	
屯	tʰun2	
山	san1	
岐	kʰi1	～嶺，地名
岑	tsʰem2	
岔	tsʰa1	
岡	koŋ1	
岸	ŋam3	
峯	fuŋ1	
島	tau3	
峻	tsun3	
峽	hiap7	
崇	tsʰəŋ2	
崑	kʰun1	
崗	koŋ1	
崘	lun2	
崩	pen1	
嵌	kʰiam2	
嵩	suŋ1	
嶺	liaŋ1	～崗
嶽	ŋok8	
巍	ŋui2	
巖	ŋam2	
川	tʂʰon1	
州	tsiu1	
巡	sun2	
巢	tsʰau2	
工	kuŋ1	
左	tso3	
巧	kʰau3	
巨	kʰi1	
巫	mu2	
差	tsʰai1	出～
已	ki3	
巳	sɿ3	
巴	pa1	
巷	hoŋ3	
巾	kin1	
布	pu5	
帆	fam2	
希	hi1	
帕	pʰa5	
帚	tsiu3	
帛	pok7	
帝	ti5	
帥	sai5	
師	sɿ1	
帳	tʂoŋ5	
帶	tai5	
常	ʂoŋ2	
帽	mau3	
幅	fuk7	
幔	man3	
幕	mu5	
幣	pi5	
幫	poŋ1	
干	kon1	
干	kʰen2	～坤
干	kon5	～部
平	pʰun2	
年	ŋien2	
幸	hen3	
幻	fam5	
幼	iu3	
幽	iu1	
幾	ki1	～乎
幾	ki3	～個
牀	tsʰoŋ2	
序	si3	
底	tai3	
店	tiam5	
庚	kaŋ1	
府	fu3	
度	tʰu3	
座	tsʰo3	
庫	kʰu5	
庭	tʰin2	
庵	am1	
庶	ʂu5	
康	kʰoŋ1	
庸	iuŋ2	
廂	sioŋ1	
廈	ha3	～門
廉	liam2	
廊	loŋ2	
廓	kok7	
廖	liau3	
廚	tʂʰu2	
廢	fi5	
廣	koŋ3	
廳	tʰiaŋ1	
延	ien2	
建	ken5	
弄	luŋ3	
弊	pi5	
式	ʂit7	
弓	kiuŋ1	
引	in3	
弘	fen2	
弟	tʰai1	白
弟	tʰi3	
弦	hien2	
弱	ŋiok8	
張	tʂoŋ1	
強	kioŋ3	勉～
強	kʰioŋ3	加～
強	ʂun2	
弼	pʰet7	
彈	tʰan2	～琴
彎	van1	
形	ʂin2	
彩	tsʰai3	
彪	pʰiau1	
彬	pun1	
彭	pʰaŋ2	
彰	tʂoŋ1	
影	iaŋ3	
彳	tsʰit7	～亍，散步
彷	foŋ3	
彼	pi3	
彿	fut7	
往	voŋ1	
征	tʂin1	
待	tʰoi3	
很	hen1	
律	lut8	
後	heu3	
徐	tsʰi2	
徑	kaŋ5	
徒	tʰu2	
得	tet7	
從	tsəŋ5	～容
復	fuk7	～雜
循	sun2	
微	fi1	
微	mi2	
德	tet7	
心	sim1	
必	put7	
忌	kʰi5	
忍	ŋiun1	
忒	tʰet7	～好，太好
忘	moŋ2	
忙	moŋ2	
忠	tʂuŋ1	
快	kʰai5	
念	ŋiam3	
忽	fut7	
忿	fun3	
怒	nu3	
怕	pʰa5	
怖	pu5	
思	sɿ1	
怠	tʰoi3	
急	kip7	
性	siaŋ5	發～，發脾氣
怨	ien5	
怪	kai5	
怯	kʰiap7	
恐	kʰiuŋ3	
恆	hen2	
恕	ʂu5	
恢	hoi1	
恤	sit7	
恥	tʂʰi3	
恨	hen3	
恩	en1	
恭	kiuŋ1	
息	sit7	
恰	kʰiap7	
悅	iet8	
悉	sit7	
悍	ʂun2	
悔	fi3	
悟	ŋu5	
悠	iu1	
患	fam3	
悲	pi1	
悶	mun3	
情	tsʰin2	
惑	fet8	
惜	sit7	
惟	vi2	
惠	fi3	
惡	ok7	病况～
惡	vu5	可～
惰	tʰo5	
惱	nau1	得人～，令人討厭
惱	nau3	
想	sioŋ3	
惹	ŋia1	
愁	seu2	
愉	i3	
意	i5	
愐	men3	想
愚	ŋi2	
愛	oi5	
感	kam3	
愧	kʰui5	
慈	tsʰɿ2	
慌	foŋ1	
慎	ʂim3	
慕	mu5	
慘	tsʰam3	
慚	tsʰam3	
慢	man3	
慣	kan5	
慧	fi3	
慨	kʰai3	
慪	eu5	～氣
慫	tsiuŋ3	～恿
慮	li3	
慰	vi3	
慶	kʰin5	
慷	kʰoŋ3	
憂	iu1	
憋	pet7	
憎	tsen1	
憐	lin2	
憑	pʰuŋ2	
憑	pen5	靠
憤	fun3	
憨	ham1	
憫	men1	
憲	hien5	
憶	i5	
憾	ham5	遺～喊
懂	tuŋ3	
懇	kʰen3	
懈	hai3	
應	in1	～當
應	in5	～付
懊	au5	～惱
懦	no5	～弱
懲	tʂin3	
懵	muŋ3	～懂
懶	nan1	
懷	fai2	
懸	hien2	
懼	kʰi5	
戀	len3	
戈	kʰo1	
戊	vu3	
戌	sut7	
戎	iuŋ2	
成	tʂʰin2	
我	ŋo1	
戒	kai5	
或	fet8	
戚	tsʰit7	
戟	kit7	
截	tsʰet8	
戰	tʂen5	
戲	hi5	
戳	tsʰok8	郵～
戴	tai5	
戶	fu1	～檻
戶	fu3	一～人家
戽	fu5	～水
房	foŋ2	
所	so3	
扁	pen3	
扇	hien5	
扉	fi1	
手	ʂu3	
才	tsʰai2	
扒	pʰa1	
打	ta3	
扔	in1	
托	tʰok7	
扣	kʰeu5	
扭	ŋiu3	～轉
扮	pʰan3	
扯	tʂʰa3	～布
扶	pʰu2	
批	pʰi1	
扼	ak7	
扽	tun3	
找	koŋ1	
找	tsau3	
承	ʂin2	
技	kʰi1	
抄	tsʰau1	
把	pa3	
抑	it7	～制
抓	tsa1	
抓	tsau3	～牙
投	tʰeu2	
抖	teu3	
抗	kʰoŋ5	
折	tsap7	～疊
折	tʂet7	～斷
披	pʰi1	
抬	tʰoi2	
抱	pʰau3	
抵	ti3	
抹	mat7	～布
押	ap7	
抽	tsʰiu1	
拆	tsʰak7	～開
拇	mu1	
拈	ŋiam1	～起來，揀，
拋	pʰau1	
拌	pʰan3	
拍	pʰok7	
拐	kai3	～杖
拒	kʰi1	
拓	tʰok7	
拔	pʰat8	
拔	pat7	
拖	tʰo1	
拗	au3	～龍眼，摘
拘	ki1	
拙	tʂot7	
招	tʂau1	
拜	pai5	
括	kat7	包～
拯	tʂin3	～救
拱	kiuŋ3	～橋
拳	kʰen2	
拷	kʰau1	
拼	pʰun1	～命；～音
拾	ʂip8	
拿	na1	
持	tʂʰi2	
指	tʂi3	
按	on5	
挑	tʰiau1	
挖	va1	文
挖	vet7	白
挨	ai1	～打
挪	na2	～用
挫	tsʰo2	
振	tʂin3	
挺	tʰin3	
挽	van1	
挾	kʰiap8	～菜
捅	tʰuŋ3	
捆	kʰun3	
捉	tsək7	
捋	lot8	～衫袖
捎	sau1	
捏	net7	白
捐	ken1	
捕	pʰu3	
捧	puŋ3	
捷	tsʰiap8	
捺	nai5	
掀	hien1	
掂	tiam1	
掃	sau5	～地
掇	tot7	～東西，提，拿
授	ʂu3	
掉	tiau5	
掌	tʂoŋ3	
掏	tʰau2	
排	pʰai2	
掘	kʰiuk7	
掛	ka5	
掠	liok8	
探	tʰam5	偵～
接	tsiap7	
控	kʰuŋ5	
推	tʰui1	
掩	iam3	
措	tsʰɿ5	
掮	ken1	
揀	kan3	
揇	nam3	抱
揉	iu2	
描	miau1	
提	tʰi2	
插	tsʰap7	
揚	ioŋ2	
換	fon3	
揞	em1	用手覆蓋
握	vok7	
揩	kʰai3	
揪	tsʰiu1	
揭	ket7	
揮	fi1	
援	ien1	
損	sun3	
搓	tsʰai1	～衫，揉洗衣服
搖	iau2	
搛	kiam1	
搜	sau1	
搞	kau3	
搡	soŋ1	
搧	hien5	
搨	tʰap8	
搬	pan1	
搭	tap7	
搶	tsʰioŋ3	
搽	tsʰa2	
摔	soi1	
摘	tsak7	
摟	leu3	
摩	mo2	
摳	kʰeu1	
摸	mo1	
摹	mo2	
撇	pʰet7	～開
撈	lau2	
撍	tsem3	～印，蓋印
撐	tsʰaŋ3	吃得太飽
撐	tsʰaŋ5	～船
撒	sa3	
撓	ŋiau2	
撕	sɿ1	
撙	tsun1	
撞	tsʰoŋ3	
撣	tʰan3	
撩	liau1	～起來
撫	vu3	
播	po5	
撮	tsot7	一～米，小堆
撰	tsʰon5	～寫
撲	pʰok7	
撳	kʰim5	
撼	ham3	
擀	kon3	
擁	iuŋ3	
擇	tʰok8	～菜
擇	tsʰet8	
擊	kit7	
擋	toŋ3	阻～
操	tsʰau1	～作
擎	kʰiaŋ2	
擒	kʰim2	
擔	tam1	～任，～挑擔
擔	tam3	
據	ki3	
擠	tsi1	
擦	tsʰat7	
擬	ni3	
擱	kok7	
擴	kʰok7	～大
擺	pai3	
擾	iau1	～亂
攀	pʰan1	
攋	lai3	
攏	luŋ1	
攔	lan2	
攘	ioŋ3	
攙	tsʰam1	
攝	ŋiap7	～影
攤	tʰan1	
攬	lam3	
支	tʂi1	
改	koi3	
攻	kuŋ1	
放	foŋ5	
放	hoŋ5	～床，起床
政	tʂin5	
故	ku5	
效	hau3	～果
敏	men1	
救	kʰiu2	
救	kiu5	
敗	pʰai3	
敘	si3	
教	kau1	～書
教	kau5	～育
敞	tʂʰoŋ3	
敢	kam3	
散	san3	～文
散	san5	分文～
敦	tun1	～厚
敨	tʰeu3	～氣，喘氣
敬	kin5	
敲	kʰau1	
整	tʂaŋ3	～東西，修東西
敵	tʰit8	
敷	pʰu1	
數	sɿ5	
斂	liam3	
斃	pi5	
文	vun2	
斑	pan1	
料	liau3	～li，料子
料	liau5	材～
斜	sia2	
斟	tʂim1	
斤	kin1	
斧	pu3	
斫	tok8	～豬肉
斬	tsam3	
斯	sɿ1	
新	sin1	
斷	tʰon1	白
斷	ton5	～絶
方	foŋ1	
於	i1	
施	ʂi1	
旁	pʰoŋ2	
旅	li3	
旋	sen2	
族	tsʰək8	
旗	kʰi2	
既	ki5	
日	ŋit7	
旦	tan5	
旨	tʂi3	
早	tsau3	
旬	sun2	
旱	hon1	
旺	voŋ3	
昂	ŋoŋ1	
昆	kʰun1	
昌	tʂʰoŋ1	
明	mun1	
昏	fun1	
易	it8	交～
易	i5	難～
昔	sit7	
星	sin1	
映	iaŋ3	
春	tʂʰun1	
昧	mi3	
昨	tsʰok8	
昭	tʂau1	
時	ʂi2	
晃	foŋ3	
晉	tsin3	～升
晌	ʂoŋ3	
晏	ien5	
晚	van1	
晝	tsiu5	
晦	fi3	
晨	ʂin2	
普	pʰu1	
景	kin3	
晴	tsʰiaŋ1	
晴	tsʰiaŋ2	
晶	tsin1	
智	tʂi5	
暇	ha2	
暑	tʂʰu3	
暖	non1	
暗	am5	
暢	tʂʰoŋ3	
暫	tsʰiam3	
暴	pʰau3	
曆	lit8	～史
曉	hiau3	～得，會
曛	hiun1	
曝	puk7	
曠	kʰoŋ5	
曬	sai5	
曰	iet8	
曲	kʰiuk7	
更	kaŋ1	五～天
更	ken3	～加
書	ʂu1	
曹	tsʰau2	
曾	tsen1	姓
曾	tsʰen2	～經
替	tʰi5	
最	tsui5	
會	fi3	
會	kʰai5	～計
月	ŋiet8	
有	iu1	
朋	pʰen2	
服	fuk8	
朔	sok7	
朗	loŋ3	
望	moŋ3	白
望	moŋ5	
朝	tʂau1	食～，吃早飯
朝	tʂʰau2	～代
期	kʰi2	
朦	muŋ2	
木	muk7	
未	vi3	
末	mat8	
本	pun3	
朵	to3	
朽	ʂiu3	
杆	kon1	
杈	tsʰa1	
杉	tsʰam5	～樹
杌	fut7	
李	li3	
杏	hen3	
材	tsʰoi2	
村	tsʰun1	
杖	tʂʰoŋ3	
杠	koŋ5	
杭	hoŋ1	
杯	pi1	
東	tuŋ1	
杷	pʰa2	
松	səŋ1	輕～
松	tsʰiuŋ2	～樹
板	pan1	
板	pan3	
枉	voŋ3	
枕	tʂim3	
林	lim2	
枚	moi2	
果	ko3	
枝	ki1	一～花
枝	tʂi1	
枯	kʰu1	
架	ka5	
柄	piaŋ5	
柏	pak7	
某	meu1	
柑	kam1	
柒	tsʰit7	
染	ŋiam3	
柔	iu2	
柚	iu3	
查	tsʰa2	
柩	kiu5	
柱	tʂʰu1	
柳	liu3	
柴	tsʰai2	
柵	tsʰap8	鐵～欄
柿	sɿ3	
栗	lit8	
校	kau3	～對；上～
株	tʂu1	
核	het8	～心
核	hak8	～卵，睾丸
根	ken1	
格	kak7	
栽	tsai1	
桂	kui5	
桃	tʰau2	
桃	koŋ5	
案	on5	
桉	on5	～樹
桌	tsok7	
桐	tʰuŋ2	
桑	soŋ1	
桓	fan2	
桔	kit7	
桶	tʰuŋ3	
梁	lioŋ2	
梅	moi2	
梓	tsɿ3	
梗	kaŋ3	菜～
條	tʰiau2	
梢	sau1	
梧	ŋ2	
梨	li2	
梭	so1	
梯	tʰoi1	
械	hai5	
梳	so1	
棉	men2	
棋	kʰi2	
棍	kun5	
棒	puŋ3	
棕	tsəŋ5	
棗	tsau3	
棚	pʰaŋ2	
棟	tuŋ5	
棠	tʰoŋ2	
棧	tsʰan3	
森	sem1	
棰	tʂʰui2	
棲	tsʰi1	
棵	kʰo1	
棺	kon1	
椅	i3	
植	tʂʰit8	
椏	a1	
椒	tsiau1	
椴	tʰon3	
椿	tʂʰun1	～樹
楂	tsa1	
楊	ioŋ2	
楓	fuŋ1	
楚	tsʰɿ3	
楝	len3	苦～樹
楞	lin2	
楣	mi2	
業	ŋiap8	
極	kʰit8	積～
楷	kʰai3	
概	kʰai3	
榆	i3	
榛	tʂin1	
榜	poŋ3	
榨	tsa5	～油
榫	sun3	～頭
榮	iuŋ2	
榴	liu2	
榻	tʰap7	
構	keu5	
槌	tʂʰui2	鼓～
槍	tsʰioŋ1	
槐	fai2	
槳	tsioŋ2	
槽	tsʰau2	水～
樂	lok8	
樓	leu2	
標	pʰiau1	
樟	tʂoŋ1	
模	mo2	
樣	ioŋ3	
樵	tsʰiau2	
樸	pʰok7	
樹	ʂu3	
樺	fa2	
樽	tsun1	
橋	kʰiau2	
橘	kit7	
橙	tʂʰaŋ2	
機	ki1	
橢	tʰo3	
橫	vaŋ2	～陂，地名；～直
檀	tʰan2	
檁	lin2	
檜	kʰai5	
檢	kiam3	
檳	pun1	～榔
檻	kʰiam1	白
櫃	kʰui5	
櫈	ten5	
櫓	lu1	
櫻	in1	～桃
欄	lan2	
權	kʰen2	
欛	pa5	
欠	kʰiam5	
次	tsʰɿ5	
欣	hin1	
欲	iuk8	
欺	kʰi1	
欽	kʰim1	
款	kʰan3	貨～
歇	ʂet7	
歌	ko1	
歎	tʰan5	
歐	eu1	
歡	fon1	
止	tʂi3	
正	tʂaŋ1	～月
正	tʂaŋ5	行～來
此	tsʰɿ3	
步	pʰu3	
武	vu1	
歪	vai1	
歲	soi5	
歸	kui1	
死	si3	
殃	ioŋ1	
殆	tʰoi3	
殉	sun2	
殊	ʂu2	
殕	pʰu2	生～，發霉
殖	tʂʰit8	
殘	tsʰan2	
殮	liam3	
殯	pun1	
殲	siam2	～來
段	tʰon3	
殷	in1	
殺	sat7	
殼	hok7	
殿	tʰen3	
毀	fi5	
毅	ŋi3	
毆	eu3	
母	mu1	
每	mi1	
毒	tʰuk8	
比	pi3	
毛	mau1	
毫	hau2	
毯	tʰan3	
氈	tʂen1	
氏	ʂi5	
民	mun1	
氣	hi5	
氨	on1	～水
水	ʂui3	
永	iun1	
汀	tʰin1	
汀	sioŋ1	
汁	tʂip7	
求	kʰiu2	
汆	tsʰon1	～湯，煮湯
汗	hon3	
汙	vu1	
汞	kuŋ5	
江	koŋ1	
池	tʂʰi2	
汪	voŋ1	
決	ket7	
汽	hi5	
沁	sim1	
沃	vok7	
沈	ʂim3	
沉	tʂʰim2	
沌	tun5	
沒	mut8	
沖	tʂʰuŋ1	
沙	sa1	
沛	pʰi5	
沫	mat8	泡～
河	ho2	
沸	pi5	～水，開水
油	iu2	
治	tʂʰi3	
沼	tʂau5	
沾	tʂam1	
沿	ien2	
況	kʰoŋ3	
泄	set7	～漏
泅	tsʰiu2	～水
泉	tsʰan2	
泊	pʰok7	
泌	pi5	
泔	kam1	～泔欖
法	fap7	
泛	fam5	
泡	pʰau1	三月～，一種野果
泡	pʰau5	～菜
波	po1	
泣	kʰip7	
泥	nai2	
注	tʂu5	
泰	tʰai5	
泵	paŋ1	水～
洇	ien1	
洋	ioŋ2	
洗	se3	
洛	lok8	
洞	tʰuŋ3	
津	tsin1	
洲	tsiu1	
活	fat8	
洽	kiap7	～談
派	pʰai5	
浙	tʂet7	～江
浜	paŋ1	
浩	hau1	
浪	loŋ3	
浮	feu2	
浴	iuk8	
海	hoi3	
浸	tsʰim5	
消	siau1	
涉	sap8	
涎	ien2	
涮	son5	～洗
液	it8	
涼	lioŋ2	
淆	ŋau2	
淋	lim2	～菜，澆菜
淑	ʂuk7	
淒	tsʰi1	
淘	tʰau2	～米
淚	lui3	
淡	tʰam1	咸～
淡	tʰam3	～水，地名
淨	tsʰiaŋ3	
淩	lin2	～角
淪	lun2	
淫	ŋin2	
淮	fai2	
深	tʂʰim1	
淳	ʂun2	
淵	ien1	
混	fun3	相～
淹	iam1	
淺	tsʰen3	
添	tʰiam1	
清	tsʰin1	
減	kam3	
渡	tʰu3	
渣	tsa1	
測	tsʰet7	
港	koŋ3	
港	hoŋ3	～幣
渴	hot7	
渺	miau3	
渾	fun3	～濁
湊	tsʰeu5	
湖	fu2	
湛	kʰam1	～紅，地名
湧	iuŋ3	
湯	tʰoŋ1	
溉	kʰai3	
源	ŋien2	
溜	liu1	
溜	liu2	
溝	keu1	
溪	hai1	
溫	vun1	
溺	ŋiok8	
溻	tap7	汗～濕衫褲
滂	pʰoŋ2	
滄	tsʰoŋ1	
滅	met8	
滋	tsɿ1	
滌	tʰit7	
滑	vat8	
滓	tsai3	
滔	tʰau1	
滬	fu5	
滴	tit7	
滸	fu3	水～
滾	kʰun3	
滿	man1	
漁	ŋ2	
漂	pʰiau1	
漂	pʰiau5	～亮
漏	leu3	
演	ien1	
漚	eu5	
漢	hon5	
漫	man3	
漱	seu5	
漲	tʂoŋ5	
漸	tsʰiam3	
漿	tsioŋ1	
潑	pʰat7	
潔	ket7	
潘	pʰan1	
潛	siam2	～力
潤	iun3	
潭	tʰam2	
潮	tʂʰau2	
潰	kʰui5	
潲	sau5	～水，豬食
澀	sep7	
澄	tʂʰaŋ2	
澇	lau2	
澗	kan3	
澡	tsʰau5	
澤	tsʰet8	
澳	au5	
激	kit7	
濁	tsʰək8	
濃	nuŋ1	
濕	ʂip7	
濟	tsi5	
濤	tʰau2	
濫	lam3	
濺	tsʰen3	
濾	li3	
瀉	sia5	
瀑	puk7	
瀛	iun3	
灌	kon5	
灑	sa3	
灒	tsan5	
灘	tʰan1	
灘	tsun3	
灣	van1	
火	fo3	
灰	hoi1	
灶	tsau5	
災	tsai1	
炊	tʂʰui1	
炎	iam2	
炒	tsʰau3	
炕	kʰoŋ5	
炙	tʂak7	
炙	kiu5	針～
炭	tʰan5	
炮	pʰau5	
炳	piaŋ3	
炸	tsa5	用油～；～彈
烈	let8	
烊	ioŋ2	
烏	vu1	
烤	kʰau3	
烯	ien2	
烹	pʰuŋ1	
焉	ien1	
焗	kuk8	～油
焚	fun2	
無	vu2	
焦	tsiau1	
焰	iam3	
然	ien2	
煎	tsen1	～堆，一種食品
煙	ien1	
煥	fon3	
照	tʂau5	
煨	voi1	～番薯
煩	fam1	
煩	fan2	
煮	tʂu3	
煲	pau1	
煽	hien5	
熄	sit7	
熊	iuŋ2	
熏	hiun1	
熙	hi1	
熟	ʂuk8	
熥	tʰuŋ1	
熬	ŋau2	
熱	ŋiet8	
燈	ten1	
燉	tun1	
燎	liau3	火～眉毛
燎	liau2	
燒	ʂau1	
燕	ien5	
燙	tʰoŋ3	
營	iaŋ2	
燦	tsʰan5	
燩	hok7	～炍，煎
燭	tʂuk7	
爆	pʰau5	
爐	lu2	
爛	lan3	
爬	pʰa2	
爭	tsaŋ1	
爲	vi2	作～；～什么
爵	tsiok7	
父	fu3	
爸	pa1	
爹	tia1	
爺	ia2	
爽	soŋ3	
爾	ni1	
牆	sioŋ2	
片	pʰen3	
版	pan3	
牌	pʰai2	
牒	tʰiap8	
牘	tʰuk8	
牙	ŋa2	
牛	ŋiu2	
牡	meu1	～丹
牢	lau2	
牧	muk7	
物	fut8	
牯	ku3	牛～，公牛
牲	sen1	
牸	tsʰɿ5	牛～
特	tʰit8	
牽	kʰen1	
犀	si1	
犁	lai2	
犒	kʰau5	
犢	tʰuk8	牛～
犧	hi1	
犬	kʰen3	
犯	fam3	
狀	tsʰoŋ3	
狂	kʰoŋ2	
狄	tʰit8	
狐	fu2	
狗	keu3	
狠	hen1	
狡	kau3	
狸	li2	
狹	hiap7	
狼	loŋ2	
猛	maŋ1	
猜	tsʰai1	
猝	tsut7	倉～
猴	heu2	
猶	iu2	
猾	vat8	狡～
獄	ŋiuk8	
獅	sɿ1	
獎	tsioŋ2	
獨	tʰuk8	
獯	hiun1	
獲	fet8	
獲	vok7	
獵	liap8	
獸	tsʰu5	野～
獺	tʰap7	
獻	hien5	
玄	hien2	
率	lut8	速～
率	sut7	～領
玉	ŋiuk8	
王	voŋ2	
玻	po1	
珊	san1	
珍	tʂin1	
珠	tʂu1	
班	pan1	
珺	kiun1	
現	hien3	
理	li1	
琉	liu2	
琛	tʂʰim1	
琢	tʂok7	
琨	kʰun1	
琴	kʰim2	
琶	pʰa2	
瑞	ʂui3	
瑣	so3	～碎
瑤	iau2	
瑩	in2	
璃	li2	玻～
環	fan2	
璿	sen2	
瓊	kʰiun2	
瓖	sioŋ1	
瓜	ka1	西～
瓠	fu2	
瓢	pʰiau2	
瓣	pʰan5	
瓤	noŋ2	瓜～
瓦	ŋa3	
瓶	pʰun2	
瓷	tsʰɿ2	
甌	eu1	
甕	uŋ5	
甘	kam1	
甚	ʂim3	
甜	tʰiam2	
生	saŋ1	～還
產	san3	
甥	saŋ1	外～
用	iuŋ3	
甩	sai3	
甬	iuŋ3	
田	tʰen2	
由	iu2	
甲	kap7	
申	ʂin1	
男	nam2	
界	kai5	
畏	vi3	
留	liu2	
畜	ʂuk7	～牧
畝	meu1	
畢	put7	
略	liok8	
番	pʰan1	～禺，地名
番	fan1	～薯
畫	fa3	～li，畫兒
畫	fa5	～圖
異	i3	
當	toŋ1	～時
當	toŋ5	
疆	kioŋ1	
疊	tʰiap8	
疏	so1	
疑	ŋi2	
疔	taŋ1	
疝	san1	
疤	pa1	
疥	kai5	
疲	pʰi2	
疹	tʂin1	
疼	tʰuŋ5	
疾	tsʰit8	
疿	pi5	
痂	ka1	
病	pʰiaŋ3	
症	tʂin5	
痕	hen3	
痛	tʰuŋ5	
痢	li3	
痰	tʰam2	
痳	ma2	
痹	pi1	麻～
瘊	heu2	～子
瘋	fuŋ1	
瘍	ioŋ2	潰～
瘟	vun1	
瘡	tsʰoŋ1	
瘦	seu5	
瘧	ŋiok7	～疾
瘴	tʂoŋ5	～氣
瘸	kʰio2	
療	liau2	
癡	tʂʰi1	
癢	ioŋ1	
癩	lat7	疤～
癩	lai3	
癬	sen3	牛皮～
癱	tʰan1	
癲	ten1	
癸	kʰui2	
登	ten1	
發	pot7	～炍，一種米制食品
發	fat7	
白	pʰak8	
百	pak7	
皂	tsʰau5	
的	tit7	
皆	kai1	
皇	foŋ2	
皖	von3	
皮	pʰi2	
皺	tsiu5	
皿	men1	
盅	tʂuŋ1	
盆	pʰun2	
盈	in2	
益	it7	
盒	hap8	
盔	kʰui1	
盛	ʂin3	興～
盛	tʂʰin2	～滿
盜	tʰau3	
盞	tsan3	燈～
盟	men2	
盡	tsʰin3	
監	kam1	
監	kam5	
盤	pʰan2	
盦	am3	～～僕，俯臥
盧	lu2	
目	muk7	
盲	maŋ2	
直	tʂʰit8	
相	sioŋ1	
盼	pʰan3	
盾	tʰun3	
省	sen3	反～；節～
眉	mi2	
看	kʰon5	～見
真	tʂin1	
眠	mun1	～床
眨	pen3	～眼
眩	hien2	
眶	kʰioŋ1	
眷	kʰen3	
眼	ŋan3	
睏	kʰun5	
睛	tsin1	
睜	tsaŋ1	
睡	ʂoi3	
督	tuk7	
睬	tsʰai3	
睱	ha2	
瞄	miau1	
瞎	hat7	～眼
瞘	kʰeu1	眼～
瞞	man2	
瞧	tsʰiau2	
瞪	ten1	～眼
瞳	tʰuŋ2	
瞻	tʂiam1	
瞿	kʰi5	
矛	mau2	～盾
矢	tʂʰi1	
知	ti1	
知	tʂi5	～識
矩	ki3	埠～
短	ton3	
矮	ai3	
石	ʂak8	
砍	kʰam3	
研	ŋan1	
砣	tʰo2	秤～
砧	tsem1	～板
破	pʰo5	
硃	tʂu1	
硝	siau1	
硫	liu2	
硬	ŋaŋ3	
硯	ien5	
碎	sui5	～石
碑	pi1	
碓	toi5	
碗	von3	
碟	tʰiap8	
碧	put7	
碰	pʰuŋ5	～到
碳	tʰan5	
確	kʰok7	
碼	ma1	
碾	tsʰen5	～米
磁	tsʰɿ2	
磅	poŋ3	地～
磉	soŋ1	
磊	toi1	～花燒，酒名
磐	pʰan2	～石
磕	kʰap8	～頭
磚	tʂon1	
磡	kʰam5	
磨	mo2	～刀
磨	mo5	石～
磬	kʰin5	
磷	lim1	
礅	tun1	石～
礓	kioŋ1	
礙	ŋoi5	
礦	kaŋ3	～石
礦	kʰoŋ5	文，煤～
示	ʂi3	
社	ʂa1	
祀	sɿ5	
祈	kʰi2	
祐	iu3	
祖	tsɿ3	
祝	tʂuk7	
神	ʂin2	
祠	tsʰɿ2	
祥	sioŋ2	
票	pʰiau5	
祭	tsi5	
祿	luk7	
禁	kim5	
福	fuk7	
禦	ŋi3	
禪	ʂam2	～讓
禮	li1	
禱	tau3	～告
禽	kʰim2	
禾	vo2	
禿	tʰut8	
秀	siu5	
私	sɿ1	
秉	pun3	
秋	tsʰiu1	
科	kʰo1	
秒	miau3	
秘	pi5	
租	tsɿ1	
秤	tʂʰin5	
秧	ioŋ1	
秩	tʂit7	
秫	ʂut8	
移	i2	
稀	hi1	
稅	ʂoi5	
稈	kon3	
程	tʂʰaŋ2	姓
稗	pʰai3	
稙	tʂʰit8	
稚	tʂʰi1	幼～
稟	pun3	
稠	tsʰu2	
種	tʂuŋ3	～類
種	tʂuŋ5	～樹
稱	tʂʰin1	～呼
稱	tʂʰin5	
稻	tʰau1	
稼	ka5	
稿	kau3	
穀	kuk7	
穆	muk7	
穎	in3	
穗	fi3	
穢	voi5	
穩	vun3	
穴	ʂet8	
究	kiu5	
空	kʰuŋ1	～虚
穿	tʂʰon1	
突	tʰut7	
窖	kau5	
窗	tsəŋ5	
窘	tsiuŋ3	～迫
窩	vo1	
窪	va1	
窮	kʰiuŋ2	
窰	iau2	
窺	kʰui1	
竄	tʂʰon5	
竅	kʰiau5	
立	lip8	～正
站	tsʰam3	
竟	kin5	
章	tʂoŋ1	
童	tʰuŋ2	
端	ton1	
競	kin5	
竹	tʂuk7	
竿	kon1	
笊	tsau5	～撈，～籬
笑	siau5	
笙	sen1	
笠	lip7	
符	pʰu2	
笨	pun5	
第	tʰi3	
筆	put7	
等	ten3	
筋	kin1	
筍	sun2	
筏	fat8	
筐	kʰioŋ1	
筒	tʰuŋ2	
答	tap7	
策	tsʰet7	
筧	kan3	竹～
筵	ien2	
筷	kʰai5	
箅	pi5	
箋	tsen1	
箏	tsaŋ1	
算	son5	
管	kon3	
箭	tsen5	
箱	sioŋ1	
節	tset7	
範	fam3	姓
範	fam5	師～
篅	tʂʰon3	
篆	tʂʰon3	
篇	pʰen1	
築	tʂuk7	
篙	kau1	竹～
篡	tsʰon5	～改
篤	tuk7	
篩	si1	
篷	pʰuŋ2	
簡	kan3	
簧	voŋ2	
簪	tʂam1	
簸	poi5	～箕
簽	tsʰiam1	
簾	liam2	
簿	pʰu1	
籃	lam2	
籌	tsʰu2	
籍	tsʰit8	
籠	luŋ1	
籬	li2	
籮	lo2	
米	mi3	
粉	fun3	
粗	tsʰɿ1	
粘	ŋiam2	～貼
粟	siuk7	
粥	tʂuk7	
粱	lioŋ2	
粳	kaŋ1	～米
粵	iet8	
粹	tsʰui5	純～
糉	tsəŋ5	
精	tsin1	
糍	tsʰi2	～巴
糕	kau1	
糖	tʰoŋ2	
糙	tsʰau5	
糞	pun5	
糟	tsau1	酒～
糠	hoŋ1	米～
糧	lioŋ2	
糯	no5	～米
糴	tʰak8	
系	he5	
糾	keu1	～纏
紀	ki3	～律
約	iok7	
紉	iun5	縫～
紋	vun2	
紐	neu3	
純	ʂun2	
紗	sa1	
紙	tʂi3	
級	kʰip7	
紛	fun1	
素	sɿ5	
紡	foŋ3	
索	sok7	
紫	tsɿ3	
紮	tsat7	
累	lui5	
細	se5	
紹	ʂau5	
終	tʂuŋ1	
組	tsɿ1	
絆	pʰan3	
結	ket7	
絛	tit7	～綸
絞	kau3	
絡	lok8	
給	kip7	供～
絨	iuŋ2	
絮	si5	
統	tʰuŋ3	
絲	sɿ1	
絕	tsʰet8	
絹	ken1	
綁	poŋ3	
經	kin1	～驗～；～綫
綜	tsəŋ1	
綢	tsʰu2	
維	vi2	
綱	koŋ1	
網	mioŋ3	
綴	tʂui5	點～
綻	tsan5	破～
綿	men2	
緊	kin3	
緋	fi1	
綠	liuk8	
緖	si3	
線	sen5	
緝	sip8	
緞	tʰon3	
緣	ien2	
編	pʰen1	
緩	fon3	
緬	men3	
緯	vi3	
練	len3	
縈	iaŋ1	～錢，繞
縊	it7	
縣	ien3	
縮	sək7	
縱	tsəŋ1	～横
縱	tsiuŋ3	放～
縷	leu3	
總	tsəŋ3	
績	tsit7	
繁	fan2	
織	tʂit7	
繞	ŋiau3	
繡	siu5	
繪	fi3	
繰	tsʰiau1	～衫脚
繳	kiau3	～費
繼	ki5	
纂	tsʰon5	編～
續	siuk8	
纏	tsʰen2	
纓	in1	
缸	koŋ1	
缺	kʰet7	
缽	pat7	
罐	kon5	
罕	hon3	
罩	tsau5	
罪	tsʰi3	
罰	fat8	
署	tʂʰu3	專～
罵	ma5	
罷	pʰa3	
羅	lo2	
羊	ioŋ2	
羌	kioŋ1	
美	mi1	
羔	kau1	
羞	siu1	
羣	kʰiun2	
羨	sen3	～慕
義	ŋi3	
羹	kaŋ1	
翁	uŋ1	
習	sip8	
翔	sioŋ2	
翠	tsʰi5	
翡	fi1	
翰	hon5	
翹	kʰiau5	
翻	fan1	
翼	it8	雞
耀	iau5	
老	lau3	
考	kʰau3	
者	tʂa3	
而	lu2	～且
耐	nai3	
耕	kaŋ1	
耗	hau5	
耘	iun2	
耙	pʰa2	
耳	ŋi3	
耶	ia1	
耽	tam1	
耿	ken3	
聊	liau2	
聖	ʂin5	神～
聘	pʰun5	～請
聚	tsʰi5	
聞	vun2	
聯	len2	
聰	tsəŋ5	
聲	ʂaŋ1	
聶	ŋiap7	
職	tʂit7	
聽	tʰaŋ1	～話
聾	luŋ1	
肄	i3	～業
肅	siuk7	
肉	ŋiuk7	
肋	let8	
肌	ki1	
肖	siau1	
肘	tsiu3	
肚	tu3	豬～；腹～
肝	kon1	
股	ku3	
肢	tʂi1	
肥	pʰi2	
肩	ken1	
肮	oŋ1	
肯	kʰen3	文
肯	hen3	白
肴	ŋau2	
肺	pʰi5	
胃	vi3	
背	pʰoi3	
背	poi5	
胎	tʰoi1	
胛	kap7	肩～
胞	pau1	
胡	fu2	
胳	kok7	
胸	hiuŋ1	
能	nen2	
脂	tʂi1	
脅	hiap7	
脆	tsʰoi5	
脈	mak7	
脊	tsit7	
脫	tʰot7	
脯	pʰu2	
脹	tʂoŋ5	
脾	pʰi2	
腆	tʰen3	～肚
腎	ʂin3	
腑	fu3	
腔	kʰioŋ1	
腕	von3	
腥	siaŋ1	
腦	nau3	
腩	nam1	牛～
腫	tʂuŋ3	
腮	sai1	
腰	iau1	
腱	kʰen3	
腳	kiok7	
腸	tʂʰoŋ2	
腹	fuk7	
腿	tʰui3	
膏	kau1	
膘	piau1	
膝	tsʰit7	
膠	kau1	
膨	pʰaŋ2	
膩	ni5	
膽	tam3	
膿	nuŋ1	
臀	tʰun2	
臂	pi3	
臃	iuŋ1	
臉	len1	
臊	sau1	～氣
臍	tsʰi2	
臘	lap7	
臣	tʂʰin2	
臥	ŋo5	
臨	lim2	
自	tsʰɿ3	
臭	tsʰu5	
致	tʂi5	
臺	tʰoi2	～球
臻	tʂin1	
臼	kʰiu1	
舀	iau3	～水
舂	tʂuŋ1	～米
舅	kʰiu1	
與	i1	
興	ʂin1	～旺
興	ʂin5	高～
舉	ki3	
舊	kʰiu5	
舌	ʂet8	
舍	ʂa3	
舍	ʂa5	
舐	tʰe1	～東西
舒	ʂu1	
舜	ʂun5	
舞	vu3	
舟	tsiu1	
航	hoŋ1	
般	pan1	
舵	tʰo2	
船	ʂon2	
艇	tʰiaŋ3	
艦	kam5	
良	lioŋ2	
艱	ken1	
色	set7	
艷	iam3	
艾	ŋioi5	
芍	ʂok7	～藥花
芒	moŋ1	～果
芝	tʂi1	
芥	kai5	
芬	fun1	
芭	pa1	
芮	iui5	姓
花	fa1	
芳	foŋ1	
芸	iun2	
芹	kʰiun2	
芽	ŋa2	
苔	tʰoi2	舌～
苗	miau1	
苟	keu3	
若	iok8	
苦	kʰu3	～難
苦	fu3	～瓜
苧	tʂʰu1	
英	in1	
茂	meu3	
茄	ka1	番～，西紅柿
茅	mau2	
茫	moŋ2	
茲	tsɿ1	
茴	fi2	～香
茵	in1	
茶	tsʰa2	
茸	iuŋ2	
茹	ku1	
荀	sun2	
荃	tsʰen2	
草	tsʰau3	
荊	kin1	
荒	foŋ1	
荔	li3	～枝
荷	kʰai1	～擔，挑擔
荷	ho2	
莊	tsoŋ1	
莖	kin1	
莧	han3	～菜
莽	maŋ1	
菊	kʰiuk7	
菌	kʰun1	細～
菖	tʂʰoŋ1	
菜	tsʰoi5	
菠	po1	
菩	pʰu2	
華	fa2	
萄	tʰau2	
萊	loi2	
萌	men2	
萍	pʰun2	
萎	vi1	
萬	van3	
落	lok8	
葉	iap8	
著	tʂʰok8	附～；做～；做對
著	tʂok7	～衫，穿衣
著	tʂu5	
葛	kot7	
董	tuŋ3	
葦	vi3	
葬	tsoŋ5	
葵	kʰui2	
葷	fun1	
蒂	ti5	
蒓	ʂun2	
蒙	muŋ2	
蒜	son5	
蒸	tʂin1	
蒼	tsʰoŋ1	
蓄	ʂuk7	儲～
蓉	iuŋ2	
蓋	koi5	
蓑	so1	～衣
蓖	pi1	～麻
蓬	pʰuŋ2	
蓮	len2	
蔑	met8	竹～
蔓	man3	
蔔	puk7	
蔗	tʂa5	
蔡	tsʰai5	
蔣	tsioŋ2	
蔥	tsəŋ5	
蔫	ien1	
蔬	so1	
蔭	im1	樹～
蔽	pi5	
蕉	tsiau1	～嶺，地名
蕊	lui2	
蕎	kʰiau2	
蕩	tʰoŋ3	放～
薄	pʰok8	
薑	kioŋ1	
薛	set7	
薦	tsen5	
薩	sat7	拉～，地名
薪	sin1	
薯	ʂu2	番～
薰	hiun1	
薺	tsi5	
藉	tsʰit8	
藍	lam2	
藏	tsʰoŋ2	隱～；西～
藐	miau3	～視
藕	ŋeu3	
藝	ŋi3	
藤	tʰen2	
藥	iok8	
藩	fan1	
藹	ai5	和～
藿	kʰok7	
蘆	lu2	
蘇	sɿ1	
蘋	pʰun2	
蘭	lan2	
蘸	tsiam3	～糖
虎	fu3	
虐	ŋiok7	～待
虔	kʰen2	
處	tʂʰu5	相～，～所
虛	hi1	
虞	i2	
號	hau3	～數
號	hau2	呼～
虧	kʰui1	
虱	sit7	
虻	maŋ2	牛～
蚊	mun1	
蚌	poŋ5	
蚣	kuŋ1	蜈～
蚤	tsau3	
蚶	ham1	～子
蚻	tsʰat8	黄～，蟑螂
蛀	tʂu5	
蛇	ʂa2	
蛋	tʰan3	
蛙	va1	
蛛	tʂu1	
蛹	iuŋ3	
蛻	tʰoi5	～皮
蛾	ŋo2	
蜀	tʂuk7	
蜂	fuŋ1	
蜆	han3	
蜈	ŋ2	
蜋	loŋ2	
蜒	tʰin2	
蜜	met8	
蝕	ʂet8	～本，虧本
蝗	foŋ2	
蝙	pen3	
蝟	vi3	
蝠	fuk7	
蝦	ha2	魚～
蝶	tʰiap8	
蝸	vo1	
螃	pʰoŋ2	
融	iuŋ2	
螢	in2	
螺	lo2	
蟀	sut7	
蟄	tʂʰit8	驚～
蟆	ma2	
蟒	maŋ1	～蛇
蟢	hi3	
蟬	ʂam2	
蟲	tʂʰuŋ2	
蟹	hai3	
蟻	ŋi1	
蟾	hiam2	
蠅	in2	
蠍	ʂet7	
蠓	muŋ2	
蠔	hau2	～油
蠕	no2	～動
蠟	lap7	
蠢	tʂʰun3	
蠶	tsʰam2	
蠻	man2	
血	ʂet7	
衆	tʂuŋ5	
行	hoŋ1	銀～
行	haŋ2	～爲；品～
術	ʂut8	算～
街	kai1	
衙	ŋa2	
衛	vi3	
衡	fen2	
衣	i1	
表	piau1	
表	piau3	
衫	sam1	
衰	soi1	
袁	ien2	
袋	tʰoi3	
袍	pʰau2	
袖	tsʰiu3	
袞	kʰun3	
被	pʰi1	棉～
袱	fuk8	
裁	tsʰai2	
裂	let8	
裌	kiap8	
裏	li3	
裕	i5	
裙	kʰiun2	
補	pu3	
裝	tsoŋ1	
裱	piau3	
裴	pʰi2	
裹	ko3	
褒	pau1	～獎
褚	ʂu2	姓
褥	ŋiuk8	
褲	fu5	
褶	tsap7	百～裙
襄	sioŋ1	
襉	kan3	
襖	au3	
襟	kʰim1	
襤	lam2	
襪	mat7	
襲	sip8	
襻	pʰan5	紐～
西	si1	
要	iau1	～求
要	iau5	重～
覆	fuk7	
見	ken5	
規	kui1	
覓	met7	
視	ʂi3	
親	tsʰin1	～家
覺	kok7	
覺	kau5	
觀	kon1	
角	kok7	
解	kai3	
言	ŋien2	
訂	taŋ3	
訃	puk7	
計	ke5	～劃
訊	sin3	
討	tʰau3	
訓	hiun5	
記	ki5	
訟	siuŋ3	訴～
訣	ket7	
訪	foŋ3	
設	ʂet7	
許	hi3	
訴	sɿ5	
診	tʂin1	
詐	tsa5	
詔	tʂau5	
評	pʰun2	
詞	tsʰɿ2	
詠	iun3	
試	tʂʰi5	
詩	ʂi1	
詫	tʰok7	
詭	kui3	
話	va5	
該	koi1	
詳	sioŋ2	
誅	tʂu1	
誇	kʰa1	
認	ŋin3	
誕	tan5	
誘	iu5	
語	ŋi1	
誣	mu2	
誤	ŋu5	
誦	siuŋ3	
說	ʂot7	
誰	ʂui2	
課	kʰo5	
誼	ŋi2	
調	tʰiau2	～和
調	tʰiau5	～皮；～動
諄	tʂun1	
諄	ʂun2	
談	tʰam2	
請	tsʰiaŋ3	
諒	lioŋ5	
論	lun3	～語；～文
諜	tʰiap8	
諧	ai5	和～
諫	kan3	
諱	vi3	
諷	fuŋ3	
諸	tʂu1	
諺	ŋien3	
諾	nok7	～言
謀	meu2	
謂	vi3	
謄	tʰen2	
謅	tsiu5	
謊	foŋ1	
謎	mi2	
謗	poŋ3	
謗	ti5	
謙	kʰiam1	
講	koŋ3	
謝	tsʰia3	姓
謝	tsʰia5	多～
謠	iau2	
謬	miu3	
謹	kiun3	
謾	man3	
證	tʂin5	
譏	ki1	
識	ʂit7	
譚	tʰam2	
譜	pʰu3	
警	kin3	
譬	piak7	
譬	pʰit7	
譯	it8	
議	ŋi3	
護	fu3	
譽	i5	榮～
讀	tʰuk8	
變	pen5	
讓	ioŋ3	
豁	fo5	
豆	tiu3	地～，花生
豇	koŋ1	
豈	kʰi5	
豉	hi3	豆～
豌	van1	豆～
豐	fuŋ1	
豚	tʰun2	
象	sioŋ3	
豪	hau2	
豫	i5	
豬	tʂu1	
豹	pau5	
豺	tsʰai2	
貂	tiau1	
貌	mau3	
貓	miau5	
貝	pi5	
貞	tʂin1	
負	fu5	
財	tu3	
財	tsʰoi2	
貢	kuŋ5	
貧	pʰun2	
貨	fo5	
販	fan5	
貪	tʰam1	
貫	kon5	
責	tsit7	
貳	ŋi3	
貴	kui5	
買	mai1	
貸	tʰoi3	
費	fi5	
貼	tiap7	粘～
貼	tʰiap7	碑～
貿	meu3	
賀	fo3	
賂	lu5	
賃	lin5	租～
賄	fi3	
資	tsɿ1	
賈	ka3	姓
賊	tsʰet8	
賒	tʂʰa1	
賓	pun1	
賞	ʂoŋ3	
賠	pʰoi2	
賢	hien2	
賣	mai3	
賤	tsʰen3	
賦	fu5	
質	tʂit7	
賬	tʂoŋ5	
賴	lai3	
賺	tsʰan3	
購	keu5	
賽	soi5	
贅	tʂui5	累～
贈	tsen5	
贊	tsan5	
贏	iaŋ2	
贓	tsoŋ1	
贖	ʂuk8	
赦	ʂa5	
赫	hak7	
走	tseu3	
赴	fu5	
起	ʂi3	
趁	tʂʰin5	
超	tʂʰau1	
越	iet8	
趕	kon3	
趙	tʂʰau3	
趟	tʰoŋ5	一～
趣	tsʰi5	
趨	tsʰi1	
足	tsiuk7	～球
趾	tʂi3	
跌	tet7	
跑	pʰau1	
距	kʰi1	
跟	ken1	
跡	tsiak7	脚～，脚印
跨	kʰa1	
跪	kʰui5	
路	lu3	
跳	tʰiau5	
踏	tʰap8	
踐	tsʰen3	
踢	tʰet7	
踭	tsaŋ1	脚～，脚跟
踴	iuŋ3	
蹄	tʰai2	
蹤	tsəŋ1	～影
蹭	tsen5	
蹲	tsʰun2	～下
躁	tsʰau5	
躍	iok7	
躡	ŋiap7	～手～脚
身	ʂin1	
躬	kiuŋ1	
躲	to3	
躺	tʰoŋ3	
車	ki1	～馬砲
車	tʂʰa1	馬～
軋	tsat7	
軌	kʰui5	
軍	kiun1	
軒	hien1	
軔	ŋiun3	
軛	ak7	
軟	ŋion1	
軸	tsʰək8	
載	tsoi5	～重
輔	pʰu3	
輕	kʰiaŋ1	
輛	lioŋ2	
輝	fi1	
輩	pi5	
輪	lun2	
輯	sip8	編～
輸	ʂu1	贏～；運～
轄	kot7	
轅	ien2	
轉	tʂon3	～送
轟	vaŋ2	
辛	sin1	
辟	pʰut7	
辣	lat8	
辦	pʰan3	
辨	pʰen3	
辭	tsʰɿ2	
辮	pen1	
辯	pʰen3	
辰	ʂin2	
辱	iuk8	侮～
農	nuŋ1	
迂	i1	
迅	sin3	
迎	ŋiaŋ2	
近	kʰiun1	遠～
近	kʰiun5	～視
迥	tsiuŋ3	
迫	pet7	
述	ʂut8	
迷	mi2	
迸	pun5	～裂
追	tʂui1	
退	tʰui5	
送	səŋ5	
逃	tʰau2	
逆	ŋiak8	～風
透	tʰeu5	
逐	tsʰək8	
途	tʰu2	
逗	tiu5	～留
通	tʰuŋ1	
通	ʂu3	
逛	koŋ5	
逝	ʂi5	
逞	tʂʰin3	
速	sək7	
造	tsʰau3	
連	len2	
進	tsin5	
逵	kʰui2	
逸	it8	
逼	pet7	
逾	i3	～期
遁	tʰun3	
遂	sui3	
遇	ŋi3	
遊	iu2	
運	ʂu3	
運	iun3	
遍	pen5	
過	ko5	
遐	ha2	
道	tʰau3	
達	tʰat8	
違	vi2	
遜	sin1	
遝	tʰap8	
遞	tʰi3	
遠	ien3	
遣	kʰen3	
適	ʂit7	
遭	tsau1	
遮	tʂa1	
遲	tʂʰi2	
遵	tsun1	
遷	tsʰen1	
遷	tʰin2	
選	sen3	
遺	vi2	
遼	liau2	
避	pʰut7	
邀	iau1	
邁	mai3	
還	fan2	～原
邊	pen1	
那	na3	
邦	paŋ1	
邪	sia2	
邵	ʂau5	姓
郊	kau1	
郎	loŋ2	
郝	hau3	姓
郡	kiun3	
部	pʰu5	
郭	kok7	
郵	iu2	
都	tu1	
鄂	ŋok8	
鄉	ʂoŋ1	
鄒	tseu1	
鄙	pʰi3	
鄧	tʰen3	
鄭	tʂʰaŋ3	
鄰	lin2	
酉	iu3	
酌	tʂok7	
配	pʰi5	
酒	tsiu3	
酣	ham1	
酥	sɿ1	
酪	lok8	
酬	tsʰu2	
酵	kau5	發～
酷	kʰuk7	
酸	son1	
醃	iap7	～肉
醇	ʂun2	
醉	tsui5	
醋	tsʰɿ5	
醒	siaŋ3	
醜	tsʰiu3	
醫	i1	
醬	tsioŋ5	
醺	hiun1	
釅	ŋiam2	
采	tsʰai3	
釉	iu5	
釋	sit7	
重	uŋ3	～視
重	tʂʰuŋ2	～復
野	ia5	
量	lioŋ3	數～
量	lioŋ2	～長短
金	kim1	
釘	taŋ1	鐵～
針	tʂim1	
釣	tiau5	
釵	tsʰai1	
鈍	tʰun3	
鈔	tsʰau1	
鈞	kiun1	
鈣	koi5	
鈪	ak7	手～，手鐲
鈴	laŋ2	
鈸	pat7	
鉀	kap7	
鉗	kʰiam2	
鉛	ien2	
鉤	keu1	
鉸	kau3	
銀	ŋiun2	
銃	uŋ5	放～，開槍
銅	tʰuŋ2	
銘	miaŋ2	
銜	ham2	
銬	kʰau5	
銲	hon3	電～
銷	siau1	
銼	tsʰo5	
鋁	li1	
鋒	fuŋ1	
鋤	tsʰo2	
鋥	tʂʰaŋ2	～光
鋦	kʰiuk8	
鋪	pʰu1	～設；店～
鋭	iui5	
鋸	ki5	
鋼	koŋ5	
錈	ken3	
錐	tʂui1	
錛	pun1	
錠	tʰin3	
錢	tsʰen2	
錦	kim3	
錯	tsʰok7	
錯	tsʰo5	～誤
錄	liuk8	
鍍	tʰu5	
鍘	tset7	～刀
鍛	tʰon3	
鍬	tsʰiu1	
鍵	kʰen5	
鎔	iuŋ2	
鎖	so3	
鎮	tʂin3	
鏇	sen2	
鏈	len3	
鏟	tsʰan3	
鏡	kiaŋ5	
鏵	fa2	
鏽	siu5	
鐃	ŋiau2	
鐘	tʂuŋ1	
鐙	ten5	
鐮	liam2	
鐵	tʰet7	
鐸	tʰok8	
鑄	tʂu5	
鑊	vok8	～頭
鑒	kam5	
鑞	lap7	
鑷	ŋiap7	
鑼	lo2	
鑽	tsan5	
鑿	tsʰok8	
钁	kui5	
長	tʂoŋ3	生～
長	tʂʰoŋ2	～短
門	mun1	
閂	tsʰon1	
閃	ʂam3	
閉	pi5	
開	kʰoi1	
閏	iun3	
閑	han2	
間	kan1	空～；車～
間	kan3	～斷
閘	tsʰap8	～門
閣	kok7	
閨	kui1	
閩	men3	
閱	iet8	
閹	iam1	
閻	iam2	
闊	fat7	
闖	tsʰoŋ3	
關	kan1	
阮	ŋien3	
防	foŋ2	
阻	tsɿ3	
阿	a1	～膠；～哥
附	fu5	
陋	leu3	
陌	met7	～生
降	hoŋ1	投～
降	koŋ5	下～
限	han3	
陝	ʂam3	～西
陡	teu3	
院	ien5	
陣	tʂʰin3	
除	tʂʰu2	
陪	pʰi2	
陰	im1	
陳	tʂʰin2	
陵	lin2	
陶	tʰau2	
陷	ham3	
陸	liuk8	
陽	ioŋ2	
隆	luŋ2	
隊	tui5	
階	kai1	
隔	kak7	
隘	ai5	
際	tsi5	
障	tʂoŋ5	保～
隧	sui3	～道
隨	tsʰi2	～便
隨	tʂʰui2	
險	hiam3	
隱	in3	
隴	luŋ3	
隸	li3	
雀	tsiok7	麻～
雁	ŋan5	
雄	hiuŋ2	
雅	ŋa3	
集	sip8	
雇	ku5	
雋	tsun3	～秀
雍	iuŋ1	
雕	tiau1	
雖	si1	
雙	səŋ1	～生；一雙
雞	kai1	
離	li2	
難	nan2	～易
難	nan5	患～
雨	i3	
雪	set7	
雲	iun2	
零	laŋ2	
雷	lui2	
雹	pʰok8	
電	tʰen3	
需	si1	
霄	siau1	
震	tʂin3	
霍	kʰok7	
霏	fi1	
霜	soŋ1	
霞	ha2	
霧	vu5	
露	lu5	
霸	pa5	
青	tsʰiaŋ1	
靖	tsʰin3	
靚	liaŋ5	
靜	tsʰin3	
非	fi1	
靠	kʰau5	
面	men3	
靨	ŋiap7	
革	ket7	
靪	taŋ1	
靴	hio1	
鞋	hai2	
鞍	on1	馬～
鞏	kiuŋ3	
鞘	siau1	刀～蕭簫嘯悄
鞦	tsʰiu1	
鞭	pen1	
韁	kioŋ1	
韌	ŋiun3	～性
韓	hon2	
韭	kiu3	～菜
音	im1	
韶	ʂau2	
韻	iun3	
響	ʂoŋ3	
頁	iap8	
頂	taŋ3	
頃	kʰin1	
項	hoŋ3	
順	ʂun3	～利
順	ʂun5	豐～，地名
須	si1	
頌	siuŋ3	
預	i3	
頑	ŋan2	～皮；～固
頒	pan1	
頓	tun3	
頗	pʰo1	
領	liaŋ1	衫～
頭	tʰeu2	
頸	kiaŋ3	
頻	pʰun2	
顆	kʰo1	
題	tʰi2	
額	ŋiak7	～角，額頭
顏	ŋan2	
願	ŋien3	
顛	ten1	
類	lui3	
顧	ku5	
顫	tʂen5	冷～
顯	hien3	
顴	kʰen2	
風	fuŋ1	
颼	sau1	
飄	pʰiau1	
飛	fi1	
食	ʂit8	
飩	tʰun1	
飯	fan3	
飲	im3	～酒；～馬
飼	sɿ1	
飽	pau3	
飾	ʂit7	
餅	piaŋ3	
餉	ʂoŋ3	
養	ioŋ1	
餌	ŋi3	
餐	tsʰon1	
餑	pʰut8	
餓	ŋo5	
餛	fun2	～飩
餞	tsʰen3	～行
餡	ham3	
館	kon3	
餾	liu5	蒸～水
餿	seu1	～飯
饃	mo2	
饅	man2	～頭
饑	ki1	
饒	ŋiau2	
餜	ko3	
首	ʂu3	
香	ʂoŋ1	
馨	ʂin1	
馬	ma1	
馮	pʰuŋ2	
馱	tʰo2	
馳	tʂʰi2	
馴	hiun5	
駁	pok7	
駐	tʂu5	
駒	ki1	
駕	ka5	
駛	sɿ3	
駝	tʰo2	
駭	hoi3	
駱	lok8	
駿	tsun3	
騎	kʰi2	
騙	pʰen5	～人
騰	tʰen2	
騲	tsʰau3	
騷	sau1	
騾	lo2	
驅	kʰi1	
驊	fa2	
驕	kiau1	
驗	ŋiam3	
驚	kiaŋ1	
驟	tsʰeu3	
驢	lu2	
骨	kut7	
髒	tsʰoŋ3	
髓	soi2	
體	tʰi3	
高	kau1	
髻	kit7	
鬃	tsəŋ1	豬～
鬢	pun1	
鬥	teu3	一～米
鬥	teu5	
鬧	nau3	
鬮	kʰeu1	拈～，抽簽
鬱	iuk7	
鬼	kui3	
魁	kʰui2	
魂	fun2	
魄	pʰak7	～力
魏	ŋui3	
魔	mo2	
魘	iam3	
魚	ŋ2	
魯	lu1	
鮎	ŋiam2	～魚
鮑	pau1	性
鮮	sen1	新～
鮮	sen3	～少
鯉	li1	
鯨	kin1	
鯽	tsit7	
鰍	tsʰiu1	
鰓	soi1	
鰣	ʂi2	
鰥	kan1	寡
鰻	man2	～魚
鰾	pʰiau5	魚～
鱉	pet7	
鱗	lin1	
鱷	ŋok8	～魚
鳥	ŋiau1	
鳩	keu1	
鳳	fuŋ3	
鳴	mun1	
鴉	a1	～片
鴨	ap7	
鴿	kap7	
鵑	ken1	
鵝	ŋo2	
鵡	vu1	
鶯	in1	
鶴	hok8	
鷂	iau5	紙～，風筝
鷹	in1	
鷺	lu5	～鷺
鸕	lu2	
鸚	in1	～鵡
鸞	lan2	
鹵	lu1	
鹵	tsəŋ5	
鹹	ham2	
鹽	iam2	
鹿	luk8	
麅	pʰau2	
麗	li3	
麝	ʂa3	
麥	mak8	
麩	fu1	麥～子
麻	ma2	
麾	fi1	
黃	voŋ2	
黎	lai2	
黏	ŋiam2	～米
黑	het7	
默	met8	
點	tiam3	
黨	toŋ3	
黴	moi2	
鼑	tin3	
鼓	ku3	
鼠	tʂʰu3	
鼬	iu5	黄～
鼻	pʰi3	
鼾	hon1	～聲
齈	nuŋ5	鼻～～，鼻涕多
齊	tsʰe2	
齋	tsai1	
齒	tʂʰi3	
齡	laŋ1	
龍	liuŋ2	
龐	pʰaŋ2	
龜	kui1	
𠜱	pʰai1	～果皮，削
