#漢字	音標	解釋#('wuu_th_pl_td', '包場正餘餘東話', '包場-餘東', '#8B0000', None, None, '來源：<u>正心修身</u>基於呂四方言研究及海門縣方言志修改整理擴充而成<br>說明：本文所紀錄的通東（包場-餘東）屬於太湖吳語的毗陵小片，是帶有吳淮邊界特徵的特殊吳方言，以通東地區的中間地帶的包場鎮餘東鎮爲代表。通東地區（古通州東鄉）的方言具有高度的一致性。不同鄉鎮之間方言區別，主要體現在聲調歸派以及調值與連讀變調上，部分點直接音韻也有細微差別，內部大致可分爲三路口音：以呂四（呂泗）爲代表的東路口音，以包場餘東爲代表的中路口音，以四甲爲代表的西路口音，以及位於如皋境內的南場話。呂四以及四甲擁有現成字表，餘東-包場是由正心修身綜合整理該兩字表資料，並根據田調重新記音考訂本字整合而成。<br>以下講述 包場-餘東 呂四 四甲 三地音系差別<br>包場-餘東音系無獨立ɚ韻，凡呂四字表中ɚ韻字一律併入ɛ。<br>包場-餘東音大部分幫組麻韻讀如ɤᵚ韻，如馬ʔmɤᵚ③ 區別於四甲mo③<br>包場-餘東音次濁平一律入陰去 區別於呂四（沿iɪ̃②!=宴iɪ̃⑤），四甲（次濁平一律讀陽平）<br>包場-餘東音有獨立次濁入調⑧B 4ˀ 區別於四甲讀入陽入調⑧5ˀ，呂四讀入陰入調⑦34ˀ。<br>（注：四甲 陰入⑦34ˀ 陽入⑧4ˀ 呂四 陰入⑦34ˀ 陽入⑧23ˀ 餘東-包場 陰入⑦34ˀ 陽入⑧A 23ˀ 次濁入⑧B 5ˀ）<br>以上爲主要音系差別<br>原字表材料均僅有29個聲母<br>p pʰ b m f v t tʰ d n l ts tsʰ dz s z tɕ tɕʰ dʑ ɕ ʑ k kʰ ɡ ŋ x ɣ 0<br>正心修身根據實際發音將接撮口tɕ組聲母單獨列出記爲tʃ，舌面細音在接撮口呼時具有強烈的舌葉色彩，與原接齊齒呼的tɕ組聽感上存在較大差異，新派的齊齒呼tɕ組發生女國音現象併入ts組，如 今讀如tsiŋ乃至tsəŋ 先憲讀如siɪ̃，接撮口呼的tɕ組音則舌葉色彩加劇，如虛讀如ʃʯ，新派的iⱼ韻有兩個演變方向一爲併入ɿ導致雞=資=tsɿ，二爲舌葉化讀如ʅ 雞tʃʅ!=資tsɿ，因爲影響到韻的分合，字表採用了較爲老派的發音tɕiⱼ，並未將iⱼ韻tɕ組併入tʃ或是ts，又正心修身將陽調零聲母單獨列出記作ɦ（通東陽調零聲母與上海陽調匣母性質相同），故聲母總數爲36個，比前字表記音多出tʃ tʃʰ dʒ ʃ ʒ ɲ ɦ幾個聲母。其他韻母也根據實際發音進行了記音調整，使用者可以通過記音對比自行發現。<br>另注：通東話的a韻字在不同聲母後有不同變體在軟齶音後爲a，在雙脣音及舌尖音後爲aɐ̥（帶有強烈的央後元音色彩）,在接i介音時實際發音爲iä，字表記音中一律記作a，並沒有根據實際發音單列，需要注意。', '44 1 1a 陰平 ꜀,113 2 1b 陽平 ꜁,51 3 2a 陰上 ꜂,231 4 2b 陽上 ꜃,334 5 3a 陰去 ꜄,213 6 3b 陽去 ꜅,34 7 4a 陰入 ꜆,23 8a 4b 陽入 ꜇,5 8b 4c 次濁入 ꜁', None, None)
#簡稱	/	包場-餘東#與文件名一致
#全稱	/	包場正餘餘東話#xx話
#版本	/	#版本號或更新時間
#聲母	/	#聲母順序，用逗號分開。如：b,p,m,f
#韻母	/	#韻母順序，用逗號分開。如：a,o,e
#聲調	/	44 1 1a 陰平 ꜀,113 2 1b 陽平 ꜁,51 3 2a 陰上 ꜂,231 4 2b 陽上 ꜃,334 5 3a 陰去 ꜄,213 6 3b 陽去 ꜅,34 7 4a 陰入 ꜆,23 8a 4b 陽入 ꜇,5 8b 4c 次濁入 ꜁#每個聲調包括：五度調值 八聲 四聲 漢字調類 四角調類，調內用空格分隔，調間用逗號分開。如：55 1 1a 陰平 ꜀,35 2 1b 陽平 ꜁,214 3 2 上 ꜂,51 5 3 去 ꜄
#說明	/	來源：<u>正心修身</u>基於呂四方言研究及海門縣方言志修改整理擴充而成<br>說明：本文所紀錄的通東（包場-餘東）屬於太湖吳語的毗陵小片，是帶有吳淮邊界特徵的特殊吳方言，以通東地區的中間地帶的包場鎮餘東鎮爲代表。通東地區（古通州東鄉）的方言具有高度的一致性。不同鄉鎮之間方言區別，主要體現在聲調歸派以及調值與連讀變調上，部分點直接音韻也有細微差別，內部大致可分爲三路口音：以呂四（呂泗）爲代表的東路口音，以包場餘東爲代表的中路口音，以四甲爲代表的西路口音，以及位於如皋境內的南場話。呂四以及四甲擁有現成字表，餘東-包場是由正心修身綜合整理該兩字表資料，並根據田調重新記音考訂本字整合而成。<br>以下講述 包場-餘東 呂四 四甲 三地音系差別<br>包場-餘東音系無獨立ɚ韻，凡呂四字表中ɚ韻字一律併入ɛ。<br>包場-餘東音大部分幫組麻韻讀如ɤᵚ韻，如馬ʔmɤᵚ③ 區別於四甲mo③<br>包場-餘東音次濁平一律入陰去 區別於呂四（沿iɪ̃②!=宴iɪ̃⑤），四甲（次濁平一律讀陽平）<br>包場-餘東音有獨立次濁入調⑧B 4ˀ 區別於四甲讀入陽入調⑧5ˀ，呂四讀入陰入調⑦34ˀ。<br>（注：四甲 陰入⑦34ˀ 陽入⑧4ˀ 呂四 陰入⑦34ˀ 陽入⑧23ˀ 餘東-包場 陰入⑦34ˀ 陽入⑧A 23ˀ 次濁入⑧B 5ˀ）<br>以上爲主要音系差別<br>原字表材料均僅有29個聲母<br>p pʰ b m f v t tʰ d n l ts tsʰ dz s z tɕ tɕʰ dʑ ɕ ʑ k kʰ ɡ ŋ x ɣ 0<br>正心修身根據實際發音將接撮口tɕ組聲母單獨列出記爲tʃ，舌面細音在接撮口呼時具有強烈的舌葉色彩，與原接齊齒呼的tɕ組聽感上存在較大差異，新派的齊齒呼tɕ組發生女國音現象併入ts組，如 今讀如tsiŋ乃至tsəŋ 先憲讀如siɪ̃，接撮口呼的tɕ組音則舌葉色彩加劇，如虛讀如ʃʯ，新派的iⱼ韻有兩個演變方向一爲併入ɿ導致雞=資=tsɿ，二爲舌葉化讀如ʅ 雞tʃʅ!=資tsɿ，因爲影響到韻的分合，字表採用了較爲老派的發音tɕiⱼ，並未將iⱼ韻tɕ組併入tʃ或是ts，又正心修身將陽調零聲母單獨列出記作ɦ（通東陽調零聲母與上海陽調匣母性質相同），故聲母總數爲36個，比前字表記音多出tʃ tʃʰ dʒ ʃ ʒ ɲ ɦ幾個聲母。其他韻母也根據實際發音進行了記音調整，使用者可以通過記音對比自行發現。<br>另注：通東話的a韻字在不同聲母後有不同變體在軟齶音後爲a，在雙脣音及舌尖音後爲aɐ̥（帶有強烈的央後元音色彩）,在接i介音時實際發音爲iä，字表記音中一律記作a，並沒有根據實際發音單列，需要注意。#HTML格式，僅允許一行，用<br>換行
□	tsɿ5	引誘：伲～我上當
□	tʰi5	和麪時水摻多了，太黏糊：麪太～着
□	ˀɭiⱼ1	提（物）
□	ȵiⱼ6	眼不明：眼睛～
□	ȵiⱼ6	～疙瘩，菜糊糊
□	ɕiⱼ1	撒：～草
□	ɕiⱼ5	液體沿着縫隙或者器壁慢慢向上移動
□	bu4	坍塌
□	fu3	拋撒
□	fu5	絡（紗）：～車
□	fu5	用牙齒劈去甘蔗等的皮兒
□	vu4	木匠打眼的動作：～鑽，打眼的工具
□	tsu1	突起：～出來一塊
□	su1	～腿：抖腿
□	ku5	～弄，房子與房子之間的狹窄過道
□	ɡu6	污垢附着在人體或器物上：～手，黏手
□	xu3	新派，撒
□	xu5	又音，用牙齒等劈去甘蔗等的皮兒
□	xu5	新派
□	ˀu1	陷入
□	ʒyⱼ4	把過長的竹木鋸掉或把繩索撦斷一截
□	ɦyⱼ6	條播種子：～麥
□	pa1	加入，～點料酒
□	ba2	拉，拽：～蝦網，～架
□	va2	～鋤，即鋤頭
□	tʰa1	遺尿：～尿
□	da2	挪動，轉移，延宕
□	da2	～點錢
□	da6	量詞：條，一～毛巾
□	tsa3	～臉，指膽量、能耐：你个有～
□	tsa5	～邊～沿，指大小長度剛好搆到
□	dza6	拉肚子：肚裏～
□	sa5	看～姆：親友看望產婦，一般在產後一週左右
□	za4	哆嗦
□	za6	溜走：他～來着
□	za6	～子：柴火垛
□	ka5	～二胡，即拉二胡
□	ka5	～裏：這上面，這裏面
□	ɡa2	擠人：他硬要～進來
□	ŋa6	～子，文蛤的俗名，又叫蛼和；蠣～：一種貝類
□	xa1	割取：～點肉下來
□	ɣa2	應答的疑問詞：～，伲說嗲
□	ɕia5	喫的詈語：～屎个
□	ˀua5	～襠，腿襠
□	tʃya3	唆狗咬人，引申爲唆使
□	dʒya4	與□tʃya⁵¹同義
□	pʰɛ3	撥弄：仔細～～；揀揀乾淨；撥拉：～算盤珠
□	dɛ6	擱置或兩端懸掛之物中間下垂
□	dɛ6	～涼（天气漸涼）
□	ɭɛ6	～草（菅）
□	tsʰɛ3	播種後用鋤頭再蓋上一層土：～趟子
□	kɛ1	從上面撥去一點：飯嫌多，～來點
□	ɡɛ2	碰，惹：箇個人～不得
□	ɣɛ2	喊：～他來
□	ɣɛ4	表懊惱傷感的嘆詞
□	ʑiɛ6	賣～，裝窮酸出洋相
□	kuɛ5	那麼；～～仔：那樣，疑爲「國兒」合音
□	xuɛ1	俗語，大喫，帶有戲謔性
□	ˀuɛ3	晃動
□	ʃyɛ3	俗語，喫，帶有戲謔性
□	ˀmeⁱ5	覓，疑本字即「謀」
□	teⁱ1	投防：～豆種
□	deⁱ2	整理：拏材料～～好
□	deⁱ4	煩躁不安：他～殺着；喫了不消化
□	deⁱ4	因受寒等而倒吸气
□	ˀɭeⁱ3	（小孩）頑皮，搗亂
□	tseⁱ3	油煠：～油條，～長生果
□	tsʰeⁱ5	把柴火塞到竈膛裏燒：～火 疑本字爲「湊」
□	dzeⁱ6	㬪，拏碗～起來
□	seⁱ3	頑皮：箇小安（官）忒～，又音
□	xeⁱ1	咳嗽
□	xeⁱ5	滲
□	ɣeⁱ2	兒子，男孩。暫書作「矦」或「㺅」
□	dʑieⁱ6	疉，補丁～補丁，～被子
□	ɕieⁱ3	頑皮：箇小安（官）忒～
□	ʑieⁱ4	掙扎
□	ˀueⁱ1	～草，水草
□	ʒyeⁱ4	儲存，積蓄：～點錢建房子
□	pʰɔ1	滚：～下來；～軑
□	ˀnɔ3	表示給予或近指的指示詞：～，拏去|～，在箇那
□	tsʰɔ1	腿襠下繫布：～尿布
□	sɔ5	齒外露：牙齒～个
□	zɔ6	踏，踩
□	zɔ6	（方向）偏
□	kɔ3	嬉鬧：～笑
□	kɔ5	浪費、糟蹋
□	kɔ5	餵（豬食）
□	kʰɔ3	蛹變蛾子
□	kʰɔ5	買（酒、油等）：～酒，～油
□	ŋɔ6	稱讚
□	ŋɔ6	巴望
□	xɔ1	魚肉或食油等經久變質，有哈喇味：～人
□	xɔ5	靠
□	biɔ6	歪斜
□	ˀmiɔ3	斜着眼略微看一下：～～
□	tʰiɔ3	在人面前說別人壞話：～禍
□	tʰiɔ3	讓人佔便宜：～伲發財
□	diɔ6	舊時三餘等地墾區的地積單位，合20畞『海門縣方言誌』四甲字表作⿰土窕
□	diɔ6	收藏
□	ˀɭiɔ3	揮霍（家財）
□	tɕiɔ3	外～，即外行
□	tɕiɔ3	壅根時把土翻到根部的動作
□	dʑiɔ2	蓋子不蓋緊，露一點縫：拏蓋頭～點
□	dʑiɔ4	～座前：七數裏，即死後七七四十九天內，一天三次，靈位前上供。座，即座子，供奉靈位處
□	ˀiɔ1	捆
□	kʰuo3	身裏～～殺殺
□	kʰuo5	用鹽拌生魚、螺絲等以去異味
□	ˀŋuo5	啃：～裕米
□	ˀuo3	嘔吐
□	tʃyo5	往下用勁，癩着不走：他～好仔不肯跑；～喪，棺材擡起來時感到特別重
□	dʒyo4	彎腰蹲下
□	dʒyo6	待在某處
□	ʃyo5	落～屋
□	ʒyo2	魚類變質，魚肉變鬆；引申爲懦弱無能：～貨
□	pʰɤᵚ5	量詞，次，遍：衣裳過仔兩～，書唸仔三～
□	bɤᵚ2	玩弄：～火
□	mɤᵚ5	遮～，遮蔽：太陽遮～
□	ˀmɤᵚ3	（牙齒脫落者）咀嚼
□	ˀmɤᵚ3	沿着地面慢慢移動：拏隻缸～過來
□	ˀmɤᵚ3	～～：估算
□	ˀmɤᵚ3	竊視
□	ˀmɤᵚ5	醃製魚肉時，先用少許鹽擦拭
□	mɤᵚ6	盤旋飛翔
□	tʰɤᵚ1	程度副詞，完全：～溼
□	dɤᵚ2	硌：～腳
□	ˀnɤᵚ1	～～，當地婦女舊時取名，一般寫作「奴」
□	ˀɭɤᵚ3	～嘴，有澀味
□	ˀɭɤᵚ3	用篩子篩糧食時，把要除去的雜物攏在一起的動作
□	tsʰɤᵚ3	揍；唆使人相鬥：你和他～
□	dzɤᵚ2	催眠動作，輕輕拍拍嬰兒
□	kʰɤᵚ1	圈，圍：太陽～，日暈
□	ˀŋɤᵚ5	～沖沖，慢慢地
□	xɤᵚ1	～頭，一時想起
□	xɤᵚ1	吆喝（狗等）
□	ɣɤᵚ2	蛼～，文蛤（呂四字表作⿰車和）
□	pʰɑŋ1	酸～气：食物變酸的气味
□	fɑŋ1	香～：香灰水，沖泡喝下據說能辟邪
□	dɑŋ6	量詞：條，一～毛巾
□	ˀɭɑŋ5	枝～，枝條
□	ˀɭɑŋ5	探望老人
□	ɭɑŋ6	狗前腿躍起
□	ɭɑŋ6	（量詞）做一～（幹一陣）
□	ɭɑŋ6	（量詞）來一～（來一次）
□	ɭɑŋ6	繩索沒繃緊，往下彎，又叫「紿dɛ²¹²」
□	tsʰɑŋ5	磨，擦：身上癢，～～
□	sɑŋ5	～裏～唐，穿着不利索
□	zɑŋ4	身體上下抖動
□	kɑŋ1	爭着比高下：～酒
□	kɑŋ1	（肩膀）聳
□	kɑŋ1	身上出現皮疹
□	kɑŋ1	～火（面部潮紅）
□	kɑŋ5	攤：～燒餅
□	kɑŋ5	填土使之高：溝坎～高點
□	ɡɑŋ2	擁擠，又音「ɡəŋ¹¹³」
□	xɑŋ1	輕輕地碰、推
□	xɑŋ3	气喘
□	xɑŋ5	抵擋，承擔：伲个～得住？
□	ɣɑŋ2	支持住：身體～不住
□	kuɑŋ5	腳股～（腿肚）
□	kuɑŋ5	撫摸
□	kʰuɑŋ1	～得不～得，捨不捨得
□	kʰuɑŋ1	初步估算：～～看，要多少錢
□	kʰuɑŋ1	四甲字表作⿰土匡，地名用字：二～鎭
□	ɡuɑŋ6	用糞勺等灑潑（水、糞）
□	ɡuɑŋ6	用鐮刀亂割
□	ˀuɑŋ3	縛：～車
□	tʃyɑŋ3	將物件高舉用力往下摔；把散亂之物整理整齊
□	dʒyɑŋ4	動詞，往上堆曡
□	dʒyɑŋ6	動詞，往上堆曡；量詞，曡：一～書
□	pʰoŋ1	擬聲詞
□	foŋ5	～篤，浮腫
□	tʰoŋ3	暫借
□	tʰoŋ3	移動
□	ˀɭoŋ5	用鍋鏟攪拌，以防燒糊
□	tsoŋ3	喫，詈語：伲快點～
□	tsʰoŋ5	～手，扒手
□	tsʰoŋ5	～～溜達
□	tsʰoŋ5	～貨，質次價高的貨
□	tsʰoŋ5	（頭）低下
□	tsʰoŋ5	（鼻子）鉤：～鼻子
□	dzoŋ2	搗
□	soŋ1	往上推
□	zoŋ6	瓶口朝下；人倒懸
□	koŋ1	鑽入
□	ˀyoŋ1	軟癱下來
□	ˀyoŋ1	繞（線）：～絨線
□	pəŋ5	～弄（夾縫兒）
□	pəŋ5	時分：閒～
□	pʰəŋ1	彈（棉花）
□	ˀməŋ1	（頭）低下
□	fəŋ5	～嚏（噴嚏）
□	təŋ5	放置
□	tʰəŋ1	熏
□	tʰəŋ5	剔除
□	dəŋ6	挖苦
□	ˀɭəŋ5	畦
□	tsəŋ3	擠壓：～牙膏，～牛奶
□	tsəŋ5	因便秘而用力屙（屎）
□	dzəŋ2	埯：～寒豆
□	zəŋ6	頭低下
□	kəŋ5	～～：屎也
□	kʰəŋ1	翻動尋找，帶有貶義
□	ɡəŋ2	推擠
□	xəŋ1	鬥嘴，刺激他人
□	xəŋ5	擔～，耐飢
□	xəŋ5	食物未煮軟：肉皮～个
□	xəŋ5	愛理不理的狀態：他人忒～
□	xəŋ5	～雨（一場透雨）
□	xəŋ5	喫飯～裏（喫飯時分）；雨～（雨季）
□	ɣəŋ2	未
□	tɕiŋ1	緊捏
□	tɕiŋ1	紮（辮子）
□	xiŋ5	食物未煮軟：肉皮～个，又音xəŋ³³⁴
□	kuəŋ5	燜：煮開仔再～～；悶熱（天气）：～气；化膿：～膿
□	ˀuəŋ1	麥～：麥殼、麥芒等混合物
□	ˀuəŋ3	大魚游過水面時出現的漩渦
□	tʃyŋ3	繩子、線等單位長度的迴旋數
□	tʃyŋ3	稱物時秤尾高，又叫[ɕiɪ̃⁴⁴]
□	piɪ̃1	比：他～我小
□	tɕiɪ̃1	上，旁邊，裏，附近：頭～，腳～，身～，上～，下～
□	tɕiɪ̃5	～帬，舊時婦女穿的
□	tɕiɪ̃5	斜插進去
□	dʑiɪ̃2	跟人攀比，要別人一起承當責任或要與別人享受同樣待遇
□	ɕiɪ̃1	稱物時秤尾高
□	ɕiɪ̃3	拉，撦：～葉子
□	ˀiɪ̃5	小孩子好動而頑皮
□	pæ̃5	門～釦：門鼻兒
□	bæ̃6	靜～，安靜
□	fæ̃1	水放少了，飯或麪較乾硬
□	tæ̃5	用竹竿等測河深，四甲字表作𤁡不合音韻
□	dæ̃6	～塊，這裏
□	ˀnæ̃3	以物強予人或強要他人財物，又讀陽去
□	næ̃6	以物強予人或強要他人財物，又讀陰上
□	tsæ̃1	剁
□	tsæ̃1	呆（待）：～徠屋裏（呆在家裏）
□	tsæ̃5	～勁（使勁）
□	tsæ̃5	葦笆
□	tsʰæ̃1	推翻，傾倒
□	kæ̃5	擦屁股
□	xæ̃1	慢
□	ɦiæ̃6	衣裳合音，部分口音讀作ʒæ̃
□	ɕiæ̃1	鄉下合音
□	kuæ̃1	不經意地看到
□	ɡuæ̃2	低頭彎腰：～下來；垂下，稻～頭作
□	xuæ̃1	飯太乾
□	xuæ̃5	～跤（摔跤）
□	ˀuæ̃1	中途在某處停留
□	ˀuæ̃3	央人從中說合某事
□	ˀuæ̃5	遶道，～路
□	bᵚm̩2	挪動（重物）
□	tᵚm̩1	稍微沾一點：～點嚐嚐
□	tʰᵚm̩1	鋪（牀）：～牀
□	tʰᵚm̩1	坡度小和「嶃」相對
□	tʰᵚm̩5	將戴的或掛的東西摘下；將裝在（套在）一起的東西卸下
□	dᵚm̩2	收藏在地窖裏：～地瓜種
□	dᵚm̩4	摺曡（布匹等）
□	ˀᵚm̩1	～口，像酒罈那種口型
□	ɦᵚm̩6	銅板有圖案的一面
□	tʃᶶm̩1	（蟲）蛀
□	tʃʰᶶm̩1	順着物體邊沿滑下
□	tʃʰᶶm̩5	用鍬或鏟子等齊土面鏟斷植物
□	tʃʰᶶm̩5	根莖分蘖：～仔好幾個頭；漫延：癢瘡～仔一身
□	ˀmɑʔ9	眼瞼下垂
□	ˀmɑʔ9	～肩（溜肩兒）
□	fɑʔ7	～溝（撐竿越過小河）
□	tsɑʔ7	～膩（勾芡）
□	sɑʔ7	～糞（漚糞）
□	zɑʔ8	～進～出，凹凸不平
□	zɑʔ8	突然撞見或等候到：半路裏～他去（半路上等他去）
□	zɑʔ8	～角（四邊形不太方正）
□	kɑʔ7	『个啊』的合音詞，表疑問，用於句末：又音［kaɐ]
□	kʰɑʔ7	從上壓下：當心上頭東西～下來
□	kʰɑʔ7	扣押；扣除
□	ŋɑʔ8	單字音：壓價
□	ŋɑʔ8	壓價
□	xɑʔ7	給，本字或爲匄
□	xɑʔ7	被（介詞），本字或爲匄
□	tɕʰiɑʔ7	嵌入，插入：～版
□	kuɑʔ7	～到（瞥見；不經意聽到）
□	kʰuɑʔ7	～辣子（塊狀物，大致相當於『疙瘩』）
□	ɡuɑʔ8	分隔：～開來；被卡住：～住作
□	ɡuɑʔ8	絆：他～我一腳
□	xuɑʔ7	～溝（撐竿越過小河）
□	boʔ8	用力使物上下或內外變換位置
□	boʔ8	撥弄；撥弄是非：～淡話
□	boʔ8	搞：～菜飯
□	ˀmoʔ9	疣
□	toʔ7	咬舌兒、口吃的人：～子；啞口無言：嘴～作
□	toʔ7	睡時將衣服蓋在身上
□	toʔ7	（眼皮）下垂
□	toʔ7	萎縮：萎頭～頸
□	toʔ7	熬、燉、煨，俗字作𤒘
□	doʔ8	沸
□	ˀɭoʔ9	摞：拏碗～起來；一～碗
□	dzoʔ8	把一把或一捆條狀物在平面上撞擊使一端整齊：～～齊
□	dzoʔ8	投入：蒼蠅～來湯裏
□	zoʔ8	（車子）顛簸
□	ɡoʔ8	木型木～，遲鈍
□	xoʔ7	靠
□	kuoʔ7	～桶（做木桶）
□	kuoʔ7	屋頂上有幾根檁條叫幾～；五～頭房子
□	kʰuoʔ7	器物口朝下放置： ～下來
□	ʃyoʔ7	仔～（清晰）
□	ʃyoʔ7	捆紮好或箍好的東西散開
□	ʒyoʔ8	心裏亂，不定神：他～殺作，衹顧跑來跑去
□	fəʔ7	又音，人的能力差；物品質量差：～貨
□	fəʔ7	又音，～疱，水疱
□	fəʔ7	分解開來：拏繩～開來
□	fəʔ7	又音，木頭～拉作；引申爲窩囊：他是個老～
□	təʔ7	點（頭）
□	tsəʔ7	～脈，把～
□	tsəʔ7	～頭（手指）；～掐（指甲）
□	tsəʔ7	輩：我比他大一～
□	tsʰəʔ7	繫，拴：拏鞋帶～好仔
□	tsʰəʔ7	放置地上吸潮
□	pʰiəʔ7	將浮在水表面的油舀走
□	kiəʔ7	～個，『箇一』［kəʔ³⁴ iəʔ³]合音
□	ˀiəʔ7	～蟲子，變質的麪粉中生出小蟲子
□	kuəʔ7	指示代詞，那：～個，那個
□	kʰuəʔ7	糧食，衣服因存放時間過長而變質
□	kʰuəʔ7	放置物品使保持一定溼度
□	ɡuəʔ8	大口地喝水
□	xuəʔ7	人的能力差；物品質量差：～貨
□	xuəʔ7	～疱，水疱
□	xuəʔ7	木頭～拉作；引申爲窩囊：他是個老～
□	ˀuəʔ7	水桶等搖晃，水向外潑出
〇	ˀɭiŋ5	
〇	ɕiŋ1	同星
㐀	tɕʰieⁱ1	丘隸定又作
㐁	tʰiɪ̃5	蛇～子，蛇舌
㐭	ˀɭiŋ3	同廩
㑁	tʃʰyoʔ7	同䂐
㒎	sɑʔ7	同𠎷
㒲	ʑiəʔ8	同入
㒴	kuəʔ7	
㒼	ˀmᵚm̩5	極少數老派有此音，主流多讀爲ᵚm̩，該音節又可讀爲mɯ̃或mɤᵚ或mɤ̃，～襠褲
㒼	ˀᵚm̩5	～襠褲
㓝	ʑiŋ2	說文刑作此
㔢	ʑiəʔ8	用力撦斷（線等）
㔶	kᵚm̩3	釜～（鍋蓋）
㕎	kʰuoʔ7	
㕐	ɕia5	從高處塌下：上頭～下來着
㕞	sɑʔ7	
㕡	xoʔ7	同壑
㗋	ɣeⁱ2	
㗎	ka5	疑問語气詞：「各啊」合音
㘌	dʑiəʔ8	
㘳	tɕʰieⁱ1	說文載「丘古文」
㚷	ˀȵiⱼ3	
㜥	ˀmɛ3	姆～：母親
㜰	sɑʔ7	
㜵	ˀȵiɔ3	
㝏	tɕia5	
㝗	ˀɭɑŋ3	稀疏：齜牙～齒，牙齒又外露又稀疏
㝗	ˀɭɑŋ5	～裏～㝩，虛而不實；～㝩：物體因體積大或形狀不規則，因而放器物內不密實
㝥	ˀmiⱼ1	小睡
㝩	kʰɑŋ3	㝗裏㝗～
㝩	ɡɑŋ2	又音，㝗～：物體因體積大或形狀不規則，因而放器物內不密實
㝯	dʑiɔ2	
㞚	sɑʔ7	櫼～ ，楔子
㞞	zoŋ2	精液： ～塘，無能，窩囊
㟅	ˀŋoŋ5	
㡯	dzəʔ8	
㢸	biəʔ8	同弼
㤩	kʰoʔ7	恪異體
㥦	tɕʰiəʔ7	
㥰	sɔ1	
㦌	fəʔ7	又音，睏～頭裏（睡夢裏）
㦌	xuəʔ7	睏～頭裏（睡夢裏）
㧕	ˀɭeⁱ3	攪
㧖	ˀŋəʔ7	同扼
㧙	piəʔ7	又音
㧙	biəʔ8	
㧾	kʰuəʔ7	
㨟	xɛ1	～子
㩇	fɑʔ7	裂開
㩇	xuɑʔ7	裂開：～嘴
㩝	ɣɔ6	～～份量：用勺、碗、瓢等舀物，大略地估計其份量
㪌	soŋ3	蹬，腳一～
㪗	tʰeⁱ3	～气
㪣	kʰɔ1	
㪣	tɕʰiɔ1	文
㪪	sɑʔ7	楔子
㪹	ˀɭeⁱ3	亂來：瞎～；敗掉了：～來着
㫄	bɑŋ2	旁古字
㫰	ˀɭɑŋ3	又音
㫰	ɭɑŋ6	晾
㬟	vəŋ2	未
㭢	ʑiŋ2	～柏村，正餘鎮某村名，字今作刑
㭾	dʒyoʔ8	樹～頭
㮓	kəŋ5	說文亙作此
㯃	tɕʰiəʔ7	
㱥	ˀɭəŋ5	～𣩟
㱿	kʰoʔ7	
㲀	tsəŋ1	
㲄	kʰoʔ7	
㲉	kʰoʔ7	
㲱	ˀɭiəʔ9	同鬣
㲳	tiəʔ7	
㳄	ʑiɪ̃2	同涎
㳍	pu5	
㳬	ʑiɪ̃6	漩本字
㳬	ʒᶶm̩2	又音
㵺	ba2	筏：海蜇～
㶳	ʑiŋ6	同燼
㷠	ˀɭiŋ5	同燐
㷯	boŋ4	～塵，『呂四方言研究』正字作埲
㷰	tsʰɿ1	火～
㹅	tsoŋ3	
㺅	ɣeⁱ2	
㼭	diɪ̃6	
㽁	ˀɭiəʔ9	
㽂	ʃyoʔ7	散架
㽱	kɔ3	～人
㽹	fæ̃5	心～
㾑	toʔ7	浮腫：臉～作
㾦	bɛ6	紅痧白～
㾭	tɕieⁱ5	～筋
㿭	tsʰəʔ7	開～
㿳	tsʰɿ1	
㿷	tsʰɔ5	～米
䀇	ku3	沙～
䀵	tɕʰiⱼ1	～眼；近視眼
䁱	kʰeⁱ1	同瞘
䂐	tʃyoʔ7	
䂐	tʃʰyoʔ7	短～～
䂸	kuɑʔ7	破裂
䂻	dzəŋ6	硬喫
䃞	zoʔ8	
䃩	ˀnɔ5	
䆅	tsɿ5	
䆫	tʃʰyɑŋ1	窗異體
䇂	tɕʰiɪ̃1	
䇐	ɭiⱼ6	
䇫	tɕiⱼ1	篦～；～頭
䈎	ˀiəʔ9	單字音
䈎	ɦiəʔ8	句中音
䊋	tʃyɑŋ1	
䊝	ɕiəʔ7	
䊞	təʔ7	黏
䋣	væ̃2	
䌠	tɕiɪ̃1	～酸
䍍	kʰoʔ7	
䍐	xᵚm̩3	罕本字
䍤	tɕiⱼ3	擰
䏈	ˀniɪ̃5	聯本字
䐝	sɤᵚ5	
䐥	ˀoŋ5	
䑑	boʔ8	～人
䑔	vɑʔ8	舂去外殼後，再舂一次
䕭	ʑiɪ̃2	
䗌	ɕiŋ1	～虰（蜻蜓）
䘆	ɕiɪ̃3	
䘍	tsʰa3	白
䘍	tsʰɛ3	文
䙅	ˀiɔ1	
䙅	ˀiɔ5	～紨
䛐	zɿ2	
䛝	ˀnɔ5	
䛬	dɔ2	
䞁	ˀiɪ̃5	量，比：～～哪個高
䟆	piəʔ7	同䟆
䠡	zɤᵚ2	草垛等由虛變實而下沈：柴子～下去作
䢦	ʃyəʔ7	
䥑	ˀməʔ9	
䨮	ɕiəʔ7	同雪
䩌	tɕiɔ1	～黑（呂四字表記）
䩍	ˀɭiɔ3	面白～～
䪢	tɕiⱼ1	
䫘	dʑiəʔ8	䫛～
䫛	ɣeⁱ2	～䫘
䫜	ˀŋɔ1	～臉
䫜	ˀɔ1	又音，～臉
䫨	ŋɔ6	頭～起來
䫲	xeⁱ1	浮腫
䬊	sɑʔ7	～風
䬵	ɡɛ4	噯气，打飽嗝兒
䭦	boʔ8	
䭹	ˀŋɑŋ3	
䭾	dɤᵚ2	
䭿	ˀiəʔ9	人名用字
䭿	ɦiəʔ8	人名用字
䯂	ɕiŋ5	莊稼茂盛
䰐	ˀnæ̃5	～鬖
䰐	ˀɭæ̃5	～鬖
䰞	tsu3	
䱀	ˀŋɑŋ1	～䲉（黃顙魚）
䱗	tsʰæ̃1	～魚
䲉	sɿ1	䱀～，黃顙魚
䳘	ˀŋɤᵚ5	
䳞	boŋ4	鳥驚飛，『呂四方言研究』正字本作⿰鳥奉
䴛	sɔ5	鹹
䴾	zɤᵚ2	穀麥純淨
䵑	ȵiŋ6	黏性（的）
䵹	tsɿ1	
䶑	tʰi5	
䶕	bɤᵚ2	～牙齒
䶠	ˀŋæ̃5	～頭
䶠	ɣæ̃2	口持不齧：嘴裏～个東西
一	ˀiəʔ7	
丁	tiŋ1	
七	tɕʰiəʔ7	
万	ˀməʔ9	～俟（複姓）
丈	dzæ̃6	
三	sæ̃1	
上	zæ̃4	動詞，伲～哪裏去
上	zæ̃6	～下
下	ɦa	地～，底～，竈～
下	ʑia6	文
下	ɣuo4	往：～海，～田；放入：～餛飩；（動物）生產：～牸
下	ɣuo6	方位詞：～頭
下	ʒyo6	～等，～處（旅店）
下	ɦæ̃	鄉～
下	ɣoʔ8	～巴
丌	tɕiⱼ1	
不	pieⁱ5	義爲不要，疑爲不和另一字的合音，暫寫作不
不	pəʔ7	
丏	ˀmiɪ̃3	
丐	kɛ5	
丑	tsʰeⁱ3	地支
且	tɕʰia3	～得，暫且
且	tɕʰiɛ3	文
丕	pʰi1	
世	sɿ5	
丘	tɕʰieⁱ1	
丙	piŋ3	
丞	dzəŋ2	
丟	teⁱ1	
丠	tɕʰieⁱ1	丘隸定又作
並	biŋ4	～攏：靠在一起
並	biŋ6	～且；～列
丩	tɕieⁱ1	
个	kə	相當於助詞「的」
丫	ˀŋuo1	～頭，又音
丫	ˀuo1	～頭
丫	ˀyo1	～鬟
中	tsoŋ1	
中	tsoŋ5	射～
丰	foŋ1	～采
串	tʃʰᶶm̩5	～子繩
丸	ˀᵚm̩5	
丹	tæ̃1	
主	tsu3	
丼	tᵚm̩3	姓氏
丽	ɭiⱼ6	
丿	pʰiəʔ7	
乂	ȵiⱼ6	
乃	ˀnɛ3	
乃	nɛ6	
久	tɕieⁱ3	
么	ˀiɔ1	幺俗字，又姓氏
之	tsɿ1	
乍	dʒyo6	～浦
乎	fu1	
乎	vu2	在～
乎	ˀu5	
乏	vɑʔ8	
乒	pʰiŋ1	
乓	pʰɑŋ1	
乖	kua1	聽話，懂事，指小孩；圓滑，指成人；不傻：不癡不～
乘	tsʰəŋ5	字本作趁，～船；～機、～勝、～虛、～風
乘	dzəŋ2	～涼
乙	ˀiəʔ7	
乜	mia1	
乜	mia3	
九	tɕieⁱ3	
乞	tɕʰiəʔ7	
也	ˀia3	
也	ˀiɛ3	文
乩	tɕiⱼ1	扶～
乳	zu4	～～，豆腐～
乾	dʑiɪ̃2	～坤
乾	kᵚm̩1	～溼
亂	nᵚm̩6	
亂	ɭᵚm̩6	
了	ˀɭiɔ3	～結
予	ˀyⱼ5	
予	ˀyⱼ3	給～
事	zɿ6	
二	ɦɛ6	白
亍	tsʰoʔ7	彳～
于	ˀyⱼ5	姓氏
亏	ˀyⱼ5	于異體
云	ˀyŋ5	子曰詩～
互	vu6	
互	ɣu6	新派
互	ɦu6	
亓	dʑiⱼ2	
五	ˀu3	
井	tɕiŋ3	
亖	sɿ5	
亙	kəŋ5	
些	ɕiⱼ1	
些	ɕia1	又音
些	ɕiɛ1	
些	ɕiŋ1	又音
亞	ˀia5	～洲
亞	ˀyo5	老
亟	tɕiəʔ7	
亡	ˀmɑŋ5	祖宗～人
亡	vɑŋ2	文
亢	kʰɑŋ5	高～
交	kɔ1	
交	tɕiɔ1	文
亥	ɣɛ6	
亦	ˀiəʔ9	單字音
亦	ɦiəʔ8	句中音
亨	xɑŋ1	大～
亨	xəŋ1	
享	ɕiɪ̃3	
京	tɕiŋ1	
亭	diŋ2	
亮	niɪ̃6	
亳	boʔ8	
人	zəŋ2	文
人	ˀȵiŋ5	
什	zəʔ8	～錦糖
仁	zəŋ2	
仁	ˀȵiŋ5	麥～子，蝦～
仃	tiŋ1	
仄	tsəʔ7	
仆	pʰoʔ7	前～後繼；～倒
仇	dzeⁱ2	讎又作此
仇	dʑieⁱ2	姓氏
仉	tsæ̃3	
今	tɕiŋ1	
介	ka5	～意
介	tɕia5	文
介	tɕiɛ5	文
仍	dzəŋ2	
仍	zəŋ2	又音
从	dzoŋ2	從本字
仔	tsɿ3	～細
仔	tsɿ	語助，相當於了1
仕	zɿ6	
他	tʰa1	
仗	tsæ̃5	打～
仗	dzæ̃6	炮～，爆竹；依～、儀～
付	fu5	
仙	ɕiɪ̃1	
仞	zəŋ6	
仟	tɕʰiɪ̃1	
代	dɛ6	
令	ˀɭiŋ5	一～紙；～狐沖
令	ɭiŋ6	
以	ˀiⱼ3	
仰	ˀȵiɪ̃3	
仲	dzoŋ6	
件	dʑiɪ̃6	
价	tɕia5	～紹
任	zəŋ2	姓氏
任	zəŋ6	～務
份	vəŋ6	本字爲分
仿	fɑŋ3	～眞
企	tɕʰiⱼ3	
伃	ˀyⱼ5	
伊	ˀiⱼ1	
伋	tɕiəʔ7	
伍	ˀu3	
伍	ɦu6	隊～
伎	dʑiⱼ6	
伏	bu6	蹲伏； ～下來
伏	voʔ8	
伐	vɑʔ8	
休	ɕieⁱ1	
伙	xɤᵚ3	
伯	pɛ1	～～：姑姑，父之妹，有的地方指叔父
伯	pɑʔ7	老～～（伯伯）
伯	pəʔ7	又音
估	ku3	
伱	ˀȵiⱼ3	
伲	ˀȵiⱼ3	
伴	bᵚm̩6	
伶	ˀɭiŋ5	
伸	səŋ1	
伸	ʃyŋ1	～腰扭肚，伸懶腰
伺	tsʰɿ5	～候
伺	sɿ5	～機，又
伺	zɿ6	～機，本字或作俟
似	zɿ6	
伽	dʑia2	～藍
佃	diɪ̃6	
但	dæ̃6	
佇	dzu6	
佈	pu5	～置
位	ɦueⁱ6	
低	tiⱼ1	
住	dzu6	
佐	tsɤᵚ5	
佑	ɦieⁱ6	
佔	tɕiɪ̃5	～領
何	ɣɤᵚ2	
佗	dɤᵚ2	
佘	za2	姓氏
余	ˀyⱼ5	
佚	ˀiəʔ9	單字音
佚	ɦiəʔ8	句中音
佛	vəʔ8	拜～
作	tsoʔ7	
佝	keⁱ1	
佞	ȵiŋ6	
佣	ɦyoŋ6	～人，舊文多作「用人」
佩	bɛ6	
佬	ˀɭɔ3	
佮	kuoʔ7	～伙，～湊；～繩；～縫
佯	ˀiɪ̃5	
佰	pəʔ7	
佳	tɕia1	文
併	piŋ3	～到一淘，～攏：歸攏，也可讀陰去
併	piŋ5	合～，兼～
佶	dʑiəʔ8	
佻	tʰiɔ1	
佼	tɕiɔ3	
使	sɿ3	～出插
使	sɿ5	
使	sɿ5	白
侃	kʰᵚm̩3	
侄	dzəʔ8	同姪
來	ˀɭɛ5	
來	ˀlɛ	相當於動詞後頭作補語的助詞「得」
侈	tsʰɿ3	
侉	kʰuo3	～子
例	ɭiⱼ6	
侍	zɿ6	
侏	tsu1	
侖	ˀɭəŋ5	
供	koŋ1	提～
供	koŋ5	～應
依	ˀiⱼ1	
侮	vu4	～辱
侮	vu6	
侯	ɣeⁱ2	
侵	tɕʰiŋ1	
侶	ˀɭyⱼ3	
侷	dʒyoʔ8	
便	biɪ̃2	～宜；大腹～～
便	biɪ̃6	～利
係	ɕiⱼ1	關～
係	ɦiⱼ6	老，是
促	tsʰoʔ7	
俄	ˀŋɤᵚ5	
俊	tʃyŋ5	
俎	tsu3	
俏	tɕʰiɔ5	
俐	ɭiⱼ6	
俑	ˀyoŋ3	
俗	zoʔ8	
俘	fu1	
俚	ˀɭiⱼ3	
保	pɔ3	
俞	ˀyⱼ5	
俟	zɿ6	～機
俟	dʑiⱼ2	万～（複姓）
俠	ʑiɑʔ8	
俠	ʑiəʔ8	
信	ɕiŋ5	
修	seⁱ1	又音
修	ɕieⁱ1	又音
俯	fu3	
俱	tʃyⱼ1	～樂部
俱	dʒyⱼ6	
俳	ba2	
俳	bɛ2	文
俸	foŋ5	
俸	voŋ6	
俺	ˀŋæ̃3	
俾	piⱼ3	
倀	tsʰæ̃1	
倆	ˀniɪ̃3	
倉	tsʰɑŋ1	
個	kɤᵚ5	
倌	kᵚm̩1	
倍	bɛ6	
倏	soʔ7	
們	ˀməŋ5	
倒	tɔ3	打～
倒	tɔ5	～水；副詞
倔	dʒyoʔ8	
倖	ʑiŋ6	僥～
倘	tʰɑŋ3	
候	xeⁱ5	估量（尺寸）：～好仔尺寸做衣裳
候	ɣeⁱ6	
倚	ˀiⱼ3	
倜	tʰiəʔ7	
借	tɕia5	
倡	tsʰæ̃1	～優
倡	tsʰæ̃5	提～，字又作唱
倢	tɕiəʔ7	
倣	fɑŋ3	傚～
倦	dʒᶶm̩6	
倩	tɕʰiɪ̃5	
倪	ˀȵiⱼ5	
倫	ˀɭəŋ5	
倭	ˀɤᵚ1	～寇
值	dzəʔ8	
偁	tsʰəŋ1	
偃	ˀia1	溜，避開，閃身，本字猜測是匽
偃	ˀiɪ̃3	
假	tɕia3	放～，文
假	tɕia5	文，～期
假	tʃyo3	眞～
偉	ˀueⁱ3	
偎	ˀueⁱ1	
偏	pʰiɪ̃1	
偕	ʑiɛ2	
做	tsɤᵚ5	
停	dəŋ2	又音
停	diŋ2	
健	dʑiɪ̃6	
偪	piəʔ7	
偲	sɿ1	人名用字
偲	tsʰɛ1	人名用字又音
側	tsəʔ7	向一邊傾斜
側	tsʰəʔ7	文
偵	tsəŋ1	
偶	ˀŋeⁱ3	
偷	tʰeⁱ1	
偽	ˀueⁱ3	新
偽	ɦueⁱ6	老
傀	kʰuɛ3	～儡
傀	kueⁱ1	
傀	kʰueⁱ3	
傅	fu5	姓氏
傅	vu6	師～，本字又作父
傈	ˀɭiəʔ9	
傍	bɑŋ2	偏～
傍	bɑŋ6	
傏	dɑŋ2	
傑	dʑiəʔ8	5
傕	koʔ7	
傘	sæ̃3	
備	biⱼ6	
傚	ʑiɔ6	～仿
傢	tɕia1	文
傢	kuo1	～貨
催	tsʰɛ1	
傭	ˀyoŋ5	僱～
傯	tsoŋ3	
傲	ŋɔ6	
傳	dʒᶶm̩2	～達
傳	dʒᶶm̩6	～記
傴	ˀyⱼ3	
債	tsa5	白
傷	sæ̃1	
傻	ʃyo3	～子
傾	tɕʰiŋ1	
僂	ˀɭeⁱ5	佝～病
僅	tɕiŋ3	新
僅	dʑiŋ6	老
僉	tɕiɪ̃1	
僊	ɕiɪ̃1	仙本字
像	ʑiɪ̃4	單音節動詞：丫頭～孃
像	ʑiɪ̃6	組成雙音詞
僑	dʑiɔ2	
僕	boʔ8	～人
僖	ɕiⱼ1	
僚	ˀɭiɔ5	
僞	ˀueⁱ3	新
僞	ɦueⁱ6	老
僥	tɕiɔ3	～倖
僧	səŋ1	
僭	tɕiɪ̃5	
僱	ku5	
僵	tɕiɪ̃1	
價	tɕia5	文
價	kuo5	無等～：（價錢）沒準兒
價	tʃyo5	～錢
僻	pʰiəʔ7	偏～
儀	ˀȵiⱼ5	
儀	ȵiⱼ6	又音
儁	tʃyŋ5	
儂	ˀnoŋ5	
億	ˀiⱼ5	
儆	tɕiŋ3	
儈	kueⁱ5	
儉	dʑiɪ̃6	
儋	tæ̃1	
儌	tɕiɔ3	～倖
儎	zɛ6	
儐	piŋ1	
儒	zu2	
儓	tɛ1	裝癡學～，字又作懛
儔	dzeⁱ2	
儕	zɛ2	都
儗	ˀȵiⱼ3	
儘	tɕiŋ3	～管
儘	ʑiŋ6	
儘	tʃyŋ3	～喫，～前頭坐
償	zæ̃2	
儡	ˀɭɛ3	
優	ˀieⁱ1	
儲	dzu2	
儷	ɭiⱼ6	
儸	ˀɭɤᵚ5	
儺	ˀnɤᵚ5	
儻	tʰɑŋ3	倜～
儼	ˀȵiɪ̃3	
儽	ɭɛ6	～命， ～神；～家私
儾	nɑŋ6	
兀	ˀŋəʔ9	
允	ˀyŋ3	
元	ˀɲᶶm̩5	
元	ˀᶶm̩5	又音
兄	ʃyoŋ1	
充	tsʰoŋ1	
兆	dzɔ6	
兇	ʃyoŋ1	
先	ɕiɪ̃1	
光	kuɑŋ1	
光	kuɑŋ5	剃（鬍子），俗字或作⿰光刂
光	kuɑŋ5	～火（發火）
克	kʰəʔ7	
兌	dɛ6	
免	ˀmiɪ̃3	
兒	zɿ2	白，爺～兩個，孃～兩個
兒	ˀɛ5	文
兔	tʰu5	
兕	zɿ6	
兖	ˀiɪ̃3	
党	tɑŋ3	～項
兜	teⁱ1	～底，～肚
兢	tɕiŋ1	
入	zəʔ8	肏，又音
入	ʑiəʔ8	交合，俗字作肏
入	ʒyəʔ8	～味
內	nɛ6	
全	ʑiɪ̃2	又音
全	ʒᶶm̩2	又音
兩	ˀniɪ̃3	
八	pɑʔ7	
公	koŋ1	
六	ˀɭoʔ9	
兮	ˀiⱼ5	
共	ɡoŋ6	
兵	piŋ1	
其	dʑiⱼ2	
具	dʒyⱼ6	
典	tiɪ̃3	
兼	tɕiɪ̃1	
冀	tɕiⱼ5	
冂	ˀmiəʔ9	冪本字
冃	mɔ6	帽本字
冈	vɑŋ4	罔俗字
冈	vɑŋ6	罔俗字
冉	ˀȵiɪ̃3	
冊	tsʰəʔ7	
再	tsɛ5	
冎	kuo3	
冑	dzeⁱ6	
冒	mɔ6	
冕	ˀmiɪ̃3	
冗	ˀɲyoŋ3	
冗	ˀyoŋ3	又音
冠	kᵚm̩1	帽：衣～
冠	kᵚm̩5	～軍
冡	ˀmoŋ5	
冢	tsoŋ3	
冤	ˀᶶm̩1	
冥	ˀmiŋ5	
冪	ˀmiəʔ9	
冬	toŋ1	
冰	piŋ1	
冶	ˀia3	
冶	ˀiɛ3	文
冷	ˀɭəŋ3	
冷	ˀɭiŋ5	～溏，冰凌
冼	ɕiɪ̃3	姓氏
冽	ˀɭiəʔ9	
凃	du2	姓氏
准	tʃyŋ3	批～
凋	tiɔ1	
凌	ˀɭiŋ5	
凍	toŋ5	
凓	ˀɭiəʔ9	
凙	dɑŋ6	冷～，疑爲小稱兒化
凙	doʔ8	
凚	dʑiŋ4	因冷而顫抖
凜	ˀɭiŋ3	
凝	ˀȵiŋ5	
几	tɕiⱼ3	～櫃
凡	væ̃2	
凭	biŋ2	
凰	ˀuɑŋ5	
凱	kʰɛ3	
凳	təŋ5	
凶	ʃyoŋ1	
凷	kʰuɛ5	塊本字
凸	dəʔ8	
凹	ˀɔ1	文
出	tʃʰyoʔ7	
出	tʃʰyəʔ7	～來，～醜
函	ɣᵚm̩2	
刀	tɔ1	
刁	tiɔ1	
刃	zəŋ6	
分	fəŋ1	
分	vəŋ6	名～
切	tɕʰiəʔ7	
刈	ȵiⱼ6	
刊	kʰᵚm̩1	
刎	vəŋ2	
刑	ʑiŋ2	
划	ɣuo2	～算，計算
划	ˀuo5	～船
刖	ˀyoʔ9	單字音
刖	ɦyoʔ8	語流音
列	ˀɭiəʔ9	
初	tsʰu1	
判	pʰᵚm̩5	
別	piəʔ7	～過頭去
別	biəʔ8	～人；離～
刨	bɔ2	挖：～山芋
刨	bɔ6	～木頭；～平
利	ɭiⱼ6	
刪	sæ̃1	
刮	kuɑʔ7	～皮
到	tɔ5	
刳	kʰu1	
制	tsɿ5	～度
刷	sɑʔ7	
券	tʃʰᶶm̩5	
刺	tsʰɿ5	
刻	kʰəʔ7	
剁	tɤᵚ5	
剃	tʰiⱼ5	
剆	ˀɭɤᵚ3	同𣂞
則	tsəʔ7	
削	ɕiɑʔ7	
剋	kʰəʔ7	
剌	ˀɭɑʔ9	
前	ʑiɪ̃2	
剎	tsʰɑʔ7	
剎	sɑʔ7	～車，字又作煞
剔	tʰiəʔ7	
剖	pʰeⁱ3	
剖	pʰɤᵚ3	～開來
剚	zɿ6	碎割零～
剛	kɑŋ1	
剜	ˀuæ̃3	
剜	ˀᵚm̩1	
剝	poʔ7	
剟	toʔ7	
剨	xuəʔ7	
剩	tsʰəŋ5	
剩	dzəŋ6	又音
剪	tɕiɪ̃3	
剮	kuo3	
副	fu3	一～牌
副	fu5	正～，～職
割	kuoʔ7	
剳	tsɑʔ7	同劄
創	tʃʰyɑŋ1	
創	tʃʰyɑŋ5	～新，本字爲𠛝
剽	pʰiɔ5	～竊
剽	biɔ2	
剿	tɕiɔ3	
劁	zɔ2	割（莊稼）：～麥，～稻
劃	ˀuɑʔ9	單字音，字又作畫
劃	ɦuɑʔ8	～分，字又作畫
劃	fəʔ7	又音，將竹篾等劈成更薄的片兒
劃	xuəʔ7	將竹篾等劈成更薄的片兒
劄	tsɑʔ7	
劇	dʒyoʔ8	又音
劇	dʑiəʔ8	又音
劈	pʰiəʔ7	
劉	ˀɭeⁱ5	
劊	kueⁱ5	
劍	tɕiɪ̃5	
劐	xuo3	用刀破開、劃開
劑	tɕiⱼ5	藥～
劑	tɕiəʔ7	一～藥
力	ˀɭiəʔ9	
功	koŋ1	
加	ka1	新引入層
加	tɕia1	文
加	kuo1	白，～件衣裳
加	tʃyo1	更～
劣	ˀɭiəʔ9	
劦	ʑiəʔ8	同協
助	dzu6	
助	zu6	又音
努	ˀnɤᵚ3	
劫	tɕiəʔ7	
効	ʑiɔ6	～力
勁	tɕiŋ5	
勃	bəʔ8	
勅	tsʰəʔ7	
勇	ˀyoŋ3	
勉	ˀmiɪ̃3	
勒	ˀɭəʔ9	
勒	ˀɭəʔ	（助詞）用在動詞後，相當於「了」
動	doŋ4	單字音
動	doŋ6	
勘	kʰᵚm̩1	
務	vu6	～實
務	ɦu6	
勛	ʃyŋ1	同勳
勝	səŋ5	
勞	ˀɭɔ5	
募	mɤᵚ6	
勢	sɿ5	
勤	dʑiŋ2	
勩	ˀiⱼ3	器物磨損
勮	dʒyⱼ6	
勰	ʑiəʔ8	
勳	ʃyŋ1	
勵	ɭiⱼ6	
勸	tʃʰᶶm̩5	
勹	pɔ1	說文載「包」本字，非
勺	tsʰɑʔ7	用勺、瓢等舀（糧食等）
勺	zɑʔ8	
勻	ˀyŋ5	
勾	keⁱ1	～肩搭背
勾	keⁱ5	～當，字又作句
勿	vəʔ8	
匃	kɛ5	
匄	xɑʔ7	給；被（介詞）
包	pɔ1	
匆	tsʰoŋ1	
匈	ʃyoŋ1	
匍	bu2	
匏	bɔ2	
匐	voʔ8	
匕	piⱼ3	
化	xuo5	
北	poʔ7	
匘	ˀnɔ3	腦古字
匙	zɿ2	湯～
匛	dʑieⁱ6	
匝	tsɑʔ7	
匠	ʑiɪ̃6	
匠	ɦiɪ̃6	作兩字組後字的音變：大～，木～，瓦～
匡	kʰuɑŋ1	
匣	ɣɑʔ8	
匧	tɕʰiəʔ7	
匪	fiⱼ3	
匭	kueⁱ3	
匯	ɦueⁱ6	
匱	ɡueⁱ6	
匳	ˀniɪ̃5	同奩
匶	dʑieⁱ6	
匹	pʰiəʔ7	
匾	piɪ̃3	
匿	ˀȵiəʔ9	
區	tʃʰyⱼ1	
區	ˀeⁱ1	姓氏
區	ˀŋeⁱ1	姓氏又音
十	zəʔ8	
千	tɕʰiɪ̃1	
卅	sɑʔ7	
升	səŋ1	
午	ˀu3	
卉	feⁱ5	
半	pᵚm̩5	
卋	sɿ5	
卑	pɛ1	
卒	tʃyoʔ7	～業
卒	tsəʔ7	～子
卓	tsoʔ7	
協	ʑiəʔ8	
南	ˀna5	～无
南	ˀnᵚm̩5	
博	poʔ7	
卜	poʔ7	
卝	kʰuɑŋ5	礦古文
卞	biɪ̃6	
占	tɕiɪ̃1	
卡	kʰa3	皮～；～住着
卡	kʰa5	～車
卡	kʰuo3	夾在中間，不能活動：魚骨鯁喉
卦	kuo5	
卬	ˀŋɑŋ5	
卬	ˀȵiɪ̃3	
卮	tsɿ1	
卯	ˀmɔ3	
印	ˀiŋ5	
危	ˀueⁱ5	
即	tɕiəʔ7	
卵	ˀɭɤᵚ3	屌～～，小兒語，陰莖
卵	ˀnᵚm̩3	男子陰
卵	ˀɭᵚm̩3	男子陰
卷	tʃᶶm̩3	交～，受普通話影響而破讀（通東話陰上與普通話去聲調值相同均爲51）
卷	tʃᶶm̩5	一～書
卸	ɕia5	
卹	ʃyoʔ7	
卺	tɕiŋ3	
卻	tɕʰiɑʔ7	
卿	tɕʰiŋ1	
厂	xᵚm̩3	
厄	ˀŋəʔ7	
厓	ˀia5	
厔	tsəʔ7	
厖	ˀmɑŋ5	
厚	ɣeⁱ4	
厝	ˀu5	～裏
厝	tsʰɤᵚ5	
原	ˀɲᶶm̩5	
原	ˀᶶm̩5	
厤	ˀɭiəʔ9	
厥	tʃyoʔ7	
厭	ˀiɪ̃5	
厲	ɭiⱼ6	
厶	sɿ1	
去	tɕʰiⱼ5	白
去	tʃʰyⱼ5	文
厾	toʔ7	擲、投、丟、拋
參	tsʰəŋ1	～差
參	səŋ1	人～，海～；人名，本作蔘
參	tsʰæ̃1	～加
參	sæ̃1	同叄
參	tʃʰᶶm̩1	老
叄	sæ̃1	
又	ɦieⁱ6	
叉	tʃʰyo1	～子
叉	tʃʰyo3	分開成叉形：腳～開來，兩隻手～在腰裏
及	dʑiⱼ2	不～他
及	dʑiⱼ6	來不～，字又作洎
及	dʑiəʔ8	
友	ˀieⁱ3	
反	fæ̃3	
叔	soʔ7	
取	tʃʰyⱼ3	
受	zeⁱ4	忍～，～～
受	zeⁱ6	接～
叛	bᵚm̩6	
叟	seⁱ3	
叢	dzoŋ2	
口	kʰeⁱ3	
古	ku3	
句	tʃyⱼ5	
句	keⁱ1	勾本字，越王～踐
句	keⁱ5	又音
另	ɭiŋ6	
叨	tɔ1	嘮～
叨	tʰɔ1	～光
叩	kʰeⁱ5	
只	tsɿ3	詩經「母也天～」，書面語
叫	kɔ5	～化子
叫	tɕiɔ5	
召	dzɔ6	
召	zɔ6	姓氏
叭	pa1	
叮	tiŋ1	
可	kʰɤᵚ3	
可	kʰəʔ7	～汗
台	tʰɛ1	～州，天～山，～甫
叱	tsʰəʔ7	
史	sɿ1	姓氏
右	ɦieⁱ6	
叵	pʰɤᵚ3	
叶	ʑiəʔ8	同協
号	ɣɔ6	～碼
司	sɿ1	
叻	ˀɭəʔ9	
叼	tiɔ1	
吁	ʃyⱼ1	气喘～～
吃	tɕiəʔ7	口～
各	koʔ7	
吆	ˀiɔ1	
合	ɣuo2	折合：一塊美元～人民幣八塊多
合	voʔ8	
合	kuoʔ7	一升十～
合	ɣuoʔ8	～作，～攏，～同；～情～理
吉	tɕiəʔ7	
吊	tiɔ5	
同	doŋ2	
名	ˀmiŋ5	
后	ɣeⁱ6	皇～
吏	ɭiⱼ6	
吐	tʰu3	～痰
吐	tʰu5	上～下瀉
向	ɕiɪ̃5	
吒	tʃyo5	哪～
君	tʃyŋ1	
吝	ɭiŋ6	
吞	tʰəŋ1	
吟	ˀȵiŋ5	
吠	fiⱼ5	文
吠	viⱼ6	又音
否	biⱼ6	～極泰來
否	feⁱ3	～定
吧	pa1	酒～
吩	fəŋ1	
含	ɣᵚm̩2	
吭	ɣɑŋ6	引～
吭	kʰəŋ1	
吮	ʒyŋ4	
启	tɕʰiⱼ3	
吱	tsɿ1	
吳	ˀu5	
吵	tsʰɔ3	
吶	ˀna	疑問語气詞，相當於「呢」，又音[nə]
吶	ˀnɑʔ9	
吸	ɕiəʔ7	
吹	tsʰu1	
吹	tʃʰyeⁱ1	文， ～洋泡泡
吻	vəŋ4	
吻	vəŋ6	
吼	xeⁱ5	
吾	ˀu5	
呀	xuo1	
呂	ˀɭiⱼ3	～四
呂	ˀɭyⱼ3	
呆	tɛ1	儓俗字
呆	ˀŋɛ5	～頭～腦，正字又作獃
呈	dzəŋ2	
告	kɔ5	
呐	ˀnəʔ9	同訥
呢	ˀȵiⱼ5	～喃
周	tseⁱ1	姓氏
呪	tseⁱ5	賭～
呱	ku1	～～（嬰兒哭聲）
味	miⱼ6	～道
味	viⱼ6	
呴	xeⁱ1	尋～勢
呵	xɤᵚ1	一气～成
呶	ˀnɔ5	表示遠指的指示詞：～，在國那
呷	xɑʔ7	
呸	pʰeⁱ1	表示否定或責怪的嘆詞
呻	səŋ1	
呼	fu1	
呼	xu1	新派
命	miŋ6	
咀	tʃyⱼ3	
咂	tsɑʔ7	～嘴
咄	təʔ7	
咆	bɔ2	
咋	tsa5	
和	ɣɤᵚ2	
和	ɣɤᵚ6	～麪，伲唱我～
咍	xɛ1	～歪，洋洋得意；擺～，擺出得意姿態
咎	dʑieⁱ6	
咐	fu5	
咒	tseⁱ5	呪俗字
咕	ku1	嘰嘰～～
咕	ɡu2	又音，～～嘮嘮，心裏不滿，自言自語
咖	ka1	～喱
咖	kʰa1	～啡
咗	tso	助詞，相當於「了1」
咚	toŋ1	
咣	kʰuɑŋ3	擬聲詞
咤	tʃyo5	
咥	diəʔ8	
咧	ˀɭiəʔ9	
咨	tsɿ1	
咩	ˀmɛ1	
咪	ˀmiⱼ1	甜～～
咫	tsɿ3	
咬	kɔ1	
咬	ˀŋɔ3	齩俗字
咯	ɭɔ	相當於「了2」，又音
咯	ˀɭoʔ	助詞，相當於助詞「了2」
咱	tsa3	
咲	ɕiɔ5	豆莢、油菜等的果實因成熟而裂開
咳	kʰəʔ7	～嗽
咵	kuo3	同侉
咷	dɔ2	作嚎～，起鬨
咸	ʑiɪ̃2	皆
咸	ɣæ̃2	～陽
咽	ˀiɪ̃1	～喉
咽	ˀiɪ̃5	同嚥
咽	ˀiəʔ7	
哀	ˀɛ1	～聲嘆氣
品	pʰiŋ3	
哄	xoŋ3	～騙
哆	tɤᵚ1	
哇	ˀua1	
哈	xa1	
哈	xa5	～肢肢：胳肢
哉	tsɛ1	
哊	ˀyoʔ7	～奶，『集韻』乙六切，吐也。『呂四方言研究』『海門縣方言志』均作噦
哎	ˀɛ5	
哐	kʰuɑŋ1	
員	ˀᶶm̩5	
哥	kɤᵚ1	
哦	ˀɤᵚ3	表應答的副詞
哦	ˀɤᵚ5	表示果然的歎詞
哦	ɦɤᵚ6	表領會、醒悟的歎詞
哨	sɔ5	
哩	ˀɭiⱼ3	
哪	ˀna3	文
哪	ˀɭa3	～個，誰；正字亦作那
哪	ˀnɤᵚ5	～吒
哭	kʰoʔ7	
哮	ɕiɔ5	
哲	tsəʔ7	
哳	tsɑʔ7	嘔啞嘲～
哺	pʰu3	又音，文讀，疑爲通泰借音
哺	bu6	
哼	xəŋ1	
哽	kəŋ3	
唁	ȵiɪ̃6	
唂	koʔ7	擬聲詞
唃	koʔ7	同唂
唆	sɤᵚ1	
唈	ˀiəʔ7	
唉	ˀɛ1	
唐	dɑŋ2	
唧	tɕiəʔ7	
唬	fu3	
唬	xu3	新派
售	zeⁱ6	
唯	viⱼ2	
唯	ˀueⁱ3	～～諾諾
唱	tsʰæ̃5	
唵	ˀᵚm̩3	
唷	ˀyoʔ9	
唸	ȵiɪ̃6	～書
唹	ˀyⱼ1	
唻	ˀlɛ	句末語气詞
唾	tʰu5	漦～，～沫
啁	tsɔ1	
啃	kʰəŋ3	
啄	tsoʔ7	
啄	zoʔ8	
啄	təʔ7	雞～米
商	sæ̃1	
啊	ˀa1	
問	məŋ6	白
問	vəŋ6	文
啐	tsʰɛ5	
啓	tɕʰiⱼ3	
啕	dɔ2	
啖	dæ̃6	
啗	dæ̃6	
啜	tʃʰyoʔ7	
啞	ˀŋuo3	
啟	tɕʰiⱼ3	
啡	fiⱼ1	
啤	biⱼ2	
啥	sa5	
啦	ˀɭa1	語气詞
啪	pia3	槍聲
啪	pʰəʔ7	
啱	ˀŋæ̃1	啱～，（剛；剛纔）
啱	ŋæ̃6	～啱，（剛；剛纔）
啷	ˀɭɑŋ1	
啻	tsʰɿ5	
啼	diⱼ2	
啾	tɕieⁱ1	
喀	kʰa1	
喀	kʰəʔ7	
喂	ˀueⁱ3	招呼聲
喃	ˀnᵚm̩5	
善	ʑiɪ̃6	
喇	ˀɭa3	
喉	ɣeⁱ2	
喊	xæ̃3	
喋	diəʔ8	
喌	tsoʔ7	
喎	ˀuɛ1	
喒	tsæ̃3	～日，哪一天
喔	ˀoʔ7	
喘	tʃʰᶶm̩3	
喙	feⁱ5	
喙	xueⁱ5	
喚	xᵚm̩5	
喜	ɕiⱼ3	
喝	foʔ7	又音
喝	xuoʔ7	～采
喟	kʰueⁱ5	
喥	doʔ8	～頭～腦
喧	ʃᶶm̩1	
喪	sɑŋ1	～事，詐～，回～
喪	sɑŋ5	～失
喪	sæ̃1	
喫	tsʰəʔ7	～飯，～酒，本字或爲𪘧
喫	tɕʰiəʔ7	～力
喫	tsʰɿʔ7	呂四音，喫字又音，本字或爲𪘧
喬	dʑiɔ2	
單	ʑiɪ̃2	～于
單	ʑiɪ̃6	姓氏
單	tæ̃1	～獨
喱	ˀɭiⱼ5	
喲	ˀiɔ1	
喳	tsa1	嘰嘰～～
喵	ˀmiɔ1	
喻	ɦyⱼ6	
喿	sɔ5	
嗀	xoʔ7	用力～出來
嗁	diⱼ2	
嗅	ɕieⁱ5	～覺
嗅	xoŋ5	用鼻子聞
嗆	tɕʰiɪ̃1	
嗇	səʔ7	～慳，吝嗇
嗉	su5	
嗊	xoŋ3	
嗍	soʔ7	同欶
嗎	ˀmɤᵚ3	～啡
嗑	kʰuoʔ7	～瓜子
嗒	tɑʔ7	
嗓	sɑŋ3	
嗔	tsʰəŋ1	
嗖	seⁱ1	
嗚	ˀu1	
嗜	zɿ6	
嗝	kəʔ7	
嗟	tɕia1	白
嗟	tɕiɛ1	文
嗡	ˀoŋ1	
嗣	zɿ2	承～
嗣	zɿ6	滅門絕～
嗤	tsʰɿ1	
嗥	ɣɔ2	
嗦	sɤᵚ1	囉～
嗩	sɤᵚ3	
嗬	xɤᵚ1	
嗲	tia3	發～
嗲	tia5	甚麼，起稱代作用的疑問詞：伲說～
嗶	piəʔ7	
嗷	ˀŋɔ5	
嗻	tsa1	象聲詞：～～叫
嗽	seⁱ5	
嗾	seⁱ3	
嘀	tiəʔ7	
嘆	tʰæ̃5	
嘈	zɔ2	
嘉	ka1	～定
嘉	tɕia1	文
嘉	tʃyo1	～獎，老
嘍	ˀɭeⁱ5	～羅
嘎	kɑʔ7	
嘔	ˀŋeⁱ1	～啞嘲哳
嘔	ˀeⁱ3	
嘖	tsəʔ7	
嘗	zæ̃2	
嘛	ˀmɤᵚ3	喇～
嘞	ˀɭəʔ9	
嘟	tu1	
嘣	pəŋ1	
嘩	ɣuo2	
嘭	pʰəŋ1	
嘮	ˀɭɔ5	～叨
嘯	ɕiɔ5	
嘰	tɕiⱼ1	～～咕咕
嘲	tsɔ1	嘔啞～哳
嘲	dzɔ2	出韻字
嘴	tʃyⱼ3	
嘴	tʃyeⁱ3	文
嘶	sɿ1	
嘹	ˀɭiɔ5	
嘻	ɕiⱼ1	
嘿	xəʔ7	
噁	ˀŋoʔ7	～心
噆	tsəʔ7	～人
噉	dæ̃6	
噍	zɔ6	
噎	ˀiəʔ7	
噏	ɕiəʔ7	
噓	ʃyⱼ1	
噘	tʃyoʔ7	嘴一～
噝	sɿ1	
噤	dʑiŋ6	
噥	ˀnoŋ5	
噦	ˀuoʔ7	吊～
噦	ˀyoʔ7	～奶
器	tɕʰiⱼ5	
噩	ˀŋoʔ9	
噪	tsɔ5	
噪	sɔ5	
噫	ˀiⱼ1	
噬	zɿ6	
噯	ˀɛ3	嘆詞，不禮貌的招呼語：～，到哪裏去
噯	ˀiɛ	語气詞
噱	dʑiɑʔ8	
噱	ʃyoʔ7	～頭（不合音韻，本字待考，俗又作說）
噴	pʰəŋ1	
噴	pʰəŋ5	～香
噸	təŋ1	
噹	tɑŋ1	
嚀	ˀȵiŋ5	
嚅	zu2	
嚆	xɔ1	
嚇	xəʔ7	
嚎	ɣɔ2	
嚏	tʰiⱼ5	
嚏	tʰiəʔ7	昏～（噴嚏）
嚐	zæ̃2	
嚓	tsʰɑʔ7	
嚔	tʰiəʔ7	
嚙	ˀȵiəʔ9	
嚜	ˀməʔ	語气助詞，用於句末；又音[mɔ]
嚥	ˀiɪ̃5	吞～
嚦	ˀɭiəʔ9	
嚨	ˀɭoŋ5	
嚭	pʰi3	
嚮	ɕiɪ̃5	～導
嚴	ˀȵiɪ̃5	
嚶	ˀiŋ1	
嚷	ȵiɑŋ6	
嚷	zæ̃4	
嚷	zæ̃6	
嚻	ɕiɔ1	
嚼	ʑiɑʔ8	
囀	tʃᶶm̩5	
囁	ˀȵiəʔ9	
囂	ɕiɔ1	
囈	ȵiⱼ6	
囉	ˀɭɤᵚ1	～嗦
囉	ˀɭɤᵚ5	又音
囊	ˀnɑŋ5	
囑	tsoʔ7	叮～
囗	ˀueⁱ5	圍異體
囚	dʑieⁱ2	又音
囚	ʑieⁱ2	
四	sɿ5	
囝	ˀᵚm̩1	小～（小孩），音變自kᵚm̩
回	veⁱ2	
回	ˀueⁱ5	～門，～嘴
因	ˀiŋ1	
囤	dəŋ4	打～
囥	kʰɑŋ5	藏匿
囧	tʃyoŋ3	
囪	tsʰoŋ1	
囫	vəʔ8	又音
囫	ɣuəʔ8	
困	kʰuəŋ3	圍～
困	kʰuəŋ5	～難
囹	ˀɭiŋ5	
固	ku5	
圃	pu5	
圃	pʰu3	
圄	ˀyⱼ3	
圇	ˀɭəŋ5	
圈	tʃʰᶶm̩1	圓～
圈	dʒᶶm̩4	豬～
圉	ˀyⱼ3	
國	kuəʔ7	
圍	ˀyⱼ5	～巾；～腰
圍	ˀueⁱ5	文，包～
園	ˀᶶm̩5	
圓	ˀᶶm̩5	
圖	du2	
團	dᵚm̩2	
團	dᵚm̩4	～弄；～～攏
圝	ˀnᵚm̩5	趕家禽或家畜進窩（圈）或趕上以抓住
圝	ˀɭᵚm̩5	趕家禽或家畜進窩（圈）或趕上以抓住
土	tʰu3	
圣	kʰuəʔ7	挖
在	ɭɛ6	介詞，住～哪裏；副詞，～落雨；動詞，～厝裏，俗作来
在	zɛ6	動詞，生存，活着：他還～个
圩	ˀyⱼ5	
圭	kueⁱ1	
地	diⱼ6	
地	dia6	應爲地下合音
圳	tsəŋ5	深～
圾	ɕiⱼ1	垃～
圾	ɕiəʔ7	
址	tsɿ3	
坂	pæ̃3	稻～田
均	tʃyŋ1	
坊	fɑŋ1	作～
坌	bəŋ6	
坍	tʰæ̃1	
坍	tʰæ̃5	河岸邊上的泥倒坍下去
坎	kʰᵚm̩3	
坐	zɤᵚ4	單字音
坐	zɤᵚ6	
坑	kʰɑŋ1	茅～
坑	kʰəŋ1	
坒	biⱼ4	堆㬪
坡	pʰɤᵚ1	
坤	kʰuəŋ1	
坦	tʰæ̃3	
坨	dɤᵚ2	粉～
坩	kᵚm̩1	
坪	biŋ2	
坭	ˀȵiⱼ5	
坯	pʰɛ1	
坱	ˀɑŋ3	
坳	ˀŋɔ1	
坷	kʰɤᵚ3	坎～
坼	tsʰəʔ7	
垂	dzu2	耳朵～子
垂	ʒyeⁱ2	文
垃	ˀɭa5	～圾
型	ʑiŋ2	
垐	zɿ2	～實
垒	ˀɭeⁱ3	～起來：堆起來
垒	ɭeⁱ6	又音
垓	kɛ1	
垚	ˀiɔ5	人名用字
垛	tɤᵚ3	～子
垛	dɤᵚ6	柴～
垠	ˀȵiŋ5	
垡	vɑʔ8	
垢	keⁱ5	
垣	ˀᶶm̩5	
垮	kʰuo3	
垻	pɤᵚ5	
埂	kəŋ3	
埃	ˀɛ1	
埋	ˀma5	
城	dzəŋ2	
城	zəŋ2	～隍廟
埔	pu5	大～
埔	pʰu1	黃～
域	ˀyoʔ9	單字音
域	ɦyoʔ8	語流音
埠	bu6	
埭	da6	量詞，座：一～房子；次：跑仔三～；行：一疄四～
埰	tsʰɛ3	
埲	boŋ4	與㷯同
埳	kʰᵚm̩3	
執	tsəʔ7	
培	bɛ2	
基	tɕiⱼ1	
埿	ˀȵiⱼ5	塗抹
堀	kʰuəʔ7	
堂	dɑŋ2	
堃	kʰuəŋ1	
堅	tɕiɪ̃1	
堆	tɛ1	
堇	tɕiŋ3	
堊	ˀŋuo5	～壯頭，施肥
堊	ˀŋoʔ7	
堍	tʰu5	
堖	nɔ6	
堝	kɤᵚ1	
堡	pɔ3	
堤	diⱼ2	
堦	ka1	白
堦	tɕia1	文
堦	tɕiɛ1	文
堪	kʰᵚm̩1	
堯	ˀiɔ5	人名用字
堰	ˀiɪ̃3	
報	pɔ5	
堲	tɕiəʔ7	
場	dzæ̃2	
堵	tu3	
堺	ka5	
塉	ʑiəʔ8	
塊	kʰuɛ5	
塋	ˀiŋ5	
塌	tʰɑʔ7	
塐	su5	
塑	su5	泥～
塔	tʰɑʔ7	
塗	du2	～顏料
塘	dɑŋ2	開～種豆
塚	tsoŋ3	
塞	sɛ5	邊～
塞	səʔ7	～頭，～責
塡	diɪ̃2	
塢	ˀu3	
塢	ɦu6	上～
填	diɪ̃2	
塵	dzəŋ2	
塹	tɕʰiɪ̃5	
塾	zoʔ8	
墀	dzɿ2	人名用字
境	tɕiŋ3	
境	tɕiŋ5	新
墅	zu6	別～
墊	tiɪ̃5	墊（動詞）：～來身頭（墊在身上）
墊	diɪ̃6	訓作㼭
墒	sæ̃1	
墓	mɤᵚ6	
墘	dʑiɪ̃2	
墜	dʒyeⁱ6	
增	tsəŋ1	
墟	ʃyⱼ1	
墨	ˀməʔ9	
墩	təŋ1	救命～
墮	dɤᵚ6	
墳	vəŋ2	
墻	ʑiɪ̃2	牆俗字
墼	tɕiəʔ7	
墾	kʰəŋ3	
壁	piəʔ7	
壅	ˀyoŋ1	往根部培土：～根
壇	dæ̃2	天～
壑	xoʔ7	
壓	ˀŋɑʔ7	
壕	ɣɔ2	
壘	ˀɭeⁱ3	堡～
壙	kʰuɑŋ5	墓室
壜	dᵚm̩2	罈本字
壞	ɦua6	跟「好」相對
壞	vɛ6	指又伶俐又狡猾
壞	ɣuɛ6	指又伶俐又狡猾，文
壟	ˀɭoŋ3	
壤	ȵiɑŋ6	
壤	zæ̃6	
壩	pɤᵚ5	～樁
士	zɿ6	
壬	zəŋ2	
壯	tʃyɑŋ5	肥胖：～篤篤；肥沃：～田，田～
壹	ˀiəʔ7	
壺	ˀu5	
壻	ʃyⱼ5	
壽	zeⁱ6	
夅	ɣɑŋ2	
夌	ˀɭiŋ5	說文越也
复	voʔ8	同復
夏	ʑia6	文
夏	ɣuo4	姓氏
夏	ɣuo6	～天，立～
夏	ʒyo6	～至
夔	ɡueⁱ2	
夕	ʑiəʔ8	
外	ŋɛ6	～頭，裏～
外	ɦuɛ6	文
夙	soʔ7	
多	tɤᵚ1	
夜	ɦia6	
够	keⁱ5	
夠	keⁱ5	
夢	moŋ6	
夥	xɤᵚ3	
大	da6	～方
大	dɤᵚ6	
夨	tsəʔ7	
夨	ˀɭiəʔ9	
天	tʰiɪ̃1	
太	tʰa5	曾祖父母：～～；丈夫的祖父母：～公，～婆
太	tʰɛ5	～平
夫	fu1	
夬	kua5	
夭	ˀiɔ1	
央	ˀiɑŋ1	文
央	ˀiɪ̃1	
夯	xɑŋ1	
失	səʔ7	
夲	tʰɔ1	
夷	ˀiⱼ5	
夸	kʰuo1	
夾	kɑʔ7	
夾	tɕiɑʔ7	文
奄	ˀiɪ̃3	
奇	tɕiⱼ1	～數
奇	tɕʰiⱼ2	～怪
奈	na6	白，～何
奈	nɛ6	
奉	voŋ6	
奎	kʰueⁱ1	
奏	tseⁱ5	
奐	xᵚm̩5	
契	tɕʰiⱼ5	紅～，舊～
契	tɕʰiəʔ7	～丹
奓	tʃyo5	～腳
奔	pəŋ1	東～西走
奔	pəŋ5	投～
奕	ˀiəʔ9	單字音
奕	ɦiəʔ8	句中音
套	tʰɔ5	
奘	zɑŋ6	
奚	ˀiⱼ1	姓氏
奚	ˀiⱼ5	
奠	diɪ̃6	
奢	sa1	白
奢	sɛ1	文
奤	tʰɛ3	～子，罵女孩語，一般表親暱
奧	ˀɔ5	
奩	ˀniɪ̃5	
奪	doʔ8	
奮	fəŋ5	
奯	xuɑʔ7	野～～
女	ˀɲyⱼ3	
奴	ˀnɤᵚ5	
奶	ˀna3	喫～
奶	ˀnɛ3	～～：已婚婦女
奶	ˀnɛ5	～～：祖母
奸	tɕiɪ̃1	
她	tʰa1	
奼	tʃʰyo5	
好	xɔ3	～壞
好	xɔ5	愛～，喜～
妁	zɑʔ8	
如	ˀɭu5	～皋
如	zu2	
妃	fiⱼ1	
妄	vɑŋ6	文
妄	moŋ6	癡心～想
妊	zəŋ6	
妍	ˀȵiɪ̃5	
妒	tu5	
妓	dʑiⱼ6	
妖	ˀiɔ1	
妗	dʑiŋ6	舅母，俗字
妙	miɔ6	
妝	tʃyɑŋ1	
妞	ˀȵieⁱ1	
妣	piⱼ3	考～
妤	ˀyⱼ5	
妥	tʰɤᵚ3	
妨	fɑŋ1	
妨	fɑŋ5	
妬	tu5	
妮	ˀȵiⱼ5	
妮	ȵiⱼ6	內～
妯	dzoʔ8	～娌
妲	tɑʔ7	
妳	ˀȵiⱼ3	
妹	mɛ6	
妻	tɕʰiⱼ1	
妾	tɕʰiəʔ7	4
姆	ˀmɤᵚ3	保～
姆	ˀᵚm̩1	～媽
姊	tsɿ3	
姊	tsɿ5	～妹
始	sɿ3	
姍	sæ̃1	
姐	tɕiⱼ3	老文讀
姐	tɕia3	
姐	tɕia5	
姑	ku1	
姓	ɕiŋ5	
委	ˀueⁱ1	～蛇
委	ˀueⁱ3	
姘	pʰiŋ1	～頭
姚	ˀiɔ5	姓氏
姜	tɕiɪ̃1	姓氏
姝	tsʰu1	
姝	su1	
姞	dʑiəʔ8	
姣	tɕiɔ1	
姥	ˀɭɔ3	
姥	ˀmɤᵚ3	天～
姦	tɕiɪ̃1	
姦	kæ̃1	
姨	ˀiⱼ5	
姪	dzəʔ8	
姬	tɕiⱼ1	
姹	tʃʰyo5	
姻	ˀiŋ1	
姿	tsɿ1	
威	ˀueⁱ1	
娃	ˀua1	
娉	pʰiŋ5	
娌	ˀɭiⱼ3	
娌	ɭiŋ6	妯～，疑爲小稱兒化
娑	sɤᵚ1	
娒	ˀmɛ5	
娘	ˀȵiɪ̃5	
娛	ˀyⱼ5	
娜	ˀnɤᵚ5	婀～
娟	tʃᶶm̩1	
娠	səŋ1	
娥	ˀŋɤᵚ5	
娩	ˀmiɪ̃3	
娪	ˀu5	褻～子：妓女
娶	tʃʰyⱼ3	
娼	tsʰæ̃1	
婀	ˀɤᵚ1	
婁	ˀɭeⁱ5	姓氏
婆	bɤᵚ2	～～，公～
婉	ˀᵚm̩3	
婊	piɔ3	
婌	zoʔ8	
婕	tɕiəʔ7	人名用字
婚	fəŋ1	
婚	xuəŋ1	
婢	biⱼ6	
婥	tsʰɑʔ7	
婦	vu6	
婪	ˀnᵚm̩5	
婪	ˀɭᵚm̩5	
婬	ˀiŋ5	
婷	diŋ2	
婽	tʃyo3	愛打扮，愛漂亮：她蠻～个
婿	ʃyⱼ5	
媒	ˀmɛ5	
媚	miⱼ6	
媟	ɕiəʔ7	
媧	kuo1	舊
媧	ˀuo1	
媪	ˀɔ3	
媲	pʰi5	～美
媳	seⁱ1	～婦，又音
媳	ɕieⁱ1	～婦，又音
媳	ɕiɪ̃1	～婦
媳	ɕiəʔ7	
媽	ˀma1	
媾	keⁱ5	
媿	kueⁱ5	
媿	ɡueⁱ6	
嫁	tɕia5	文
嫁	kuo5	
嫂	sɔ3	
嫉	dʑiəʔ8	又音
嫉	ʑiəʔ8	
嫋	ˀȵiɔ3	～～
嫌	ʑiɪ̃2	文
嫌	ˀiɪ̃5	～好道醜，挑三揀四
嫑	piɔ5	方言字，「不要」的合音
嫖	biɔ2	
嫗	ˀyⱼ5	
嫚	mæ̃6	
嫡	tiəʔ7	
嫣	ˀiɪ̃1	
嫦	dzæ̃2	
嫩	nəŋ6	
嫵	vu4	
嫺	ʑiɪ̃2	
嬈	zɔ2	妖～
嬉	ɕiⱼ1	玩耍，戲～
嬉	ɕiⱼ5	玩兒，聲調不符，待攷
嬋	ʑiɪ̃2	
嬌	tɕiɔ1	～嫩
嬗	ʑiɪ̃6	
嬝	ˀȵiɔ3	
嬤	ˀma1	～～：伯母
嬪	biŋ2	
嬭	ˀna3	
嬰	ˀiŋ1	
嬴	ˀyŋ5	
嬸	səŋ3	
嬾	ˀnæ̃3	
嬾	ˀɭæ̃3	
孀	ʃyɑŋ1	
孃	ˀȵiɑŋ1	～～，姑母，新，海門沙上話借詞借音
孃	ˀȵiɪ̃5	
孌	ˀnᵚm̩5	
孌	ˀɭᵚm̩5	
子	tsɿ3	
孑	tɕiəʔ7	～孓
孒	tʃyoʔ7	孑～
孒	tʃyoʔ7	短～～，～～長，形容物短
孓	tʃyoʔ7	孑～
孔	kʰoŋ3	
孕	ɦyŋ6	
字	zɿ6	
存	ʒyŋ2	
孚	fu1	
孛	bəʔ8	
孜	tsɿ1	
孝	xɔ5	穿～，～衫
孝	ɕiɔ5	文，～順
孟	məŋ6	～子
孢	pɔ1	
季	tɕiⱼ5	
孤	ku1	
孥	ˀnɤᵚ5	
孩	ɣɛ2	
孫	səŋ1	
孬	ˀnɔ1	又音
孬	ˀnɔ5	
孰	zoʔ8	
孱	dzæ̃2	
孳	tsɿ1	
孵	fu1	
學	ɣoʔ8	
學	ʒyoʔ8	文
孺	zu2	
孽	ˀȵiəʔ9	
孿	ˀnᵚm̩5	
孿	ˀɭᵚm̩5	
宁	dzu6	
宂	ˀɲyoŋ3	
宂	ˀyoŋ3	又音
它	tʰa1	
宄	kueⁱ3	
宅	dzəʔ8	
宇	ˀyⱼ3	
守	seⁱ3	
安	ˀɤᵚ3	～逸
安	ˀᵚm̩1	
宋	soŋ5	
完	ˀᵚm̩5	
宏	ɣoŋ2	
宓	ˀmiəʔ9	姓氏
宕	dɑŋ6	下垂：～下來；拖延：～帳
宗	tsoŋ1	
官	kᵚm̩1	
宙	dzeⁱ6	
定	diŋ6	
宛	ˀᵚm̩3	
宛	ˀᶶm̩1	大～：古地名
宛	ˀᶶm̩3	
宜	ˀȵiⱼ5	適～
宜	ˀyⱼ5	又音，便～
客	kʰəʔ7	～人
宣	ɕiɪ̃1	
宣	ʃᶶm̩1	又音
室	səʔ7	
宥	ɦieⁱ6	
宦	væ̃6	又音
宦	ɣuæ̃6	
宮	koŋ1	
宰	tsɛ3	～相
害	ɣɛ6	
宴	ˀiɪ̃3	
宴	ˀiɪ̃5	
宵	ɕiɔ1	
家	ka1	人～，自～
家	tɕia1	文
家	kuɛ1	孃～,奶奶～,伲～，我～，白讀
家	kuo1	當～
家	tʃyo1	～私，～小，～常
宸	dzəŋ2	
容	ˀyoŋ5	
宿	ɕieⁱ5	星～
宿	soʔ7	
寀	tsʰɛ3	
寂	dʑiəʔ8	又音
寂	ʑiəʔ8	
寄	tɕiⱼ5	
寅	ˀiŋ5	
密	ˀmiəʔ9	
寇	kʰeⁱ5	
富	fu5	
寐	miⱼ6	
寐	mɛ6	
寒	ɣᵚm̩2	
寓	ɦyⱼ6	
寔	zəʔ8	人名用字
寞	ˀmoʔ9	
察	tsʰɑʔ7	
寡	kuo3	
寢	tɕʰiŋ3	
寣	fəʔ7	又音，睏一～（睡一覺）
寣	xuəʔ7	睏一～（睡一覺）
寤	ɦu6	
寥	ˀɭiɔ5	
實	zəʔ8	
寧	ˀȵiŋ5	
寨	tsa5	白
寨	za6	
寨	tsɛ5	文
寨	zɛ6	文
審	səŋ3	
寫	ɕia3	
寬	kʰᵚm̩1	
寮	ˀɭiɔ5	
寰	ɡuæ̃2	
寵	tsʰoŋ3	
寶	pɔ3	
寸	tʃʰyŋ5	
寺	zɿ6	
封	foŋ1	
射	za6	
射	dʑia6	撒（尿）：～尿，本字又作「褯」
射	zɛ6	文
將	tɕiɪ̃1	～來
將	tɕiɪ̃5	大～
專	tʃᶶm̩1	
尉	ˀueⁱ5	
尉	ˀyoʔ7	～遲，複姓
尊	tʃyŋ1	
尋	ʑiŋ2	～錢
尋	ʒyŋ2	文
尌	zu6	
對	tɛ5	
導	dɔ6	～遊
小	ɕiɔ3	
少	sɔ3	多～
少	sɔ5	老～
尖	tɕiɪ̃1	
尚	zæ̃6	
尠	ɕiɪ̃3	
尤	ˀieⁱ5	
尨	ˀmɑŋ5	
尬	ka5	尷～
就	zeⁱ6	又音，副詞
就	ɣeⁱ6	破讀，就，副詞；～來着
就	dʑieⁱ6	動詞
就	ʑieⁱ6	
尳	ˀuəʔ9	扭傷：腰～作，手～作
尳	ɦuəʔ8	扭傷：腰～作，手～作
尷	kæ̃1	～尬
尸	sɿ1	～位素餐
尹	ˀyŋ3	姓氏
尺	tsʰəʔ7	
尻	kʰɔ1	
尼	ˀȵiⱼ5	
尾	miⱼ6	～巴
尾	viⱼ4	～子，指尾數
尾	viⱼ6	文
尾	ɲyⱼ6	又音
尾	ˀueⁱ3	新文讀
尿	ʃyⱼ1	～屎
尿	ȵiɔ6	～道，輸～管，～石症
局	dʒyoʔ8	
屁	pʰi5	
屄	piⱼ1	女陰
居	tʃyⱼ1	
屆	ka5	
屆	tɕia5	
屆	tɕiɛ5	文
屈	tʃʰyoʔ7	
屉	tʰiⱼ5	
屋	ˀu5	～裏，字又作厝
屋	ˀoʔ7	～子
屋	ˀuoʔ7	又音
屌	tiɔ1	
屍	sɿ1	～體
屎	sɿ3	
屏	piŋ5	～气
屏	biŋ2	～風
屐	tɕiⱼ1	
屐	dʑiəʔ8	
屑	ɕiəʔ7	
展	tɕiɪ̃3	
屙	ˀɤᵚ1	～屎
屜	tʰiⱼ5	
屜	tʰiəʔ7	抽～
屠	du2	
屢	ˀɭyⱼ3	
層	dzəŋ2	
履	ˀɭiⱼ3	
屬	zoʔ8	
屯	dəŋ2	
山	sæ̃1	
屹	ˀiəʔ9	單字音
屹	ɦiəʔ8	句中音
岌	dʑiəʔ8	
岏	ˀᵚm̩5	
岐	dʑiⱼ2	
岑	dzəŋ2	
岔	tʃʰyo5	三～路
岡	kɑŋ1	
岩	ˀŋæ̃5	巖俗字
岬	tɕiɑʔ7	
岭	ˀɭiŋ5	
岱	dɛ6	
岳	ˀŋoʔ9	～丈
岷	ˀmiŋ5	
岸	ŋᵚm̩6	海堤：皇～，大堤，即范公堤
岸	ɦᵚm̩6	
峁	ˀmɔ3	
峙	dzɿ4	對～
峨	ˀŋɤᵚ5	
峭	tɕʰiɔ5	
峯	foŋ1	
峰	foŋ1	
峱	ˀnɔ5	
島	tɔ3	
峻	tʃyŋ5	
峽	kɑʔ7	
峽	ʑiɑʔ8	
崇	dzoŋ2	～拜
崇	zoŋ2	又音，～明島（又讀如字）
崋	ɣuo6	～山
崎	dʑiⱼ2	
崑	kuəŋ1	推導音
崑	kʰuəŋ1	～崙；～山；～曲
崔	tsʰɛ1	
崖	ˀia5	文
崗	kɑŋ1	
崙	ˀɭəŋ5	崑～
崛	dʒyoʔ8	
崢	tsəŋ1	
崦	ˀiɪ̃1	
崧	soŋ1	
崩	pəŋ1	
崴	ˀuɛ3	（腳）扭傷
崽	tsɛ3	
嵇	tɕiⱼ1	出韻字
嵊	dzəŋ2	
嵋	ˀmiⱼ5	
嵌	kʰæ̃5	
嵌	ɡæ̃6	較小的物卡入較大物件上面，破讀
嵎	ˀyⱼ5	
嵐	ˀnæ̃5	
嵐	ˀɭæ̃5	
嵐	ˀnᵚm̩5	
嵐	ˀɭᵚm̩5	
嵒	ˀŋæ̃5	巖異體
嵞	du2	～山
嵩	soŋ1	
嵬	ˀueⁱ5	
嵳	zɤᵚ2	
嶂	tsæ̃5	
嶃	dzæ̃4	陡
嶄	tsæ̃3	
嶇	tʃʰyⱼ1	
嶗	ˀɭɔ5	～山
嶙	ˀɭiŋ5	
嶩	ˀnɔ5	
嶸	ˀyoŋ5	
嶺	ˀɭiŋ3	
嶼	ɦyⱼ6	
嶽	ˀŋoʔ9	五～
巉	dzæ̃2	
巋	kʰueⁱ1	
巍	ˀueⁱ1	又音
巍	ˀueⁱ5	
巎	ˀnɔ5	
巒	ˀnᵚm̩5	
巒	ˀɭᵚm̩5	
巔	tiɪ̃1	
巖	ˀŋæ̃5	
川	tʃʰᶶm̩1	
州	tseⁱ1	
巡	ʒyŋ2	
巢	zɔ2	
巤	ˀɭiəʔ9	
工	koŋ1	
左	tɕiⱼ5	白
左	tsɤᵚ3	
巧	tɕʰiɔ3	
巨	dʒyⱼ6	
巫	vu2	
差	tsʰɿ1	參～不齊
差	tʃʰyo1	～不多
差	tsʰa1	出～
巰	dʑieⁱ2	
己	tɕiⱼ3	
已	ˀiⱼ3	
巳	zɿ6	
巴	po1	嘴～子
巴	pɤᵚ1	～不得
巴	boʔ8	下～
巷	ɣɑŋ6	
巹	tɕiŋ3	
巽	ʃyŋ5	
巾	tɕiŋ1	
巾	tʃyŋ1	頭～（孝帽）
巿	fəʔ7	
帀	tsɑʔ7	匝本字
市	zɿ6	
布	pu5	揩～
帆	væ̃2	
帊	pʰɤᵚ5	
希	ɕiⱼ1	
帑	tʰɑŋ3	
帕	pʰo5	手～
帕	pʰɤᵚ5	又音
帖	tʰiəʔ7	
帘	ˀniɪ̃5	酒～
帙	dzəʔ8	
帚	tseⁱ1	
帚	tseⁱ3	又音
帛	bəʔ8	
帝	tiⱼ5	
帥	sɛ5	元～
帥	ʃyɛ5	擺～，擺闊气，擺威風，義近顯擺
帥	ʃyəʔ7	同率
帨	ʃyeⁱ5	～巾
師	sɿ1	
帬	dʒyŋ2	
席	ʑiəʔ8	
帳	tsæ̃5	
帶	ta5	
帷	ˀueⁱ5	桌～
常	dzæ̃2	
帽	mɔ6	
幀	tsəŋ5	
幃	ˀueⁱ5	
幄	ˀoʔ7	運籌～幄
幅	foʔ7	
幌	fɑŋ3	又音
幌	xuɑŋ3	
幔	mᵚm̩6	極少數老派有此音，主流多讀爲ᵚm̩，該音節又可讀爲mɯ̃或mɤᵚ或mɤ̃，地～
幕	ˀmoʔ9	開～式
幖	piɔ1	
幗	kuəʔ7	
幛	tsæ̃5	
幟	tsɿ5	
幡	fæ̃1	
幢	dʒyɑŋ2	寶～
幢	dʒyɑŋ6	量詞，一～樓
幣	biⱼ6	
幧	tsʰɔ1	
幫	pɑŋ1	
幬	dzeⁱ2	
干	kᵚm̩1	天～；姓氏；～涉
平	biŋ2	
年	ˀȵiɪ̃5	
年	ˀiɪ̃5	同～（同齡），語流音變
并	piŋ1	～州
幷	piŋ1	同并
幸	ʑiŋ6	～福
幹	kᵚm̩3	～部
幺	ˀiɔ1	
幻	væ̃6	又音
幻	ɣuæ̃6	
幼	ˀieⁱ5	
幽	ˀieⁱ1	
幾	tɕiⱼ1	～乎
幾	tɕiⱼ3	～個
庇	piⱼ5	又音
庇	pʰi3	包～
床	ʒyɑŋ2	
序	ʒyⱼ6	
底	tiⱼ3	
底	teⁱ3	疑問代詞，甚麼
底	tia3	應爲底下合音
底	teⁱ3	指別的疑問詞，甚麼，～東西
庖	bɔ2	
店	tiɪ̃5	
庚	kəŋ1	
府	fu3	
府	fu5	～綢
庠	ʑiɪ̃2	
度	du6	長～
度	doʔ8	忖～
座	zɤᵚ6	
庫	kʰu5	
庭	diŋ2	
庵	ˀᵚm̩1	
庶	su5	
康	kʰɑŋ1	
庸	ˀyoŋ1	
庸	ˀyoŋ5	姓氏
庹	tʰoʔ7	一～長
庽	ɦyⱼ6	
庾	ˀyⱼ3	
庿	miɔ6	廟古字
廁	sɿ1	茅～
廁	tsʰəʔ7	～所
廂	ɕiɪ̃1	
廄	tɕieⁱ5	廐異體
廈	ʒyo6	～門，大～
廉	ˀniɪ̃5	
廊	ˀɭɑŋ5	
廐	tɕieⁱ5	馬～
廓	kʰuoʔ7	
廕	ˀiŋ5	同蔭
廖	ˀɭiɔ5	
廚	dzu2	
廝	sɿ1	
廟	miɔ6	
廠	tsʰæ̃3	
廡	vu4	
廢	fiⱼ5	
廣	kuɑŋ3	
廩	ˀɭiŋ3	
廬	ˀɭu5	
廳	tʰiŋ1	
延	ˀiɪ̃5	
廷	diŋ2	
建	tɕiɪ̃5	
廿	ȵiɪ̃6	
弁	biɪ̃6	
异	ˀiⱼ5	
异	ɦiⱼ6	
弃	tɕʰiⱼ5	
弄	ɭoŋ6	
弈	ˀiəʔ9	單字音
弈	ɦiəʔ8	句中音
弊	biⱼ6	
弋	ˀiəʔ9	單字音
弋	ɦiəʔ8	句中音
弍	ɦɛ6	
式	səʔ7	
弒	sɿ5	
弓	koŋ1	文，～劍
弓	tʃyoŋ1	彈棉花的工具，形似大弓：～絲，彈花弓上的弦
弔	tiɔ5	
引	ˀiŋ3	
弗	fəʔ7	
弘	ɣoŋ2	
弛	sɿ1	～泰:舒服，本字又作舒
弛	sɿ1	又音
弛	zɿ2	文
弜	dʑia2	能幹，凶橫
弝	pɤᵚ5	～柄
弟	diⱼ6	
弢	tʰɔ1	
弦	ʑiɪ̃2	
弧	vu2	
弧	ɣu2	新派
弩	ˀnɤᵚ3	
弱	zɑʔ8	
張	tsæ̃1	姓氏；捕（魚、蝦）：～魚
強	tɕʰiɪ̃3	勉～
強	dʑiɪ̃2	～壯
弼	biəʔ8	
彀	keⁱ5	朝上～，～不到
彆	piəʔ7	
彈	dæ̃2	～琴
彈	dæ̃6	子～
彉	kʰuoʔ7	
彊	dʑiɪ̃2	
彊	dʑiɪ̃6	倔～
彌	ˀmiⱼ5	～勒佛
彍	kʰuoʔ7	
彎	ˀuæ̃1	
彔	ˀɭoʔ9	
彗	feⁱ5	
彗	xueⁱ5	
彗	ɦueⁱ6	
彘	dzɿ6	
彙	ɦueⁱ6	詞～
彝	ˀiⱼ5	
彡	sæ̃1	
形	ʑiŋ2	
彤	doŋ2	
彥	ȵiɪ̃6	
彧	ˀyoʔ7	
彩	tsʰɛ3	～色
彪	piɔ1	
彫	tiɔ1	
彬	piŋ1	
彭	bəŋ2	
彰	tsæ̃1	
影	ˀiŋ3	
彷	bɑŋ2	～徨
彷	fɑŋ3	～彿
役	ˀyoʔ9	單字音
役	ɦyoʔ8	語流音
彼	piⱼ3	
彿	fəʔ7	彷～
往	ˀuɑŋ3	～早年，往年
往	ɦuɑŋ6	
征	tsəŋ1	出～
待	dɛ4	～涼
待	dɛ6	～人好
徇	ʒyŋ6	
很	xəŋ3	
徉	ˀiɪ̃5	
徊	ɣuɛ2	文
徊	ˀueⁱ5	又音
律	ˀɭiəʔ9	
後	ɣeⁱ4	朝前朝～
後	ɣeⁱ6	又音
徐	ʒyⱼ2	
徑	tɕiŋ5	
徒	du2	
得	təʔ7	
徘	bɛ2	
徙	ɕiⱼ1	
徙	ɕiⱼ3	
徜	zæ̃2	
從	tsʰoŋ1	～容
從	dzoŋ2	
從	zoŋ6	僕～
御	ɲyⱼ6	白，～米，又音
御	ɦyⱼ6	
徥	da4	閒逛，慢吞吞地走：～啊～
徧	piɪ̃5	
徨	ˀuɑŋ5	
復	voʔ8	光～
循	ʒyŋ2	
徬	bɑŋ6	～大款
微	viⱼ2	～小
微	ˀueⁱ1	稍～
微	ˀueⁱ5	稍～
徵	tsɿ3	古代五音之一
徵	tsəŋ1	～收
德	təʔ7	
徹	tsʰəʔ7	
徼	tɕiɔ3	～倖
徼	tɕiɔ5	巡查
徽	feⁱ1	又音
徽	xueⁱ1	
心	ɕiŋ1	
必	piəʔ7	
忌	dʑiⱼ6	
忍	zəŋ4	單音節動詞，忍受
忍	zəŋ6	
忍	ȵiŋ6	～～他
忐	tʰᵚm̩5	～～忑忑（猶豫不決）
忑	tʰəʔ7	忐忐～～，猶豫不決
忒	tʰəʔ7	太
忖	tʃʰyŋ3	
志	tsɿ5	
忘	vɑŋ6	文
忘	moŋ6	
忙	ˀmɑŋ5	
忝	tʰiɪ̃3	
忠	tsoŋ1	
忡	tsʰoŋ1	
忤	ˀu3	
忪	soŋ1	惺～，古典本作「惺鬆」
快	kʰua5	
忱	dzəŋ2	
念	ȵiɪ̃6	計掛；～頭（癮）
忸	ˀȵieⁱ3	
忽	fəʔ7	又音
忽	xuəʔ7	
忾	ɕiⱼ1	『廣雅』喜貌
忿	fəŋ5	～～不平
怎	tsəŋ3	
怏	ˀiɪ̃1	
怒	nɤᵚ6	
怔	tsəŋ1	
怕	pʰɤᵚ5	
怖	pu5	
怗	tʰiəʔ7	
怙	vu6	
怙	ɣu6	新派
思	sɿ1	
思	sɿ5	意～
怠	dɛ6	
怡	ˀiⱼ5	
急	tɕiəʔ7	
怦	pʰəŋ1	
性	ɕiŋ5	
怨	ˀᶶm̩5	
怩	ˀȵiⱼ5	
怪	kua5	責～，埋怨
怪	kuɛ5	文
怯	tɕʰiəʔ7	
怱	tsʰoŋ1	匆異體
怵	tʃʰyoʔ7	
恃	zɿ6	
恆	ɣəŋ2	
恍	fɑŋ3	又音
恍	xuɑŋ3	
恐	kʰoŋ3	
恕	su5	
恙	ɦiɪ̃6	
恢	feⁱ1	又音
恢	kʰueⁱ1	舊讀書音
恢	xueⁱ1	～復，新文讀
恤	ʃyoʔ7	
恥	tsʰɿ3	
恨	ɣəŋ6	
恩	ˀŋəŋ1	
恩	ˀəŋ1	又音
恪	kʰoʔ7	
恬	diɪ̃2	
恭	koŋ1	
息	ɕiəʔ7	
恰	kʰɑʔ7	
恰	tɕʰiɑʔ7	文
恿	ˀyoŋ3	
悄	tɕʰiɔ1	
悄	tɕʰiɔ3	～聲
悅	ˀyoʔ9	單字音
悅	ɦyoʔ8	語流音
悉	ɕiəʔ7	
悌	diⱼ6	
悍	ɣᵚm̩6	
悒	ˀiəʔ7	
悔	feⁱ3	
悔	xueⁱ3	
悖	bɛ6	
悖	bəʔ8	
悚	soŋ3	
悛	tɕʰiɪ̃1	
悛	tʃʰᶶm̩1	又音
悟	ɦu6	
悠	ˀieⁱ1	
患	væ̃6	又音
患	ɣuæ̃6	
悤	tsʰoŋ1	匆本字
您	ˀȵiŋ5	
悲	pɛ1	
悴	tʃʰyeⁱ5	
悴	ʒyeⁱ6	
悵	tsʰæ̃5	
悶	ˀməŋ1	～熱
悶	məŋ6	煩～
悸	tɕiⱼ5	
悻	ʑiŋ6	
悼	dɔ6	
悽	tɕʰiⱼ1	
惁	ɕiəʔ7	
情	dʑiŋ2	
情	ʑiŋ2	又音
情	ˀiŋ1	人～，語流音變
惆	dzeⁱ2	
惋	ˀᵚm̩3	
惑	vəʔ8	又音
惑	ɣuəʔ8	
惕	tʰiəʔ7	
惘	ˀmɑŋ3	
惘	vɑŋ4	
惘	vɑŋ6	
惚	fəʔ7	又音
惚	xuəʔ7	
惛	xuəŋ1	
惜	ɕiəʔ7	
惟	viⱼ2	
惠	ɦueⁱ6	
惡	ˀu5	厭～
惡	ˀŋoʔ7	善～
惣	tsoŋ3	
惦	tiɪ̃5	
惰	dɤᵚ6	
惱	ˀnɔ3	
想	ɕiɪ̃3	
惶	ˀuɑŋ5	
惷	tʃʰyŋ3	
惹	za4	不要～他
惺	ɕiŋ1	
惻	tsʰəʔ7	
愀	tɕʰiɔ3	
愁	zeⁱ2	
愆	tɕʰiɪ̃1	
愈	ɦyⱼ6	
愉	ˀyⱼ5	
愍	ˀmiŋ3	
愎	biəʔ8	
意	ˀiⱼ5	
愕	ˀŋoʔ9	
愙	kʰoʔ7	恪異體
愚	ˀyⱼ5	
愛	ˀŋɛ5	老
愛	ˀɛ5	
愜	tɕʰiəʔ7	
感	kᵚm̩3	
愣	ɭəŋ6	發獃；口吃：～子，口吃的人
愧	kueⁱ5	
愧	ɡueⁱ6	
愨	kʰoʔ7	愿～
愫	su5	
愳	dʒyⱼ6	
愵	ˀȵiəʔ9	
愷	kʰɛ3	
愼	ʒyŋ6	
愾	kʰɛ5	同讎敵～
愿	ɲᶶm̩6	～愨
慂	ˀyoŋ3	
慃	ˀɑŋ3	
慆	tʰɔ1	～～叫
慇	ˀiŋ1	
慈	dzɿ2	
態	tʰɛ5	
慌	fɑŋ1	又音
慌	fɑŋ3	又音
慌	xuɑŋ1	
慎	ʒyŋ6	
慕	mɤᵚ6	
慘	tsʰæ̃3	新
慘	tʃʰᶶm̩3	老
慚	dzæ̃2	
慜	ˀmiŋ3	
慝	tʰəʔ7	
慟	doŋ6	
慢	mæ̃6	
慣	kuæ̃5	習～
慣	ɡuæ̃6	服～
慥	tsʰɔ5	脾气～
慧	feⁱ5	
慧	xueⁱ5	
慧	ɦueⁱ6	
慨	kʰɛ3	
慪	ˀŋeⁱ3	～折,冤屈
慫	soŋ3	弄～，捉弄
慮	ɭyⱼ6	
慰	ˀueⁱ5	
慵	ˀyoŋ5	
慶	tɕʰiŋ5	
慷	kʰɑŋ3	
慼	tɕʰiəʔ7	
慽	tɕʰiəʔ7	
慾	ˀyoʔ9	～望
慾	ɦyoʔ8	～求
憀	ˀɭiɔ5	無～
憂	ˀieⁱ1	
憃	tsʰoŋ5	坍～
憊	ba6	白
憊	bɛ6	文
憋	piəʔ7	～气
憎	tsəŋ1	
憐	ˀniɪ̃5	
憑	biŋ2	～依
憔	dʑiɔ2	
憚	dæ̃6	
憤	vəŋ6	～懣
憦	ˀɭɔ5	懊～
憧	tsʰoŋ1	
憨	xᵚm̩1	
憩	tɕʰiⱼ5	
憫	ˀmiŋ3	
憬	tʃyoŋ3	
憰	tʃyoʔ7	
憲	ɕiɪ̃5	
憳	tʰᵚm̩5	
憶	ˀiⱼ5	又音
憶	ˀiəʔ7	記～
憾	ɣᵚm̩6	
懂	toŋ3	
懃	dʑiŋ2	慇～
懇	kʰəŋ3	
懈	ɡa6	～嘮嘮，興趣不大
懈	ʑia6	
懈	ʑiɛ6	文，鬆～
應	ˀiŋ1	～該；又姓氏
應	ˀiŋ5	答～
懊	ˀɔ3	～惱
懊	ˀŋɔ5	～悔
懊	ˀɔ1	又音，～憦（後悔）
懋	meⁱ6	
懌	ˀiəʔ9	單字音
懌	ɦiəʔ8	句中音
懛	tɛ1	裝癡學～，字又作儓
懣	məŋ6	
懣	ˀmᵚm̩3	極少數老派有此音，主流多讀爲ᵚm̩，該音節又可讀爲mɯ̃或mɤᵚ或mɤ̃，憤～
懣	ˀᵚm̩3	
懦	nɤᵚ6	
懨	ˀiɪ̃1	～气，寂寞無聊
懲	dzəŋ2	
懵	ˀmoŋ3	
懶	ˀnæ̃3	
懶	ˀɭæ̃3	
懷	ˀua5	指懷孕
懷	ɣuɛ2	文
懸	ʒᶶm̩2	
懺	tsʰæ̃5	～悔，拜～
懼	dʒyⱼ6	
懽	xᵚm̩1	
懾	ɕiəʔ7	
懿	ˀiⱼ5	
戀	niɪ̃6	
戀	ˀnᵚm̩5	舊讀，～愛、～人
戀	ˀɭᵚm̩5	舊讀，～愛、～人
戇	ɡɑŋ4	單字音
戇	ɡɑŋ6	～大
戈	kɤᵚ1	
戊	vu6	
戌	ʃyoʔ7	
戍	su5	
戎	ˀɲyoŋ5	
戎	ˀyoŋ5	又音
成	dzəŋ2	
我	ˀŋɤᵚ3	
戒	ka5	～煙
戒	tɕia5	文讀又音
戒	tɕiɛ5	文
戕	dʑiɪ̃2	
或	vəʔ8	又音
或	ɣuəʔ8	
戚	tɕʰiəʔ7	
戛	kɑʔ7	
戟	tɕiəʔ7	
戡	kʰᵚm̩1	
戢	tɕiəʔ7	
戣	ɡueⁱ2	
戤	ɡɛ6	依仗：～勢
戥	təŋ3	
戩	tɕiɪ̃3	
截	dʑiəʔ8	又音
截	ʑiəʔ8	
戫	ˀyoʔ7	
戮	ˀɭoʔ9	
戰	tɕiɪ̃5	
戲	ɕiⱼ5	
戳	tsʰoʔ7	
戴	tɛ5	
戶	vu6	
戶	ɣu6	新派
戹	ˀŋəʔ7	同厄
戽	fu5	
戽	xu5	新派，絡（紗）
戾	ɭiⱼ6	
房	bɑŋ2	阿～宮
房	vɑŋ2	
所	su3	無～謂
所	sɤᵚ3	
扁	piɪ̃3	
扁	pʰiɪ̃1	～舟
扁	biɪ̃6	～鵲
扇	ɕiɪ̃5	
扈	vu6	姓氏
扈	ɣu6	新派
扉	fiⱼ1	門～
手	seⁱ3	
手	seⁱ5	～折頭（手指）
才	zɛ2	～能
扎	tsɑʔ7	用針～；掙～
扑	pʰoʔ7	
扒	pɤᵚ1	～好仔
扒	bɤᵚ2	～飯
打	ta3	
扔	zəŋ2	
托	tʰoʔ7	襯～
扚	tiɔ3	～住仔
扚	tiəʔ7	用手指使勁擰、掐：～肉、～線頭；用指尖合力拔（毛）
扛	kɑŋ1	
扞	ɣᵚm̩6	
扠	tʃʰyo1	
扢	kuəʔ7	
扣	kʰeⁱ5	動詞
扣	ɡeⁱ2	扣除，減去
扤	ˀŋəʔ9	搖動
扦	tɕʰiɪ̃1	燭～
扭	ˀȵieⁱ3	
扭	ˀȵiɪ̃3	又音
扮	pæ̃5	
扯	tsʰa3	撦俗字
扳	pæ̃1	～本
扶	bu2	～梯
扶	vu2	
扷	ˀŋɔ5	～磨
批	pʰi1	
扼	ˀŋəʔ7	
扽	təŋ1	
找	tsɔ3	
承	dzəŋ2	
技	dʑiⱼ6	
抄	tsʰɔ1	～寫，～近路；舀取
抈	ˀyoʔ7	使竹子變直或變彎，單字音
抉	tʃyoʔ7	
把	pa3	文
把	pɤᵚ3	用手握住：手～手
把	pɤᵚ5	～尿
抑	ˀiəʔ7	
抒	su1	
抓	tsɔ1	貓兒～人
抓	tʃyo1	訓作抯
抔	beⁱ2	
投	deⁱ2	
抖	teⁱ3	
抗	kʰɑŋ5	
折	tsəʔ7	打～
折	zəʔ8	～本；～手～腳，瘸
抨	pʰəŋ1	
披	pʰi1	
抬	dɛ2	
抯	tʃyo1	
抱	bɔ4	本音
抱	bɔ6	又音
抲	kʰuo3	～住胡嚨，字又作拤
抳	ˀȵiⱼ5	擦
抴	ɦiəʔ8	句中音
抵	tiⱼ3	～達
抹	ˀmɑʔ9	
抹	ˀmoʔ9	文
抻	tsʰəŋ1	
押	ˀŋɑʔ7	
抽	tsʰeⁱ1	
抽	dzeⁱ2	抽（絲、絨綫等）；吮吸
抿	ˀmiŋ3	
拂	fəʔ7	
拃	tʃyo1	一～長
拄	tsu3	
拆	tsʰɑʔ7	～爛汙
拆	tsʰəʔ7	～開來
拇	ˀmɤᵚ3	
拇	ˀmᵚm̩3	極少數老派有此音，主流多讀爲ᵚm̩，該音節又可讀爲mɯ̃或mɤᵚ或mɤ̃，大～指頭
拇	ˀᵚm̩3	大～指頭
拈	ˀȵiɪ̃1	拾取
拈	ˀɲᶶm̩1	又音，拾取
拉	ˀɭa1	
拉	ˀɭa5	抑制不住地流出來：～漦；腹瀉；肚裏～
拉	ˀɭa5	灑落：湯～一檯子
拋	pʰɔ1	
拌	pʰᵚm̩1	同拚
拌	bᵚm̩4	
拌	bᵚm̩6	又音
拍	pʰəʔ7	
拎	ˀɭiŋ1	
拏	ˀna5	動詞，用手抓住；介詞，把
拏	ˀnæ̃5	又音
拐	ɡua4	叉開：～腳拉手，站立不正的樣子
拐	kuɛ3	騙：伲不要～我
拒	dʒyⱼ6	
拓	tʰoʔ7	開～
拔	bɑʔ8	
拔	bɑʔ8	泥～子（土坷垃）
拖	tʰa1	～雙拖鞋，～鼻頭
拖	tʰa3	伸展開來：～手～腳，破讀
拖	tʰɤᵚ1	
拖	tʰɤᵚ5	延宕：朝下～；脫落，掉下：～下來作
拗	ˀŋɔ3	～口
拘	tʃyⱼ1	
拙	tʃyoʔ7	
拚	pʰᵚm̩1	～命，～死喫河豚，字又作拌
招	tsɔ1	
拜	pa5	
拤	kʰuo3	
括	kuɑʔ7	
拭	səʔ7	
拮	tɕiəʔ7	～据
拯	tsəŋ3	
拱	koŋ1	鑽進鑽出
拱	koŋ3	～～手
拳	dʒᶶm̩2	
拴	sæ̃1	
拷	kʰɔ3	～打
拸	dɤᵚ4	疊
拼	pʰiŋ1	～音
拼	pʰiŋ5	合在一起：～起來買
拽	dzɛ6	
拽	ˀiəʔ9	單字音
拽	ɦiəʔ8	句中音
拾	zəʔ8	
拾	ʑiəʔ8	～起
拿	ˀna5	
拿	ˀnæ̃5	俗拏字
持	dzɿ2	
挂	kuo5	同掛
指	tsɿ3	
指	tsəʔ7	手～頭
指	tɕiəʔ7	手～頭，又音
挈	tɕʰiəʔ7	
按	ˀᵚm̩1	
按	ˀᵚm̩5	
挎	kʰuo5	
挑	tʰiɔ1	
挑	diɔ6	～戰
挖	ˀuɑʔ7	
挨	ˀŋa1	順着（次序）：～好仔排隊；逐一：一個～一個
挨	ˀŋɛ1	遭受：～他一頓打，正字又作捱
挩	tʰoʔ7	～草
挪	ˀnɤᵚ5	
挫	tsʰɤᵚ5	～折
振	tsəŋ5	
挲	sɤᵚ1	摩～
挸	tɕiɪ̃3	揩洗：～布，洗碗布
挹	ˀiəʔ7	
挺	tʰiŋ3	
挼	ˀnɤᵚ5	
挽	ˀuæ̃3	手～手
挾	ɕiəʔ7	要～，本字爲脅
挾	ʑiəʔ8	
捂	ˀu5	
捅	tʰoŋ3	
捆	kʰuəŋ3	
捉	tsoʔ7	
捋	ˀɭoʔ9	
捌	pɑʔ7	
捍	ɣᵚm̩6	
捎	sɔ1	
捏	ˀȵiɑʔ9	
捏	ˀȵiəʔ9	文
捐	tʃᶶm̩1	
捕	bu6	
捥	ˀᵚm̩5	
捧	pʰoŋ3	
捧	foŋ3	
捨	sa3	～不得；～施，即施～
捩	ˀɭiəʔ9	～頭～腦
捫	ˀməŋ5	
据	tʃyⱼ1	拮～
捱	ˀŋa5	拖延（時間）：～日腳，～辰光
捱	ŋa6	拖延（時間）：～日腳，～辰光，又音
捱	ˀŋɛ1	
捲	tʃᶶm̩3	～起來
捶	dzu2	～背
捶	dʒyeⁱ2	文
捷	dʑiəʔ8	又音
捷	ʑiəʔ8	
捺	ˀnɑʔ9	
捻	ˀȵiɪ̃3	～線
捾	ˀuæ̃3	用手指或刀、鏟、勺、鍁等挖起黏稠物；～子
掀	ɕiɪ̃1	
掂	tiɪ̃1	
掃	sɔ3	
掃	sɔ5	～帚
掄	ˀɭəŋ5	
掇	toʔ7	～櫈跑
掇	toʔ7	臨時小項借貸：～點錢
掇	tʃyoʔ7	
授	zeⁱ6	
掉	diɔ4	擺動：～尾巴；絞：～繩
掉	diɔ6	又音
掌	tsæ̃3	
掏	tʰɔ1	
掏	dɔ2	～井
掐	kʰɑʔ7	
排	ba2	
掖	ɦiəʔ8	攙扶：過橋，伲～好奶奶
掗	ˀŋuo1	～飯
掘	dʒyoʔ8	
掙	tsəŋ1	～扎
掛	kuo5	
掝	fɑʔ7	裂開
掝	xuɑʔ7	裂開：～嘴
掠	ˀɭiɑʔ9	
採	tsʰɛ3	
探	tʰᵚm̩5	～聽；試～
掣	tsʰəʔ7	
接	tɕiəʔ7	
控	kʰoŋ5	
推	tʰɛ1	
掩	ˀiɪ̃3	
措	tsʰu5	
措	tsʰɤᵚ5	又音，～手不及
掬	tʃyoʔ7	
掭	tʰiɪ̃5	～筆
掮	dʑiɪ̃2	
掰	pæ̃1	
掾	ɦᶶm̩6	
掿	ˀɲyoʔ9	用力揉搓，搋
揀	kæ̃3	～菜
揄	ˀyⱼ5	
揆	ɡueⁱ2	
揈	xoŋ1	～出去
揉	ˀȵieⁱ5	
揍	tseⁱ5	
揍	tsʰeⁱ1	
揎	ɕiɪ̃1	～衣裳袖
揎	ʃᶶm̩1	又音
描	ˀmiɔ5	
提	diⱼ2	
插	tsʰɑʔ7	
揖	ˀiəʔ7	作～
揚	ˀiɪ̃5	
換	ɦᵚm̩6	
揜	ˀiɪ̃3	
揞	ˀᵚm̩5	遮住
揠	ˀiɑʔ7	
握	ˀoʔ7	～手，～筆
揢	kʰəʔ7	
揣	tsʰɛ1	～在懷裏
揣	tsʰɛ3	～度
揩	kʰa1	
揪	tɕʰieⁱ3	～住他不放
揫	tɕieⁱ1	～頭帨巾
揬	dəʔ8	
揭	tɕiəʔ7	～發
揭	ɕiəʔ7	蓋子～開來
揮	feⁱ1	又音
揮	xueⁱ1	
揲	diəʔ8	
援	ˀᶶm̩5	
揵	dʑiɪ̃2	舉起
揹	pɛ1	～書包
搆	keⁱ5	彀，又作此
搇	tɕʰiŋ5	按：拏被子～～
搋	tsʰɛ1	
搌	tɕiɪ̃3	
損	ʃyŋ3	
搏	poʔ7	
搓	tsʰɤᵚ1	
搔	sɔ1	
搖	ɦiɔ2	
搗	tɔ3	
搛	tɕiɪ̃1	
搜	seⁱ1	
搞	kɔ3	
搡	sɑŋ3	
搤	ˀŋəʔ7	扼本字
搦	ˀɲyoʔ9	用力揉搓，搋
搦	ˀnəʔ9	
搧	ɕiɪ̃1	
搨	tʰɑʔ7	～片，俗作拓，字本又作搭；塗膜：～藥膏；信筆書畫： ～幾筆
搪	dɑŋ2	
搬	pᵚm̩1	字本作般
搭	tɑʔ7	
搭	tʰɑʔ7	～片，字又做搨
搯	tʰɔ1	
搲	ˀuo1	用手抓取
搳	fɑʔ7	～拳
搳	xuɑʔ7	～拳
搴	tɕʰiɪ̃1	
搶	tʃʰyɑŋ3	～蕩，頭～地
搶	tɕʰiɪ̃3	
搽	dʒyo2	
搿	ɡəʔ8	挾，夾在腋下
摏	soŋ1	伸手一擊：～起來一拳頭
摑	kuəʔ7	
摒	piŋ5	
摔	sɛ1	
摔	ʃyəʔ7	
摘	tsəʔ7	～要
摘	tiəʔ7	白
摜	ɡuæ̃4	摔打：～東西，～稻；摔倒：～一跟斗
摞	ˀɭɤᵚ5	堆疊：～柴子
摟	ˀɭeⁱ3	攪拌，翻動
摠	tsoŋ3	
摣	tʃyo1	抯異體
摥	tʰɑŋ5	平推：～網，～耙
摧	tsʰɛ1	
摩	ˀmɤᵚ5	
摯	tsɿ5	
摳	kʰeⁱ1	
摶	dᵚm̩2	揉成球形
摸	ˀmoʔ9	
摹	ˀmɤᵚ5	
摺	tsəʔ7	
摻	tsʰæ̃1	
撂	ɭiɔ6	扔：～拉仔
撅	dʒyoʔ8	
撆	pʰiəʔ7	同撇
撇	pʰiəʔ7	～捺；從液體表面舀取： ～油，～𣻕
撈	ˀɭɔ1	用不正當的手段取得：～錢，～後腳
撈	ˀɭɔ5	從水裏或其他液體裏取物：撈麪疙瘩
撏	ʑiɪ̃2	
撏	dʒᶶm̩2	掏：～河蟹洞
撐	tsʰəŋ1	
撒	sæ̃3	
撒	sɑʔ7	～手
撓	ˀnɔ5	不屈不～
撕	sɿ1	
撘	tɛ3	箇～，國～，處所詞
撘	təʔ7	在～（持續體標識）
撚	ˀȵiɪ̃3	
撞	dʒyɑŋ4	
撟	dʑiɔ6	撬
撢	tᵚm̩3	～沙灰
撢	tʰᵚm̩5	把東西從高處取下，俗寫作探
撣	tæ̃3	～子
撣	tᵚm̩3	～沙灰，本字疑爲撢
撤	tsʰəʔ7	
撥	poʔ7	挑～，提～
撦	tsʰa1	～篷
撦	tsʰa3	撕開：～布；分開，均攤：東西不多，大家～～
撩	ˀɭiɔ5	掀起：～起來；挑弄，引逗：～路頭
撫	fu3	～州，～恤
撫	vu2	
撫	vu6	
撬	tɕʰiɔ1	～箱子
播	pɤᵚ5	～種
撮	tʃyoʔ7	一～毛
撮	tʃʰyoʔ7	一～毛，又音
撰	dzæ̃6	
撲	pʰoʔ7	～克牌
撲	boʔ8	～跤（摔跤）
撳	tɕʰiŋ5	
撻	tʰɑʔ7	
撼	ɣᵚm̩6	
撾	tʃyo1	
撾	kɤᵚ1	老～
撿	tɕiɪ̃3	
擀	kᵚm̩3	
擁	ˀyoŋ3	～上～下
擂	ˀɭɛ3	敲鑼～鼓
擂	ˀɭɛ5	研磨
擂	ɭɛ6	～臺
擄	ˀɭu3	
擅	ʑiɪ̃6	
擇	dzəʔ8	
擊	tɕiəʔ7	
擋	tɑŋ3	
擋	tɑŋ5	摒～
操	tsʰɔ1	做～
操	tsʰɔ5	～事，～嘴；曹～，人名
擎	dʑiŋ2	
擐	fæ̃5	扔
擐	xuæ̃5	向遠處扔
擒	dʑiŋ2	
擒	dʒyŋ2	
擓	kʰua3	
擔	tæ̃1	～任
擔	tæ̃5	挑～，一～米
擗	biəʔ8	
擘	pɑʔ7	
擘	poʔ7	
擘	pəʔ7	
據	tʃyⱼ5	根～
擠	tɕiⱼ3	
擡	dɛ2	
擢	dzoʔ8	
擤	xoŋ3	～鼻頭
擤	ɕiŋ3	又音
擦	tsʰɑʔ7	
擩	zu4	插：拏旗～起來
擬	ˀȵiⱼ3	
擯	piŋ5	
擰	ˀȵiŋ5	
擱	koʔ7	
擲	dzəʔ8	
擴	kʰuoʔ7	
擷	ʑiəʔ8	
擺	pa3	～渡
擺	pɛ3	～動，文
擻	seⁱ3	
擾	zɔ4	白喫，語帶歉意：～伲一頓
擾	zɔ6	～亂
攀	pʰæ̃1	
攆	ˀniɪ̃3	又音
攆	ˀȵiɪ̃3	
攋	ˀɭa3	～人
攎	ˀɭu5	收聚：用手～
攏	ˀɭoŋ3	拉～
攔	ˀnᵚm̩5	趕家禽或家畜進窩（圈）或趕上以抓住，本字又作圝
攔	ˀɭᵚm̩5	趕家禽或家畜進窩（圈）或趕上以抓住，本字又作圝
攔	ˀɭɑʔ9	半路裏～住他‖用籬笆～住
攘	ȵiɑŋ6	
攘	zæ̃4	
攘	zæ̃6	
攙	tsʰæ̃1	
攜	ɕiⱼ1	
攝	ɕiəʔ7	
攢	dʒᶶm̩2	～錢
攢	dʒᶶm̩4	聚集（含貶義）：～在一淘
攣	ˀnᵚm̩5	
攣	ˀɭᵚm̩5	
攤	tʰæ̃1	～燒餅
攤	tʰæ̃3	擺開，鋪開：～～開
攩	tɑŋ3	訓作攩
攩	tʰɑŋ1	
攪	kɔ3	
攪	ɡɔ6	糾纏不休，擾亂：頭腦糊塗錯亂
攫	tʃyoʔ7	
攬	ˀnæ̃3	伲事體總朝自家身裏～
攬	ˀɭæ̃3	伲事體總朝自家身裏～
支	tsɿ1	
收	seⁱ1	
攸	ˀieⁱ1	
改	kɛ3	
攺	kɛ3	
攻	koŋ1	
放	fɑŋ5	
政	tsəŋ5	
敁	tiɪ̃1	～份量
故	ku5	
效	ʑiɔ6	～果
敍	ʒyⱼ6	
敏	ˀmiŋ3	
救	tɕieⁱ5	
敕	tsʰəʔ7	
敖	ˀŋɔ5	
敗	ba6	～家精
敗	bɛ6	文
敘	ʒyⱼ6	
教	kɔ5	
教	tɕiɔ1	動詞，文
教	tɕiɔ5	～育，文
敝	biⱼ6	
敞	tsʰæ̃3	
敢	kᵚm̩3	
散	sæ̃3	～光
散	sæ̃5	拆～
敦	təŋ1	
敨	tʰeⁱ3	～气
敬	tɕiŋ5	
敲	kʰɔ1	
敲	tɕʰiɔ1	文
整	tsəŋ3	
敵	diəʔ8	
敷	fu1	
數	su3	～～有多少
數	su5	名詞，～目
斂	niɪ̃6	
斃	biⱼ6	
文	vəŋ2	
斌	piŋ1	
斐	fiⱼ3	～然
斑	pæ̃1	
斒	pæ̃1	～斕
斕	ˀnæ̃5	
斕	ˀɭæ̃5	
斗	teⁱ3	十升一～
料	ɭiɔ6	
斛	ɣoʔ8	
斜	ʑia2	
斟	tsəŋ1	
斠	kɔ5	～秤
斠	koʔ7	
斠	tʃyoʔ7	
斡	ˀuɑʔ7	
斡	ˀuoʔ7	又音
斤	tɕiŋ1	
斥	tsʰəʔ7	
斧	fu5	
斫	tsɑʔ7	～草
斬	tsæ̃3	
斯	sɿ1	
新	ɕiŋ1	
斷	tᵚm̩5	決～
斷	dᵚm̩4	中～；清明～雪、穀雨～霜
斷	dᵚm̩6	～絕
方	fɑŋ1	
於	ˀyⱼ1	姓氏
施	sɿ1	
旁	bɑŋ2	
旄	ˀmɔ5	
旅	ˀɭyⱼ3	
旋	ʑiɪ̃2	
旋	ʑiɪ̃6	～水龍頭
旋	ʒᶶm̩2	又音
旌	tɕiŋ1	
旎	ˀȵiⱼ3	旖～
族	dzoʔ8	
旒	ˀɭeⁱ5	
旖	ˀiⱼ3	旖～
旗	dʑiⱼ2	
旛	fæ̃1	幡本字
无	vu2	
无	ˀmo5	南～
无	ˀmoʔ9	南～
既	tɕiⱼ5	
日	ˀȵiɪ̃1	上～（昨天）
日	zəʔ8	文
日	ˀȵiəʔ9	白
旦	tæ̃5	
旨	tsɿ3	
早	tsɔ3	
旬	ʒyŋ2	
旭	ʃyoʔ7	
旱	ɣᵚm̩4	抗～
旱	ɣᵚm̩6	又音
旹	zɿ2	
旺	ɦiɑŋ6	白
旺	ɦuɑŋ6	文
昂	ˀŋɑŋ5	
昂	ˀɑŋ5	又音
昃	tsəʔ7	
昆	kuəŋ1	推導音
昆	kʰuəŋ1	～明
昇	səŋ1	
昊	ɣɔ6	
昌	tsʰæ̃1	
明	ˀməŋ5	白，～朝
明	ˀmiŋ5	
昏	fəŋ1	
昏	xuəŋ1	
易	ɦiⱼ6	容～
易	ɦiəʔ8	交換；『～經』；姓氏
昔	ɕiəʔ7	
昕	ɕiŋ1	
昜	ˀiɪ̃5	
昝	tʃᶶm̩3	姓氏
星	ɕiŋ1	
映	ˀiŋ5	
春	tʃʰyŋ1	
昦	ɣɔ6	
昧	mɛ6	～良喪心
昨	dʒyo6	
昨	zoʔ8	～日
昭	tsɔ1	
是	zɿ4	又音
是	zɿ6	
昱	ˀyoʔ9	單字音
昱	ɦyoʔ8	語流音
昴	ˀmɔ3	
昵	ˀȵiəʔ9	同暱
晁	dzɔ2	
時	zɿ2	
晃	fɑŋ3	又音，一～而過
晃	xuɑŋ3	
晃	ɦuɑŋ6	
晉	tɕiŋ5	
晉	tʃyŋ5	
晌	sæ̃3	
晏	ˀiɪ̃5	姓氏
晏	ˀŋæ̃5	晚
晚	ˀmæ̃3	～孃，後母；～後朝，大後天
晚	ˀuæ̃3	文
晝	tseⁱ5	～裏：中午；小～：接近中午；～着：到中午
晤	ɦu6	
晥	ɦᵚm̩6	
晦	feⁱ5	又音
晦	xueⁱ5	
晧	ɣɔ6	
晨	zəŋ2	
普	pʰu3	
景	tɕiŋ3	
晰	ɕiəʔ7	
晴	dʑiŋ2	
晴	ʑiŋ2	又音
晵	tɕʰiɪ̃1	～晝
晶	tɕiŋ1	
晷	kueⁱ3	
智	tsɿ5	
晾	niɪ̃6	
暄	ʃᶶm̩1	
暇	ʑia6	
暇	ʒyo2	老
暈	ɦyŋ6	
暉	feⁱ1	又音
暉	xueⁱ1	
暑	tsʰu3	～假
暖	ˀnᵚm̩3	
暗	ˀᵚm̩5	
暘	ˀiɪ̃5	
暝	ˀmiŋ5	
暢	tsʰæ̃5	
暨	tɕiⱼ5	諸～
暨	tɕiəʔ7	姓氏
暫	dzæ̃6	
暮	mɤᵚ6	
暱	ˀȵiəʔ9	
暴	pɔ5	～眼
暴	bɔ6	～冷，～醃
暹	ɕiɪ̃1	
曆	ˀɭiəʔ9	日～
曇	dᵚm̩2	～花
曉	ɕiɔ3	
曙	su5	
曙	zu6	老
曜	ɦiɔ6	
曝	pɔ5	～伏，大暑天把箱子裏的衣服曬曬
曝	bɔ6	～光，新
曝	pʰoʔ7	又
曝	boʔ8	
曠	kʰuɑŋ5	
曡	dəʔ8	
曡	diəʔ8	
曦	ɕiⱼ1	
曩	ˀnɑŋ3	
曬	sɛ5	文
曬	ʃyo5	
曰	ˀya1	
曰	ɦyɑʔ8	子～
曲	tʃʰyoʔ7	
曳	ˀiəʔ9	訓讀爲拽，本字抴，單字音
曳	ɦiəʔ8	訓讀作拽，本字抴，句中音
更	kəŋ1	
更	kəŋ5	副詞
曷	ɣuoʔ8	
書	su1	
曹	zɔ2	姓氏
曼	mæ̃6	
曼	ˀmᵚm̩5	極少數老派有此音，主流多讀爲ᵚm̩，該音節又可讀爲mɯ̃或mɤᵚ或mɤ̃
曼	ˀᵚm̩5	
曾	tsəŋ1	姓氏
曾	dzəŋ2	副詞
替	tʰiⱼ5	
最	tʃyeⁱ5	
會	kueⁱ5	～計
會	ɦueⁱ6	
朆	vəŋ2	
月	ˀɲyoʔ9	
月	ˀyoʔ9	文，單字音
月	ɦyoʔ8	文，語流音
有	ˀieⁱ3	
朋	bəŋ2	
服	voʔ8	
朔	soʔ7	
朕	dzəŋ6	
朗	ˀɭɑŋ3	明～
望	vɑŋ6	文
望	moŋ6	
朝	tsɔ1	今～
朝	dzɔ2	～代
朞	tɕiⱼ1	～過；嬰兒週歲
期	dʑiⱼ2	日～
朦	ˀmoŋ5	～朧
朧	ˀɭoŋ5	
木	ˀmoʔ9	
未	viⱼ6	
末	ˀmoʔ9	煙～子
末	ˀməʔ9	又音，老～，～底
本	pəŋ3	
札	tsɑʔ7	
朮	ʒyəʔ8	白～，蒼～
朱	tsu1	
朴	pʰoʔ7	～樹
朵	tɤᵚ1	又音
朵	tɤᵚ3	
朶	tɤᵚ3	朵異體
机	tɕiⱼ3	
朽	ɕieⁱ3	
朽	ɕieⁱ5	
朿	tsʰɿ5	
杅	ˀyⱼ5	
杆	kᵚm̩1	旗～
杈	tʃʰyo1	
杈	tʃʰyo5	～枝
杉	sæ̃1	
杌	ˀŋəʔ9	～子
李	ˀɭiⱼ3	
杏	ɣɑŋ6	～子
杏	ʑiŋ6	文，～子
材	zɛ2	～料
村	tʃʰyŋ1	
杖	dzæ̃6	
杜	du6	
杞	tɕiⱼ3	又音
杞	tɕʰiⱼ3	
束	soʔ7	
杪	ˀmiɔ3	
杭	ɣɑŋ2	
杯	pɛ1	
杰	dʑiəʔ8	
東	toŋ1	
杳	ˀiɔ3	
杵	tsʰu3	
杷	bɤᵚ2	
杹	xuo5	
杼	zu6	
松	soŋ1	～樹
板	pæ̃3	
枇	biəʔ8	～杷，又音
枉	ˀuɑŋ3	
枉	ɦuɑŋ6	又音
枊	ŋɑŋ6	
析	ɕiəʔ7	
枕	tsəŋ3	～蓆
枕	tsəŋ5	動詞
林	ˀɭiŋ5	姓氏
枘	ʒyeⁱ6	
枚	ˀmɛ5	
果	kɤᵚ3	
枝	tsɿ1	
枯	kʰu1	
枯	kʰu5	菜～，稻穰～
枰	biŋ2	
枳	tsɿ3	
枴	kuɛ3	～棒
枵	ɕiɔ1	
架	ka5	～子
架	tɕia5	文
架	kuo5	～子
架	tʃyo5	打～
枷	ka1	連～
枸	keⁱ3	
枸	keⁱ5	～橘
枼	ɦiəʔ8	
柁	dɤᵚ2	
柁	dɤᵚ4	
柄	piŋ5	
柏	pəʔ7	
某	ˀmeⁱ3	
柑	kᵚm̩1	
柒	tɕʰiəʔ7	
染	ˀȵiɪ̃3	
柔	dzeⁱ2	
柚	ɦieⁱ6	
柞	tʃyo5	～釘樹
柢	tiⱼ3	
柤	tʃyo1	楂本字
查	tʃyo1	姓氏
查	dʒyo2	檢～
柩	dʑieⁱ6	
柬	tɕiɪ̃3	
柯	kɤᵚ1	舊
柯	kʰɤᵚ1	
柰	na6	白
柰	nɛ6	
柱	dzu6	
柳	ˀɭeⁱ3	
柴	za2	
柵	sɑʔ7	～欄
査	tʃyo1	查本字
査	dʒyo2	查本字
柿	zɿ6	
栀	tsɿ1	～子花
栓	sæ̃1	
栖	tɕʰiⱼ1	又音
栖	ɕiⱼ1	
栗	ˀɭiəʔ9	
栞	kʰᵚm̩1	
栟	pəŋ1	～茶
校	kɔ5	校準（儀器、機器）
校	tɕiɔ5	～對，文
校	ʑiɔ6	～長
栩	ʃyⱼ3	
株	tsu1	
核	ɣəʔ8	
根	kəŋ1	
格	kəʔ7	
栽	tsɛ1	
桀	dʑiəʔ8	
桁	ɣɑŋ6	擱～
桂	kueⁱ5	
桃	dɔ2	
桄	kʰuɑŋ1	量詞，一～紙
桅	ˀueⁱ5	～門艙，帆船桅杆下的船艙
框	kʰuɑŋ1	
案	ˀᵚm̩5	～子
桌	tsoʔ7	
桎	tsəʔ7	
桐	doŋ2	
桑	sɑŋ1	
桑	ʃyɑŋ1	又音
桒	sɑŋ1	
桓	ˀᵚm̩5	
桔	tɕiəʔ7	～梗
桕	dʑieⁱ6	
桮	pɛ1	
桶	tʰoŋ3	油～
桶	doŋ6	馬～，沙上話借詞
桷	koʔ7	竹～子
桼	tɕʰiəʔ7	
桿	kᵚm̩3	～子
梁	ˀniɪ̃5	姓氏
梅	ˀmɛ5	
梆	pɑŋ1	
梏	koʔ7	
梓	tsɿ3	
梗	kɑŋ5	自來火～子
梗	kəŋ3	
條	diɔ2	
梟	ɕiɔ1	
梢	sɔ1	長～木頭
梧	ˀu5	
梨	ˀɭiⱼ5	
梭	sɤᵚ1	
梯	tʰiⱼ1	
械	ɦia6	
械	tɕiɛ5	文
械	ɦiɛ6	
梳	su1	
梵	væ̃6	
棃	ˀɭiⱼ5	
棄	tɕʰiⱼ5	
棉	ˀmiɪ̃5	
棊	dʑiⱼ2	
棋	dʑiⱼ2	
棍	kuəŋ5	～子
棒	bɑŋ6	
棕	tsoŋ1	
棗	tsɔ3	
棘	tɕiəʔ7	
棚	bəŋ2	
棟	toŋ5	
棠	dɑŋ2	
棣	diⱼ6	
棧	dzæ̃6	
森	səŋ1	
棱	ˀɭəŋ5	
棲	tɕʰiⱼ1	又音
棲	ɕiⱼ1	
棵	kʰɤᵚ1	
棺	kᵚm̩1	
椅	ˀiⱼ3	
植	dzəʔ8	
椎	dʒyeⁱ2	
椏	ˀŋuo1	樹～枝
椒	tɕiɔ1	斑～
椰	ˀia1	
椹	tsəŋ1	
椽	dʒᶶm̩2	
椿	tʃʰyŋ1	
楂	tʃyo1	
楊	ˀiɪ̃5	
楓	foŋ1	
楔	ɕiəʔ7	
楚	tsʰu3	
楝	niɪ̃6	
楞	ˀɭəŋ5	
楠	ˀnᵚm̩5	
楣	ˀmiⱼ5	門～
楦	ʃᶶm̩5	
楨	tsəŋ1	
楫	tɕiəʔ7	
楬	dʑiəʔ8	
業	ˀȵiəʔ9	
極	dʑiəʔ8	
楷	kʰa3	～字
楷	kʰɛ3	～模
楹	ˀyŋ5	
概	kɛ5	
榆	ˀyⱼ5	
榔	ˀɭɑŋ5	檳～
榕	ˀyoŋ5	
榖	koʔ7	
榘	tʃyⱼ1	
榛	tsəŋ1	
榜	pɑŋ3	
榦	kᵚm̩5	樹～
榧	fiⱼ3	
榨	tʃyo5	
榫	ʃyŋ3	投～
榮	ˀyoŋ5	
榴	ˀɭeⁱ5	
榷	kʰoʔ7	
榷	tʃʰyoʔ7	商～
榻	tʰɑʔ7	
槀	kɔ3	
槃	bᵚm̩2	
構	keⁱ5	
槌	dʒyeⁱ2	
槍	tɕʰiɪ̃1	
槐	ˀua5	刺～樹
槐	ɣuɛ2	文
槑	ˀmɛ5	
槓	kɑŋ5	擡～
槧	tɕʰiɪ̃1	削皮
槧	tɕʰiɪ̃5	刻本
槩	kɛ5	
槰	boŋ4	字同𣟀
槲	ɣoʔ8	
槳	tɕiɪ̃3	
槽	zɔ2	
槿	tɕiŋ3	
樁	tʃyɑŋ1	
樂	ɦiɔ6	仁者～山
樂	ˀɭoʔ9	快～
樂	ˀŋoʔ9	音樂，又姓氏
樂	ɦyoʔ8	音～，語流音
樅	tsʰoŋ1	
樊	væ̃2	
樐	ˀɭu3	
樑	ˀniɪ̃5	
樓	ˀɭeⁱ5	
樘	dɑŋ6	
標	piɔ1	
樝	tʃyo1	
樞	tsʰu1	
樞	su1	
樟	tsæ̃1	
模	ˀmɤᵚ5	～型
樣	ɦiɪ̃6	
樤	diɔ2	
樨	ɕiⱼ1	
樵	dʑiɔ2	
樸	pʰoʔ7	～素
樸	boʔ8	～刀（菜刀）
樹	zu4	～立
樹	zu6	
樺	ɣuo6	
樻	ɡueⁱ6	
橄	kᵚm̩3	～欖
橇	tɕʰiɔ1	
橈	ˀnɔ5	
橈	zɔ2	又音
橋	dʑiɔ2	
橘	tʃyoʔ7	
橙	dzəŋ2	
橛	dʒyoʔ8	
橜	dʒyoʔ8	
機	tɕiⱼ1	～器
橡	ʑiɪ̃6	
橢	tʰɤᵚ3	
橫	vəŋ6	蠻～
橫	ɣəŋ6	蠻～
橫	ɣuəŋ6	蠻～
橫	ˀuəŋ5	白
檀	dæ̃2	
檁	ˀɭiŋ3	
檄	ʑiəʔ8	
檎	dʒyŋ2	
檐	ˀiɪ̃5	
檑	ˀɭɛ5	～木
檔	tɑŋ5	
檗	pəʔ7	
檛	tʃyo1	
檜	kueⁱ5	～樹
檝	tɕiəʔ7	
檢	tɕiɪ̃3	
檣	ʑiɪ̃2	
檬	ˀmoŋ5	
檯	dɛ2	～子
檳	piŋ1	
檵	tɕiⱼ5	枸～子
檵	dʑiⱼ2	枸～子，破讀
檸	ˀȵiŋ5	
檻	kʰɛ3	戶～，即門檻，又讀如字
檻	kæ̃5	籠
檻	kʰæ̃3	門～
櫃	ɡueⁱ6	
櫈	təŋ5	
櫓	ˀɭu3	
櫛	tsəʔ7	
櫝	doʔ8	
櫞	ˀᶶm̩5	香～
櫟	ˀɭiəʔ9	
櫥	dzu2	
櫪	ˀɭiəʔ9	
櫻	ˀəŋ1	白
櫻	ˀiŋ1	文
櫼	tsəŋ1	～㞚
欄	ˀnæ̃5	～干
欄	ˀɭæ̃5	
欄	ˀɭɑʔ9	柵～
權	dʒᶶm̩2	
欒	ˀnᵚm̩5	
欒	ˀɭᵚm̩5	
欖	ˀnæ̃3	
欖	ˀɭæ̃3	
欛	pɤᵚ5	弝俗字
欝	ˀyoʔ7	同鬱
欞	ˀɭiŋ5	
欠	tɕʰiɪ̃5	
次	tsʰɿ5	
欣	ɕiŋ1	
欱	xuoʔ7	～水
欲	ˀyoʔ9	單字音
欲	ɦyoʔ8	語流音
欶	soʔ7	吸入
欸	ˀɛ3	應答聲
欺	tɕʰiⱼ1	
欽	tɕʰiŋ1	
款	kʰᵚm̩3	
歃	sɑʔ7	
歇	ɕiəʔ7	
歉	tɕʰiɪ̃5	
歌	kɤᵚ1	
歎	tʰæ̃5	
歐	ˀeⁱ1	
歔	ʃyⱼ1	
歗	ɕiɔ5	嘯古文
歙	səʔ7	～縣，在安徽
歙	ɕiəʔ7	
歟	ˀyⱼ5	
歠	tʃʰyoʔ7	
歡	xᵚm̩1	
止	tsɿ3	
正	tsəŋ1	～月
正	tsəŋ5	～中
此	tsʰɿ3	
步	bu6	
武	vu4	
歧	dʑiⱼ2	
歪	fɛ1	又音
歪	xuɛ1	～七～八，白
歪	ˀuɛ1	東倒西～，文
歲	ʃyⱼ5	
歷	ˀɭiəʔ9	～史
歸	kueⁱ1	
歹	tɛ3	
死	sɿ3	
歿	ˀməʔ9	
殀	ˀiɔ1	～折
殃	ˀiɪ̃1	
殄	diɪ̃6	
殆	dɛ6	
殉	ʒyŋ6	
殊	su1	文
殊	zu2	白
殍	biɔ6	
殖	dzəʔ8	
殖	zəʔ8	骨～
殘	dzæ̃2	
殛	tɕiəʔ7	
殜	ɦiəʔ8	
殞	ˀyŋ3	
殟	ˀuəʔ7	～塞
殠	tsʰeⁱ5	
殣	dʑiŋ6	
殤	sæ̃1	
殪	ˀiⱼ5	
殫	tæ̃1	
殭	tɕiɪ̃1	
殮	niɪ̃6	
殯	piŋ1	又音
殯	piŋ5	
殲	tɕiɪ̃1	
殳	zu2	姓氏
段	dᵚm̩6	
殷	ˀiŋ1	
殷	ˀiɪ̃1	～紅
殺	sɑʔ7	
殼	kʰoʔ7	
殽	ʑiɔ2	溷～
殿	diɪ̃6	
毀	ʃyⱼ5	～牙齒：換乳牙
毀	feⁱ3	文
毀	xueⁱ3	～壞
毅	ȵiⱼ6	
毆	ˀeⁱ1	
毆	ˀŋeⁱ3	老
毋	vu2	
母	ˀmɤᵚ3	～親
母	ˀmᵚm̩3	極少數老派有此音，主流多讀爲ᵚm̩，該音節又可讀爲mɯ̃或mɤᵚ或mɤ̃，舅～、丈～；～雞、～豬
母	ˀᵚm̩3	舅～、丈～；～雞、～豬
每	ˀmɛ3	
毒	doʔ8	
毓	ˀyoʔ9	單字音
毓	ɦyoʔ8	語流音
比	piⱼ3	
比	biⱼ2	量詞，層次
比	biⱼ6	比鄰
毖	piⱼ5	懲前～後
毗	biⱼ2	
毘	biⱼ2	
毛	ˀmɔ5	
毫	ɣɔ2	
毬	dʑieⁱ2	
毯	tʰæ̃3	
毷	mɔ6	
毹	su1	
毻	tʰɤᵚ5	～毛
毽	tɕiɪ̃3	
氂	ˀmɔ5	
氅	tsʰæ̃3	
氈	tɕiɪ̃1	
氏	zɿ6	
氐	tiⱼ1	～族
民	ˀmiŋ5	
氒	tʃyoʔ7	
氓	ˀmɑŋ5	流～
气	tɕʰiⱼ5	
氖	ˀnɛ3	
氘	tɔ1	
氙	ɕiɪ̃1	
氚	tʃʰᶶm̩1	
氛	fəŋ1	
氟	fəʔ7	
氡	toŋ1	
氣	ɕiⱼ5	同「餼」
氣	tɕʰiⱼ5	
氤	ˀiŋ1	
氦	ɣɛ6	
氧	ˀiɪ̃3	
氨	ˀᵚm̩1	
氪	kʰəʔ7	
氫	tɕʰiŋ1	
氬	ˀia5	
氭	toŋ1	
氮	dæ̃4	
氯	ˀɭoʔ9	
氰	tɕʰiŋ1	
氳	ˀyŋ1	
水	sɿ1	酒～
水	sɿ5	～門汀，上海話借音
水	su3	車～，落～鬼，白
水	ʃyeⁱ3	文
永	ˀyoŋ3	
氽	tʰəŋ3	浮，漂浮
氾	fæ̃5	～濫
汀	tʰiŋ1	
汁	tsəʔ7	
求	dʑieⁱ2	
汆	tʃʰᶶm̩1	～湯；～粥
汊	tʃʰyo5	～河
汎	fæ̃5	
汏	da6	洗
汐	ʑiəʔ8	
汔	ɕiəʔ7	
汕	sæ̃5	
汗	ɣᵚm̩2	可～
汗	ɣᵚm̩6	
汙	ˀu1	
汚	ˀu1	
汛	ɕiŋ5	大～
汝	zu4	
汞	koŋ3	
江	kɑŋ1	
江	tɕiɑŋ1	文
池	dzɿ2	
污	ˀu1	
汨	ˀmiəʔ9	～羅江
汩	kuəʔ7	
汪	ˀuɑŋ1	姓氏；聚集（液體）：水～塘
汰	tʰa5	溪邊用於洗衣的石板：～爿
汰	tʰɛ5	文，淘～
汲	tɕiəʔ7	
汴	biɪ̃6	
汶	vəŋ6	
決	tʃyoʔ7	
汽	tɕʰiⱼ5	
汾	fəŋ1	又音
汾	vəŋ2	
沁	tɕʰiŋ5	
沂	ȵiⱼ6	
沂	ˀiⱼ5	文讀
沃	ˀoʔ7	
沃	ˀuoʔ7	又音
沅	ˀᶶm̩5	
沆	ɣɑŋ6	～瀣一气
沈	dzəŋ2	
沈	səŋ3	姓氏
沉	dzəŋ2	本字作沈
沌	dəŋ6	
沏	tɕʰiⱼ5	
沏	tɕʰiəʔ7	
沐	ˀmoʔ9	
沒	ˀməʔ9	
沓	tɑʔ7	（量詞）
沓	dɑʔ8	雜～
沖	tsʰoŋ1	～喜
沖	tsʰoŋ5	～牀
沙	ʃyo1	
沙	ʃyo3	散了：～伙
沛	pʰɛ5	
沫	ˀmɤᵚ3	沫子
沫	ˀmoʔ9	
沭	ʒyəʔ8	
沮	tʃyⱼ5	～潮
沰	toʔ7	（量詞）一～（小攤）痰
沱	dɤᵚ2	滂～
河	ɣɤᵚ2	
沸	fiⱼ5	新
沸	fəʔ7	
油	ˀieⁱ5	
治	dzɿ6	
沼	tsɔ1	～气
沼	tsɔ3	又音
沽	ku1	
沾	tɕiɪ̃1	～親帶故
沿	ˀiɪ̃5	
況	fɑŋ5	又音
況	kʰuɑŋ5	又音
況	xuɑŋ5	
泄	ɕiəʔ7	
泅	dʑieⁱ2	又音
泅	ʑieⁱ2	
泆	diəʔ8	
泆	ˀiəʔ9	單字音
泆	ɦiəʔ8	句中音
泉	ʑiɪ̃2	
泉	ʒᶶm̩2	又音
泊	pʰoʔ7	湖～，字本作濼
泊	boʔ8	停～，淡～
泌	piⱼ5	便～
泌	biəʔ8	
泓	ɣoŋ2	
泔	kᵚm̩1	
法	fɑʔ7	
泗	sɿ5	
泛	fæ̃5	
泠	ˀɭiŋ5	
泡	pʰɔ1	水～
泡	pʰɔ5	動詞：用水～一～
波	pɤᵚ1	
泣	tɕʰiəʔ7	
泥	ˀȵiⱼ5	
泥	ȵiⱼ6	拘～
注	tsu5	～意
泫	ʒᶶm̩6	
泮	pʰᵚm̩5	
泯	ˀmiŋ3	
泰	tʰa5	舒服：弛～
泰	tʰɛ5	文
泱	ˀiɪ̃1	
泳	ˀyoŋ3	
泵	pɑŋ1	
泵	pəŋ5	
洄	veⁱ2	
洇	ˀiŋ1	
洋	ˀiɪ̃5	
洎	dʑiⱼ6	來不～，字又作及
洒	ɕiⱼ3	
洒	sa3	
洗	ɕiⱼ3	
洗	ɕiɪ̃3	～馬，古官名
洛	ˀɭoʔ9	
洞	doŋ2	洪～縣，在山西
洞	doŋ6	
津	tɕiŋ1	
洪	ɣoŋ2	
洱	ˀɛ3	
洲	tseⁱ1	
洶	ʃyoŋ1	
活	ɦuo6	生～（活兒）
活	ˀuoʔ9	單字音
活	ɦuoʔ8	死～
洼	ˀua1	
洼	ˀuo1	
洽	tɕʰiɑʔ7	
派	pʰa5	
流	ˀɭeⁱ5	
浙	tsəʔ7	
浚	tʃyŋ5	
浜	pɑŋ1	沙家～
浡	bəʔ8	
浣	ˀᵚm̩3	又音
浣	ɦᵚm̩6	
浦	pʰu3	
浩	ɣɔ6	
浪	ˀɭɑŋ1	～蕩（浪子）
浪	ˀɭɑŋ5	滄～
浪	ɭɑŋ6	
浮	vu2	
浮	veⁱ2	輕～，～面
浴	ˀyoʔ9	單字音
浴	ɦyoʔ8	語流音
海	xɛ3	
浸	tɕiŋ5	
浹	tɕiəʔ7	
涂	du2	～水
涅	ˀȵiəʔ9	
涇	tɕiŋ1	
消	ɕiɔ1	
涉	zəʔ8	
涌	ˀyoŋ3	
涍	kʰɔ5	～水（將河水舀光）
涎	ʑiɪ̃2	
涓	tʃᶶm̩1	
涔	dzəŋ2	
涕	tʰiⱼ5	
涖	ɭiⱼ6	
涪	veⁱ2	
涮	sæ̃5	
涯	ˀia5	文
涯	ˀŋɛ5	岸：～裏，上～
液	ɦiɛ6	語流舒化讀法
液	ˀiəʔ9	單字音
液	ɦiəʔ8	句中音
涴	ˀɤᵚ5	
涵	ɣᵚm̩2	
涸	ɣoʔ8	枯～
涼	ˀniɪ̃5	
涿	toʔ7	淋；滴
淀	diɪ̃6	
淄	tsɿ1	
淅	ɕiəʔ7	
淆	ʑiɔ2	混～
淇	dʑiⱼ2	
淊	ˀŋæ̃1	～水
淋	ˀɭəŋ5	又音，～雨
淋	ˀɭiŋ5	～雨；～病
淌	tʰɑŋ3	流～；漂浮
淑	zoʔ8	
淒	tɕʰiⱼ1	
淖	nɔ6	
淘	dɔ2	～伴
淚	ɭiⱼ6	
淝	viⱼ2	
淞	soŋ1	
淡	dæ̃4	單音節形容詞：鹹～
淡	dæ̃6	～話，話語
淤	ˀyⱼ1	
淥	ˀɭoʔ9	
淦	kᵚm̩5	
淨	ʑiŋ6	
淩	ˀɭiŋ5	
淪	ˀɭəŋ5	
淫	ˀiŋ5	
淬	tsʰɛ5	
淮	ˀua5	白
淮	ɣuɛ2	文
深	səŋ1	
深	ʃyŋ1	又音
淳	ʒyŋ2	
淵	ˀᶶm̩1	
混	fəŋ5	
混	vəŋ4	
混	vəŋ6	
混	xuəŋ5	副詞，胡亂：伲嫑～來。破讀
混	ɣuəŋ4	～喫等死
混	ɣuəŋ6	～日腳；～和；蒙～
淹	ˀiɪ̃1	
淹	ˀŋæ̃1	訓讀爲淊
淺	tɕʰiɪ̃3	
添	tʰiɪ̃1	
淼	ˀmiɔ3	
清	tɕʰiŋ1	
渙	xᵚm̩5	
渚	tsu3	
減	tɕiɪ̃3	文
減	kæ̃3	
渝	ˀyⱼ5	
渠	dʒyⱼ2	
渠	dʒyⱼ6	又音，～道
渡	du6	
渣	tʃyo1	～滓
渤	bəʔ8	
渥	ˀoʔ7	
渦	ˀɤᵚ1	～流
渧	tiⱼ5	～水
渫	ɕiəʔ7	
測	tsʰəʔ7	
渭	ɦueⁱ6	
港	kɑŋ3	大漾～，當地港名
港	tɕiɑŋ3	文，掘～（如東縣縣城，又讀如字）
渲	ʃᶶm̩5	
渳	ˀmiⱼ1	～一口酒
渴	kʰuoʔ7	
游	ˀieⁱ5	
渺	ˀmiɔ3	
渾	vəŋ2	又音，～厚，～樸； ～圓；～濁
渾	vəŋ6	
渾	ɣuəŋ2	～樸、～厚；～圓；～濁
渾	ɣuəŋ6	～身
渾	ˀuəŋ5	～水
湃	pʰa5	
湃	pʰɛ5	文
湊	tsʰeⁱ5	
湎	ˀmiɪ̃3	
湖	vu2	
湖	ɣu2	新派
湘	ɕiɪ̃1	
湛	dzæ̃6	
湧	ˀyoŋ3	
湫	tɕieⁱ1	
湫	tɕʰieⁱ1	
湫	tɕʰiɔ3	
湮	ˀiŋ1	
湮	ˀiɪ̃1	
湯	tʰɑŋ1	溫水；菜～
溉	kɛ5	
溏	dɑŋ2	
源	ˀɲᶶm̩5	
源	ˀᶶm̩5	
準	tʃyŋ3	
溚	tɑʔ7	溼～～
溜	ˀɭeⁱ1	～走
溜	ɭeⁱ6	簷～
溝	keⁱ1	～坎
溟	ˀmiŋ3	又音
溟	ˀmiŋ5	
溢	ˀiəʔ9	單字音
溢	ɦiəʔ9	句中音
溥	pʰu3	
溧	ˀɭiəʔ9	
溪	tɕʰiⱼ1	
溫	ˀuəŋ1	姓氏
溯	su5	
溲	seⁱ3	～酵，～麪
溴	ɕieⁱ5	
溶	ˀyoŋ5	
溷	vəŋ6	
溺	ˀȵiəʔ9	
溻	tʰɑʔ7	眼淚巴～
溼	səʔ7	
溽	zoʔ8	
滁	dzu2	
滂	pʰɑŋ1	
滂	bɑŋ2	～沱
滃	ˀoŋ3	
滄	tsʰɑŋ1	
滅	ˀmiəʔ9	
滇	diɪ̃2	
滋	tsɿ1	
滌	diəʔ8	
滎	ˀiŋ5	
滑	ˀuɑʔ9	單字音
滑	ɦuɑʔ8	
滑	kuəʔ7	～稽，舊
滓	tsɿ3	渣～
滔	tʰɔ1	
滔	dɔ2	
滕	dəŋ2	
滚	kuəŋ1	
滬	vu6	
滬	ɣu6	新派
滮	piɔ1	～水：液體從狹小的孔道急射出來
滯	dzɿ6	～銷
滲	səŋ5	
滴	tiɪ5	一～水
滴	tiəʔ7	
滷	ˀɭu3	
滸	fu3	
滸	xu3	新派
滹	xu1	
滿	ˀmᵚm̩3	極少數老派有此音，主流多讀爲ᵚm̩，該音節又可讀爲mɯ̃或mɤᵚ或mɤ̃
滿	ˀᵚm̩3	又音
滿	ˀᵚm̩3	
漁	ˀɲyⱼ5	
漂	pʰiɔ1	～流，～浮
漂	pʰiɔ5	～亮
漆	tɕʰiəʔ7	
漉	ˀɭoʔ9	～水
漍	kuəʔ7	
漏	ɭeⁱ6	
漓	ˀɭiⱼ5	
演	ˀiɪ̃3	
漕	zɔ2	
漚	ˀŋeⁱ1	～糞
漠	ˀmoʔ9	
漢	xᵚm̩5	
漣	ˀniɪ̃5	
漦	zæ̃2	口水
漧	kᵚm̩1	～溼
漩	ʑiɪ̃6	～渦
漩	ʒᶶm̩2	又音
漪	ˀiⱼ1	
漫	ˀmɤᵚ5	～兒，水～金山（又讀如字）
漫	mᵚm̩6	極少數老派有此音，主流多讀爲ᵚm̩，該音節又可讀爲mɯ̃或mɤᵚ或mɤ̃
漬	zɿ6	～腳
漱	su5	～口
漲	tsæ̃3	
漲	tsæ̃5	頭昏腦～
漳	tsæ̃1	
漴	ʒyɑŋ6	
漸	tɕiɪ̃1	西學東～
漸	dʑiɪ̃6	
漾	ɦiɪ̃6	大～港
漿	tɕiɪ̃1	
潏	tʃyoʔ7	
潑	pʰoʔ7	活～；液體因搖動而晃出
潔	tɕiəʔ7	
潘	pʰᵚm̩1	姓氏
潛	dʑiɪ̃2	
潛	ʑiɪ̃2	又音
潤	ʒyŋ6	
潦	ɭɔ6	澇異體
潦	ˀɭiɔ5	～草
潭	dᵚm̩2	天～，～頭
潮	dzɔ2	上～
潯	ʑiŋ2	
潰	ɡueⁱ6	
潲	sɔ5	斜風～雨
潷	piəʔ7	拏水～～乾
潸	sæ̃1	
潺	dzæ̃2	
潽	pʰu1	液體沸騰溢出
潽	bu2	又音
澀	səʔ7	～嘴
澂	dzəŋ2	
澄	dzəŋ2	～清（弄清楚）
澄	tiŋ5	沈澱：～清
澆	tɕiɔ1	～水
澆	ɕiɔ1	～薄
澇	ˀɭɔ5	坐水～
澇	ɭɔ6	
澈	tsʰəʔ7	
澍	zu6	
澎	bəŋ2	
澗	tɕiɪ̃5	
澗	kæ̃5	
澠	ˀmiɪ̃3	
澡	tsɔ3	
澤	dzəʔ8	
澥	ɡa4	幾股絞在一起的繩索捻度小：繩子忒～；粥、羹、湯等由稠變稀：粥～來着；花錢大手大腳：他手～
澧	ˀɭiⱼ3	
澱	diɪ̃6	沈～
澳	ˀɔ5	
澹	dæ̃6	
澿	dʑiŋ6	
激	tɕiəʔ7	
濁	dzoʔ8	
濂	ˀniɪ̃5	
濃	ˀnoŋ5	
濊	xuoʔ7	擬聲詞
濕	səʔ7	同溼
濘	ȵiŋ6	泥～
濛	ˀmoŋ5	
濞	pʰi5	
濟	tɕiⱼ3	～～
濟	tɕiⱼ5	
濠	ɣɔ2	
濡	zu2	
濤	dɔ2	
濫	næ̃6	
濫	ɭæ̃6	
濮	poʔ7	
濯	dzoʔ8	
濰	viⱼ2	
濱	piŋ1	
濺	tɕiɪ̃5	
濼	pʰoʔ7	
濾	ɭyⱼ6	
瀆	doʔ8	
瀉	ɕia5	
瀊	bᵚm̩2	溢；喫的東西從口中吐出：～奶
瀋	səŋ3	～陽
瀏	ˀɭeⁱ5	
瀑	boʔ8	
瀕	piŋ1	
瀕	biŋ2	又音
瀘	ˀɭu5	
瀚	ɣᵚm̩6	
瀛	ˀyŋ5	
瀝	ˀɭiəʔ9	
瀟	ɕiɔ1	
瀰	ˀmiⱼ5	～漫
瀲	niɪ̃6	
瀴	ˀiŋ5	涼
瀾	ˀnæ̃5	
瀾	ˀɭæ̃5	
灃	foŋ1	
灉	ˀyoŋ5	～灘
灌	kᵚm̩5	
灑	sa3	～水
灕	ˀɭiⱼ5	
灘	tʰæ̃1	
灝	ɣɔ6	
灣	ˀuæ̃1	
灤	ˀnᵚm̩5	
灤	ˀɭᵚm̩5	
灨	kᵚm̩5	
灩	ɦiɪ̃6	
火	xɤᵚ3	
灰	feⁱ1	又音
灰	xueⁱ1	
灶	tsɔ5	竈俗字
灸	tɕieⁱ3	
灹	tʃyo5	炸本字
灺	ɕia5	
灼	tsɑʔ7	
災	tsɛ1	
灾	tsɛ1	
炅	tʃyoŋ3	
炊	tʃʰyeⁱ1	
炎	ˀiɪ̃5	
炒	tsʰɔ3	
炕	kʰɑŋ5	
炙	tsəʔ7	
炫	ʒᶶm̩6	
炬	dʒyⱼ6	
炭	tʰæ̃5	
炮	pʰɔ5	砲俗字
炮	bɔ2	～製
炯	tʃyoŋ3	
炰	bɔ2	炮又作此
炱	dɛ2	
炳	piŋ3	
炷	tsu5	
炸	tʃyo5	～彈
為	ˀueⁱ5	爲俗字
烈	ˀɭiəʔ9	
烊	ˀiɪ̃5	融化
烊	ɦiɪ̃6	打～（商店關門停業）
烏	ˀu1	
烖	tsɛ1	
烘	xoŋ1	使物體變熱火變乾燥：～～乾
烘	xoŋ5	烤：～地瓜喫；～人，被～烤時的灼熱感
烘	ɣoŋ2	～人，被熱气薰着似的不適感
烙	ˀɭoʔ9	
烜	ʃᶶm̩3	人名用字
烟	ˀiɪ̃1	煙異體
烤	kʰɔ3	
烯	ɕiⱼ1	
烷	ˀᵚm̩5	
烹	pʰəŋ1	
烽	foŋ1	
焉	ˀiɪ̃1	
焊	ɣᵚm̩6	
焐	ˀu5	～手；燜：燒開仔還要～～
焗	dʒyoʔ8	
焙	bɛ4	用微火烘炒：～～乾
焚	vəŋ2	
焠	tsʰɛ5	
無	vu2	
無	ˀma1	～有，白
無	ˀmo5	南～
無	ˀmoʔ9	南～
焦	tɕiɔ1	
焪	tʃʰyoŋ5	
焯	tsʰɑʔ7	先～～
焰	ɦiɪ̃6	
焱	ɦiɪ̃6	
然	ˀȵiɪ̃5	該音來自語保四甲話音檔『牛郎和織女』語料
然	ʑiɪ̃2	又音
然	ˀiɪ̃5	
煅	tᵚm̩5	
煆	xɤᵚ1	蒸，餾：～饅頭
煉	niɪ̃6	
煊	ʃᶶm̩1	人名用字
煌	ˀuɑŋ5	
煎	tɕiɪ̃1	
煑	tsu3	
煗	ˀnᵚm̩3	
煙	ˀiɪ̃1	
煜	ˀyoʔ9	單字音
煜	ɦyoʔ8	語流音
煜	ˀiəʔ9	人名用字
煜	ɦiəʔ8	人名用字
煞	sɑʔ7	
煠	zɑʔ8	（油）煠；烀：～蕃芋；焯：～菠菜
煢	dʒyoŋ2	
煤	ˀmɛ5	
煥	xᵚm̩5	
煦	ʃyⱼ5	
照	tsɔ5	
煨	ˀueⁱ1	～罐
煩	væ̃2	
煬	ˀiɪ̃5	
煮	tsu3	
煲	pɔ1	
煳	vu2	
煳	ɣu2	新派
煸	piɪ̃1	烹調方法，燒魚先用油煎一下
煽	ɕiɪ̃1	
熄	ɕiəʔ7	
熊	ʒyoŋ2	
熏	ʃyŋ1	
熒	ˀiŋ5	
熔	ˀyoŋ5	
熗	tɕʰiɪ̃1	𪉨俗字
熘	ˀɭeⁱ1	
熙	ɕiⱼ1	
熟	zoʔ8	
熠	ˀiəʔ9	人名用字
熠	ɦiəʔ8	人名用字
熢	boŋ4	一～火
熨	ɦyŋ6	～斗
熬	ˀŋɔ5	
熱	ˀȵiəʔ9	
熹	ɕiⱼ1	
熻	ɕiəʔ7	
熾	tsʰɿ5	
燃	ʑiɪ̃2	又音
燃	ˀiɪ̃5	
燈	təŋ1	
燉	təŋ5	～蛋
燎	ˀɭiɔ3	火急火～
燎	ˀɭiɔ5	
燐	ˀɭiŋ5	
燒	sɔ1	
燕	ˀiɪ̃1	～國，～山；姓氏
燕	ˀiɪ̃5	
燙	tʰɑŋ5	
燜	məŋ6	
營	ˀiŋ5	
燥	sɔ5	乾～，天色～
燦	tsʰæ̃5	
燧	ʒyeⁱ6	文
燭	tsoʔ7	
燮	ɕiəʔ7	
燻	ʃyŋ1	同熏
燼	ʑiŋ6	
燾	dɔ2	
燾	dɔ6	
爀	xəʔ7	
爁	ˀnæ̃3	放在火上略燒一下
爁	ˀɭæ̃3	放在火上略燒一下
爆	pɔ5	～芽，發芽；～青，返青；～糙米；～炸
爆	bɔ6	誤讀音，～炸
爊	ˀŋɔ1	
爍	sɑʔ7	
爐	ˀɭu5	
爐	ˀɭɤᵚ5	香～，又音
爛	ɭa6	拆～污
爛	næ̃6	
爛	ɭæ̃6	
爨	tʃʰᶶm̩5	
爪	tsɔ3	腳～
爬	bɤᵚ2	
爬	bæ̃2	破讀
爭	tsəŋ1	
爰	ˀᶶm̩5	
爲	ˀueⁱ5	行～
爲	ɦueⁱ6	～嗲
爵	tɕiɑʔ7	
爵	tʃyoʔ7	新
父	fu3	田～，漁～
父	vu6	
爸	pa1	
爹	tia1	～～，父親
爹	dɤᵚ6	～～：大伯
爺	ˀiⱼ5	竈家老～
爺	ˀia5	～～，祖父
爻	ˀiɔ5	
爽	sɑŋ3	又音，清～
爽	ʃyɑŋ3	～气
爾	ˀɛ3	
爿	bæ̃2	一～店
牀	ʒyɑŋ2	床本字
牆	ʑiɪ̃2	
片	pʰiɪ̃1	～子
片	pʰiɪ̃5	
版	pæ̃3	
牌	ba2	
牎	tʃʰyɑŋ1	窗異體
牐	zɑʔ8	
牒	diəʔ8	
牕	tʃʰyɑŋ1	窗異體
牘	doʔ8	
牙	ˀia5	文
牙	ˀŋuo5	
牙	ˀyo5	老文讀
牛	ˀŋeⁱ5	
牛	ˀȵieⁱ5	文
牝	biŋ6	
牟	ˀmeⁱ5	姓氏
牠	tʰa1	
牡	ˀmeⁱ3	
牢	ˀɭɔ5	
牦	ˀmɔ5	犛異體
牧	ˀmoʔ9	
物	vəʔ8	
牭	sɿ5	
牮	tɕiɪ̃5	屋斜使正
牯	ku3	
牲	səŋ1	
牴	tiⱼ3	
牸	zɿ2	～牛；下～
牸	zɿ6	又音
特	dəʔ8	
特	diəʔ8	～爲（特地）
牽	tɕʰiɪ̃1	
犀	ɕiⱼ1	
犁	ˀɭiⱼ5	
犂	ˀɭiⱼ5	
犄	tɕiⱼ1	
犍	tɕiɪ̃1	～小菜
犒	kʰɔ5	
犛	ˀɭiⱼ5	
犛	ˀmɔ5	
犟	dʑiɪ̃4	
犟	dʑiɪ̃6	脾气～
犢	doʔ8	
犧	ɕiⱼ1	
犪	ɡueⁱ2	
犬	tʃʰᶶm̩3	
犯	væ̃4	～嫌，調皮；～罪
犯	væ̃6	～人
狀	dʒyɑŋ6	
狀	ʒyɑŋ6	又音
狂	ɡuɑŋ2	
狄	diəʔ8	
狍	bɔ2	
狎	ɣɑʔ8	
狎	ʑiɑʔ8	
狐	vu2	
狐	ɣu2	新派
狗	keⁱ3	
狠	xəŋ3	
狡	tɕiɔ3	
狢	ɣoʔ8	貉異體
狩	seⁱ5	
狸	ˀɭiⱼ5	
狹	ɣɑʔ8	
狹	ʑiɑʔ8	文
狼	ˀɭɑŋ5	
狽	pɛ5	
猋	piɔ1	
猖	tsʰæ̃1	
猙	tsəŋ1	
猛	ˀmɑŋ3	冷～起來，冷起～來：冷不防，突然
猛	ˀməŋ3	
猜	tsʰɛ1	
猝	tʃʰyoʔ7	倉～
猝	tsʰəʔ7	倉～，又音
猢	vu2	
猢	ɣu2	新派
猥	ˀueⁱ3	
猩	ɕiŋ1	
猬	ɦyⱼ6	刺～
猬	ɦueⁱ6	文
猱	ˀnɔ5	
猴	ɣeⁱ2	
猶	ˀieⁱ5	
猷	ˀieⁱ5	
猻	səŋ1	
猾	ɦuɑʔ8	
猿	ˀᶶm̩5	
獃	ˀŋɛ5	～頭～腦
獄	ˀyoʔ9	單字音
獄	ɦyoʔ8	語流音
獅	sɿ1	～子
獆	ɣɔ2	
獎	tɕiɪ̃3	
獐	tsæ̃1	
獒	ˀŋɔ5	
獗	tʃyoʔ7	
獠	ˀɭiɔ5	
獨	doʔ8	
獪	kueⁱ5	
獰	ˀȵiŋ5	
獲	vəʔ8	～得
獲	ɣuəʔ8	～得
獵	ˀɭiəʔ9	打～
獸	seⁱ5	
獺	tʰɑʔ7	水～貓
獻	ɕiɪ̃5	
獼	ˀmiⱼ5	
獾	xᵚm̩1	狗～
獿	ˀnɔ5	
玄	ʒᶶm̩2	
玆	ʒᶶm̩2	
玆	tsɿ1	
率	səʔ7	～領
率	ˀɭiəʔ9	效～
率	ʃyəʔ7	又音
玉	ɦyⱼ6	文
玉	ˀɲyoʔ9	人名用字
王	ˀuɑŋ5	
王	ɦuɑŋ6	～天下
玖	tɕieⁱ3	
玗	ɦyⱼ6	一塊～，『呂四方言研究』作玉
玦	tʃyoʔ7	
玨	tʃyoʔ7	
玩	ˀuæ̃5	文
玩	ɦᵚm̩6	古～
玫	ˀmɛ5	
玲	ˀɭiŋ5	
玳	dɛ6	
玷	tiɪ̃5	
玹	ʒᶶm̩6	
玻	pɤᵚ1	
珀	pʰoʔ7	
珀	pʰəʔ7	
珂	kʰɤᵚ1	
珊	sæ̃1	
珍	tsəŋ1	
珏	tʃyoʔ7	
珓	tsɔ5	占卜用具：聖～，陽～，覆～：陰珓
珓	tɕiɔ5	文
珞	ˀɭoʔ9	
珠	tsu1	
珥	ɦɛ6	
班	pæ̃1	
珮	bɛ6	
現	ʑiɪ̃6	
現	ɦiɪ̃6	～眼
琁	ʒᶶm̩2	又音
球	dʑieⁱ2	
琅	ˀɭɑŋ5	
理	ˀɭiⱼ3	
琉	ˀɭeⁱ5	
琊	ˀia5	
琛	tsʰəŋ1	
琢	tsoʔ7	
琥	fu3	
琥	xu3	新派
琪	dʑiⱼ2	
琬	ˀᵚm̩3	
琱	tiɔ1	
琳	ˀɭiŋ5	
琴	dʑiŋ2	
琴	dʒyŋ2	人名常用字
琵	biⱼ2	～琶
琶	bɤᵚ2	
琺	fɑʔ7	
琿	vəŋ2	又音
琿	ɣuəŋ2	
瑀	ɦyⱼ6	
瑁	mɔ6	
瑄	ʃᶶm̩1	人名用字
瑇	dɛ6	「玳」異體
瑕	ʑia2	
瑕	ʒyo2	老
瑙	ˀnɔ3	
瑚	vu2	
瑚	ɣu2	新派
瑛	ˀiŋ1	
瑜	ˀyⱼ5	
瑞	ʒyeⁱ6	
瑟	səʔ7	
瑣	sɤᵚ3	
瑤	ɦiɔ2	
瑩	ˀyoŋ5	
瑩	ˀiŋ5	
瑪	ˀmɤᵚ3	
瑭	dɑŋ2	
瑯	ˀɭɑŋ5	
瑰	kueⁱ1	
瑳	tsʰɤᵚ3	
瑴	tʃyoʔ7	
瑾	tɕiŋ3	新
瑾	dʑiŋ6	老，人名用字
璀	tsʰɛ3	
璃	ˀɭiⱼ5	琉～
璇	ʒᶶm̩2	又音
璋	tsæ̃1	
璜	ˀuɑŋ5	
璞	pʰoʔ7	
璟	tʃyoŋ3	
璣	tɕiⱼ1	
璧	piəʔ7	
璨	tsʰæ̃5	
環	ɡuæ̃2	
環	ɡuæ̃6	動詞，～遶
璹	zoʔ8	
璺	məŋ6	碗有～作
璽	ɕiⱼ3	
瓈	ˀɭiⱼ5	玻～
瓉	dzæ̃6	
瓊	dʒyoŋ2	
瓏	ˀɭoŋ5	
瓚	dzæ̃6	
瓜	kuo1	
瓞	diəʔ8	
瓠	vu6	
瓠	ɣu6	新派
瓢	biɔ2	
瓣	pæ̃5	豆～子
瓣	bæ̃6	幾～
瓤	ˀnɑŋ5	一～橘子
瓤	ˀȵiɪ̃5	瓜～
瓦	ˀŋuo3	
瓦	ŋuo6	又音
瓭	tᵚm̩1	～子；舀酒用的竹器或白鐵器
瓮	ˀoŋ5	
瓴	ˀɭiŋ5	
瓶	biŋ2	
瓷	dzɿ2	又音
瓷	zɿ2	
瓽	tɑŋ5	
甄	tsəŋ1	
甌	ˀeⁱ1	
甎	tʃᶶm̩1	磚本字
甑	tsəŋ5	上～，落～
甓	biəʔ8	
甕	ˀoŋ5	
甘	kᵚm̩1	
甚	zəŋ6	
甜	diɪ̃2	
生	səŋ1	
產	tsʰæ̃3	文
產	sæ̃3	～門
產	sæ̃5	～子
甥	səŋ1	
用	ɦyoŋ6	
甩	sɛ3	文
甩	fæ̃5	～嘴巴掌（打耳光）,扔
甩	xuæ̃5	向遠處扔；擺動：辮子～呀～
甩	fɑʔ7	～嘴巴掌（打耳光）
甩	fɑʔ7	～水（甩水），～乾（甩乾）
甩	xuɑʔ7	甩：東溝～到西溝
甫	pʰu3	
甫	fu3	神～
甬	ˀyoŋ3	
甭	pəŋ1	
甯	ȵiŋ6	姓氏
田	diɪ̃2	
由	ˀieⁱ5	
甲	kɑʔ7	
甲	tɕiɑʔ7	文
申	səŋ1	
男	ˀnᵚm̩5	
甸	diɪ̃6	
町	tʰiŋ3	
甾	tsɿ1	
畀	piⱼ5	
界	ka5	～子
界	tɕia5	文
界	tɕiɛ5	文
畍	ka5	
畏	ˀueⁱ5	
畔	bᵚm̩6	
畕	tɕiɪ̃1	
留	ˀɭeⁱ5	
畚	pəŋ1	聚攏裝上：拏垃圾用糞箕～來仔
畜	tsʰoʔ7	～牲
畜	ʃyoʔ7	～牧業
畝	ˀmeⁱ3	
畞	ˀmeⁱ3	
畢	piəʔ7	
略	ˀɭiɑʔ9	
畦	ɕiⱼ1	
番	fæ̃1	
番	væ̃2	早～（從前），四甲字表作此，呂四字表作凡
番	pʰᵚm̩1	～禺縣
畫	ɦuo6	
畫	ˀuɑʔ9	單字音，字又作劃
畫	ɦuɑʔ8	
畮	ˀmeⁱ3	
異	ɦiⱼ6	～香袋
當	tɑŋ1	應～
當	tɑŋ5	典～
畸	tɕiⱼ1	～形
畿	tɕiⱼ1	
疄	ˀɭiŋ5	～溝：田間排水溝
疆	tɕiɪ̃1	
疇	dzeⁱ2	
疊	diəʔ8	曡俗字
疋	su1	
疎	su1	
疏	su1	
疑	ˀȵiⱼ5	
疔	tiŋ1	
疘	koŋ1	胴～
疙	kəʔ7	
疚	tɕieⁱ5	
疝	sæ̃5	～气
疣	ˀieⁱ5	
疤	pɤᵚ1	癤～
疥	ka5	
疫	ˀyoʔ9	單字音
疫	ɦyoʔ8	語流音
疰	tsu3	～夏
疱	pʰɔ5	紫血～
疲	biⱼ2	
疳	kᵚm̩1	牙～
疴	kʰɤᵚ1	
疵	tsʰɿ5	吹毛求～
疸	tæ̃3	黃～
疹	tsəŋ3	皮～
疻	tsɿ1	～水
疼	dəŋ2	
疽	tʃyⱼ1	
疾	dʑiəʔ8	又音
疾	ʑiəʔ8	
病	biŋ6	
症	tsəŋ5	病～，古書本作證
痊	ʒᶶm̩2	又音
痔	dzɿ6	
痕	ɣəŋ2	
痘	deⁱ6	
痙	dʑiŋ4	感到振動
痛	tʰoŋ5	
痞	pʰi3	
痢	ɭiⱼ6	
痣	tsɿ5	
痤	zɤᵚ2	
痰	dæ̃2	
痱	fiⱼ5	文
痱	bɛ6	
痹	piⱼ5	麻～
痹	biⱼ6	麻～，又音
痼	ku5	
痾	ˀɤᵚ1	病
痿	ˀueⁱ3	
瘀	ˀyⱼ1	
瘀	ˀyⱼ5	
瘁	ʒyeⁱ6	
瘃	tsoʔ7	凍～
瘊	ɣeⁱ2	
瘋	foŋ1	
瘌	ˀɭɑʔ9	～子
瘍	ˀiɪ̃5	潰～
瘓	xᵚm̩5	
瘙	sɔ5	
瘟	ˀuəŋ1	
瘠	dʑiəʔ8	
瘠	ʑiəʔ8	
瘡	tʃʰyɑŋ1	疥～
瘢	pæ̃1	疤～
瘢	pæ̃5	～眼，疤癩眼兒
瘤	ˀɭeⁱ5	
瘥	tsʰɛ5	病癒
瘥	zɤᵚ2	病
瘦	seⁱ5	～弱；田～
瘧	ˀȵiɑʔ9	
瘨	tiɪ̃1	巔本字
瘩	tɑʔ7	～背
瘩	təʔ7	
瘰	ˀɭɤᵚ3	
瘴	tsæ̃5	
瘸	dʑia2	箇個人腳～个
瘸	ɡua2	走路時腿歪啊歪的：～子，原書本字不攷，今定作瘸
瘻	ɭeⁱ6	
瘼	ˀmoʔ9	
療	ˀɭiɔ5	
癆	ɭɔ6	
癇	ʑiɪ̃2	
癉	tæ̃1	火～
癌	ˀŋæ̃5	
癍	pæ̃1	
癒	ɦyⱼ6	
癖	pʰiəʔ7	怪～
癗	ˀɭɛ3	風～，蕁麻疹
癗	ɭɛ6	～塊（蟲齩皮膚腫塊）
癟	piəʔ7	乾～
癡	tsʰɿ1	
癢	ˀiɪ̃3	
癢	ɦiɪ̃6	～𤷃
癤	tɕiəʔ7	
癥	tsəŋ1	～結
癧	ˀɭiəʔ9	
癩	ɭa6	～子
癩	ˀɭɑʔ9	同瘌，～子
癬	ɕiɪ̃3	
癮	ˀiŋ3	
癰	ˀyoŋ1	
癱	tʰæ̃1	～子
癲	tiɪ̃1	
癸	kueⁱ3	
登	təŋ1	
發	fɑʔ7	
白	bɑʔ8	茭～
白	bəʔ8	
百	pəʔ7	
皁	zɔ6	
皂	zɔ6	
皃	mɔ6	
皃	ˀmoʔ9	一～一樣
的	tiəʔ7	目～
皆	tɕia1	文
皆	tɕiɛ1	文
皇	ˀuɑŋ5	
皈	kueⁱ1	
皋	kɔ1	
皎	tɕiɔ3	
皓	ɣɔ6	
皕	piəʔ7	
皖	ˀᵚm̩3	又音
皖	ɦᵚm̩6	
皙	ɕiəʔ7	
皚	ˀŋɛ5	
皦	tɕiɔ3	
皮	biⱼ2	
皮	biⱼ4	～軑，車輪打滑，破讀
皰	pʰɔ5	
皴	tʃʰyŋ1	
皵	tɕʰiɑʔ7	～皮
皸	tʃyŋ1	
皺	tseⁱ5	
皺	tɕieⁱ5	又音
皿	ˀmiŋ3	
盂	ˀyⱼ5	
盃	pɛ1	
盅	tsoŋ1	
盆	bəŋ2	
盈	ˀyŋ5	
益	ˀiəʔ7	
盍	ɣuoʔ8	
盎	ˀŋɑŋ5	又音
盎	ˀɑŋ5	
盒	ɣɑʔ8	
盒	ɣuoʔ8	又音
盔	kʰueⁱ1	
盛	zəŋ2	～飯
盛	zəŋ6	～大；姓氏
盜	dɔ6	
盞	tsæ̃1	（量詞）
盞	tsæ̃3	燈～、碗～
盟	ˀməŋ5	
盟	ˀmiŋ5	～誓
盡	dʑiŋ6	～力，～心
盡	ʑiŋ6	
監	kæ̃1	～督
監	kæ̃5	國子～；～生
盤	bᵚm̩2	
盥	kᵚm̩5	
盧	ˀɭu5	
盩	tseⁱ1	～厔
盪	dɑŋ4	洗滌：茶杯～～乾淨
盬	ku3	
目	ˀmoʔ9	
盯	tiŋ1	前人書作釘
盱	ʃyⱼ1	
盲	ˀmɑŋ5	
直	dzəʔ8	
相	ɕiɪ̃1	～互
相	ɕiɪ̃5	動詞，看；名詞，～道
盹	təŋ3	
盼	pʰæ̃5	
盾	dəŋ6	
省	səŋ3	節～
省	ɕiŋ3	反～
省	ʃyŋ3	江蘇～；反～；～親
眇	ˀmiɔ3	
眈	tᵚm̩1	虎視～～，字又作耽
眉	ˀmiⱼ5	
眊	mɔ6	
看	kʰᵚm̩1	～守
看	kʰᵚm̩5	視
眙	tsʰɿ1	貼近看：～好仔看
眙	ˀiⱼ5	盱～
眞	tsəŋ1	真本字
真	tsəŋ1	
眠	ˀmiɪ̃5	
眨	tsɑʔ7	～～眼睛
眩	ʒᶶm̩6	
眭	ʃyⱼ1	姓氏
眯	ˀmiⱼ1	～細眼
眵	tsʰɿ1	眼～
眶	kʰuɑŋ1	眼～
眷	tʃᶶm̩5	
眸	ˀmeⁱ5	
眺	tʰiɔ5	
眼	ˀŋæ̃1	一～～（一點點）
眼	ˀŋæ̃3	
眾	tsoŋ1	～牲
眾	tsoŋ5	
着	tso	相當與「了2」，又音
着	tsɑʔ7	～忙，穿～，～棋，～膩，～想；副詞
着	dzɑʔ8	接觸；受到：～火、～手；睏～作
睏	kʰuəŋ5	睡
睚	ˀia5	文
睛	tɕiŋ1	
睜	tsəŋ1	
睞	ɭɛ6	
睡	ʃyeⁱ5	文，官話借音
睡	ʒyeⁱ6	～覺
督	toʔ7	
睦	ˀmoʔ9	
睫	tɕiəʔ7	
睬	tsʰɛ3	
睹	tu3	
睽	kʰueⁱ1	
睾	kɔ1	
睿	ʒyeⁱ6	
瞄	ˀmiɔ5	
瞅	tsʰeⁱ3	
瞇	ˀmiⱼ1	
瞋	tsʰəŋ1	
瞌	kʰuoʔ7	～睏，～睡
瞌	kʰəʔ7	打～𥅻
瞎	xɑʔ7	
瞑	ˀmiŋ5	
瞖	ˀiⱼ5	
瞘	kʰeⁱ1	～眼
瞘	ˀŋeⁱ1	箇塊地～个
瞞	ˀmᵚm̩5	極少數老派有此音，主流多讀爲ᵚm̩，該音節又可讀爲mɯ̃或mɤᵚ或mɤ̃
瞞	ˀᵚm̩5	
瞟	pʰiɔ3	
瞠	tsʰəŋ1	
瞥	pʰiəʔ7	
瞧	dʑiɔ2	
瞪	təŋ5	
瞪	dzæ̃6	眼睛一～
瞬	ʃyŋ5	
瞭	ˀɭiɔ3	～解，一目～然
瞭	ˀɭiɔ5	～望，明～
瞰	kʰᵚm̩5	
瞳	doŋ2	
瞻	tɕiɪ̃1	
瞼	tɕiɪ̃3	
瞿	dʒyⱼ2	
矍	tʃyoʔ7	
矗	tsʰoʔ7	
矚	tsoʔ7	
矛	ˀmeⁱ5	老
矛	ˀmɔ5	文
矜	tɕiŋ1	
矢	sɿ3	
矣	ˀiⱼ3	
知	tsɿ1	
矦	ɣeⁱ2	
矩	tʃyⱼ1	
矬	zɤᵚ2	鋸掉或砍掉一點長出的部分：凳子嫌高，～矮點
短	tᵚm̩3	
矮	ˀŋa3	
矯	tɕiɔ3	
石	tæ̃5	十斗，一～米，本字爲擔
石	zəʔ8	
矴	tiŋ5	同碇
砂	ʃyo1	
砉	xuɑʔ7	
砌	tɕʰiⱼ5	
砌	tʃʰyⱼ5	～磚山
砍	kʰᵚm̩3	
砒	pʰi1	
研	ˀȵiɪ̃1	
砝	fɑʔ7	
砣	dɤᵚ2	秤～
砥	tiⱼ3	
砦	za6	
砦	zɛ6	
砧	tsəŋ1	
砭	piɪ̃1	
砰	pʰəŋ1	
砲	pʰɔ5	
破	pʰɤᵚ5	
砷	səŋ1	
砸	tsɑʔ7	
砹	ŋɛ6	
硃	tsu1	
硅	kueⁱ1	
硇	ˀnɔ5	
硍	kʰəŋ5	汙垢
硒	ɕiⱼ1	
硝	ɕiɔ1	
硪	ŋɤᵚ6	
硫	ˀɭeⁱ5	
硬	ŋəŋ6	
硬	ŋiŋ6	又音
硯	ȵiɪ̃6	
硼	bəŋ2	
碁	dʑiⱼ2	
碇	tiŋ5	
碉	tiɔ1	
碌	ˀɭoʔ9	
碎	sɛ5	
碑	pɛ1	墓～
碓	tɛ5	～臼
碗	ˀᵚm̩3	～盞
碘	tiɪ̃3	
碟	diəʔ8	
碡	doʔ8	
碣	dʑiəʔ8	
碧	piəʔ7	
碩	zɑʔ8	
碩	zəʔ8	又音
碭	dɑŋ6	
碰	bɑŋ6	又音，～到
碰	pʰoŋ5	打牌用語，已有一對，喫進一張，湊成三張
碲	tiⱼ5	
碳	tʰæ̃5	
碴	tʃʰyo1	尋～頭
確	kʰoʔ7	
確	tʃʰyoʔ7	文
碼	ˀmɤᵚ3	号～，籌～；堆疊：磚頭～～好
碾	ˀȵiɪ̃3	
磁	dzɿ2	
磅	pɑŋ1	～秤
磅	bɑŋ2	～礡
磉	sɑŋ3	盤～，造房時打基礎
磉	sɑŋ5	又音
磉	ʃyɑŋ3	～棵，柱腳石
磊	ˀɭɛ3	
磋	tsʰɤᵚ1	切～
磐	bᵚm̩2	
磕	kʰuoʔ7	～頭
磙	kuəŋ1	
磚	tʃᶶm̩1	
磣	tsʰəŋ3	～人，硌牙
磨	ˀmɤᵚ5	～刀
磨	mɤᵚ6	～子
磬	tɕʰiŋ5	
磯	tɕiⱼ1	
磷	ˀɭiŋ5	
磺	ˀuɑŋ5	
礁	tɕiɔ1	
礅	təŋ1	
礌	ˀɭɛ3	碾壓：石～（碌碡）
礌	ˀɭɛ5	～石
礎	tsʰu3	
礙	ŋɛ6	～手～腳
礠	dzɿ2	
礦	kʰuɑŋ5	
礧	ˀɭɛ3	碾壓：石～，即碌碡
礪	ɭiⱼ6	
礫	ˀɭiəʔ9	
礬	væ̃2	
礱	ˀɭoŋ5	粗磨
礴	boʔ8	
示	zɿ6	
社	za6	東～：通東地名，白讀
社	ʑiɛ6	文
祀	zɿ6	
祁	dʑiⱼ2	
祆	ɕiɪ̃1	
祇	dʑiⱼ2	地～
祈	dʑiⱼ2	
祐	ɦieⁱ6	
祕	piⱼ5	～密
祖	tsu3	
祗	tsɿ1	～候，書面語
祝	tsoʔ7	
神	zəŋ2	
祟	ʃyeⁱ5	
祠	zɿ2	
祢	ˀȵiⱼ3	
祥	ʑiɪ̃2	
票	pʰiɔ5	
祭	tɕiⱼ5	
祺	dʑiⱼ2	
祿	ˀɭoʔ9	
禁	tɕiŋ1	～受
禁	tɕiŋ5	～止
禂	tɔ3	
禍	ɣɤᵚ4	惹～，闖～
禍	ɣɤᵚ6	又音
禎	tsəŋ1	
福	foʔ7	
禕	ˀiⱼ1	
禛	tsəŋ1	
禦	ɦyⱼ6	
禧	ɕiⱼ3	
禩	zɿ6	
禪	ʑiɪ̃2	～宗
禪	ʑiɪ̃6	～讓
禮	ˀɭiⱼ3	
禰	ˀȵiⱼ3	姓氏
禱	tɔ3	
禹	ˀyⱼ3	
禺	ˀyⱼ5	
禺	ɦyⱼ6	
离	tsʰɿ1	
禼	ɕiəʔ7	
禽	dʑiŋ2	
禽	dʒyŋ2	
禾	ɣɤᵚ2	
禿	tʰoʔ7	
秀	ɕieⁱ5	又音
私	sɿ1	
秆	kᵚm̩3	稈俗字
秈	ɕiɪ̃1	
秉	piŋ3	
秋	tɕʰieⁱ1	
种	dzoŋ2	姓氏
科	kʰɤᵚ1	
秒	ˀmiɔ3	
秕	piⱼ3	
租	tsu1	
秣	ˀmoʔ9	
秤	tsʰəŋ5	
秦	ʑiŋ2	文
秦	ʒyŋ2	
秧	ˀiɪ̃1	
秩	dzəʔ8	
秫	ʒyəʔ8	
秭	tsɿ3	～歸：縣名，在今湖北
秸	tɕiəʔ7	
移	ˀiⱼ5	～植
秿	pʰu1	稻～子
稀	ɕiⱼ1	
稅	ʃyeⁱ5	
稈	kᵚm̩3	
程	dzəŋ2	
稍	sɔ5	～微
稕	tʃyŋ5	上～，增大捻度
稗	ba6	
稗	bɛ6	文
稚	zɿ6	
稜	ˀɭəŋ5	
稝	ˀməŋ3	密
稞	kʰɤᵚ1	
稟	piŋ3	
稠	dzeⁱ2	
稭	ka1	花～
稭	ka5	
種	tsoŋ3	～類
種	tsoŋ5	～田
稱	tsʰəŋ1	～呼，～重量
稱	tsʰəŋ5	相～
稱	tʃʰyŋ5	又音，～心如意
稷	tɕiəʔ7	
稻	dɔ4	單字音
稻	dɔ6	～草
稼	tɕia5	
稽	tɕiⱼ1	滑～
稽	tɕʰiⱼ3	～首
稾	kɔ3	
稿	kɔ3	
穀	koʔ7	稻～
穄	tɕiⱼ1	又音
穄	tɕiⱼ5	蘆～
穅	kʰɑŋ1	糠本字
穆	ˀmoʔ9	
穌	su1	復～
積	tɕiəʔ7	～極
穎	ˀiŋ3	
穗	ʒyⱼ6	～頭
穗	ʒyeⁱ6	文
穡	səʔ7	
穢	xueⁱ5	
穢	ˀueⁱ5	又音
穢	ɦueⁱ6	
穩	ˀuəŋ3	
穫	voʔ8	收～
穫	ɣuoʔ8	收～
穰	ˀȵiɪ̃5	稻～
穰	zæ̃2	文
穴	ʒyoʔ8	
穴	ˀyoʔ9	單字音
穴	ɦyoʔ8	語流音
穵	ˀuɑʔ7	同挖
究	tɕieⁱ5	
穹	tʃʰyoŋ1	老
穹	dʒyoŋ2	今誤讀
空	kʰoŋ1	～气
空	kʰoŋ5	～兩行，～白
穽	ʑiŋ6	
穿	tʃʰᶶm̩1	
穿	tʃʰᶶm̩5	～梭，～棵
突	dəʔ8	
窄	tsəʔ7	～窄
窈	ˀiɔ3	
窊	ˀuo1	
窒	tsəʔ7	～息
窒	tiəʔ7	用塞子塞
窕	diɔ6	
窖	kɔ5	
窖	tɕiɔ5	文
窗	tʃʰyɑŋ1	
窘	dʒyŋ6	
窟	kʰuəʔ7	
窠	kʰɤᵚ1	
窨	ˀiŋ5	～井
窩	ˀɤᵚ1	～工，～藏
窪	ˀua1	
窪	ˀuo1	
窮	dʒyoŋ2	
窯	ɦiɔ2	
窰	ɦiɔ2	窯異體
窱	tʰiɔ3	窈～
窵	tiɔ5	
窵	ˀiɔ3	～（南通縣地名）
窺	kʰueⁱ1	
窻	tʃʰyɑŋ1	窗異體
窿	ˀɭoŋ5	
竄	tʃʰᶶm̩5	亂～
竅	tɕʰiɔ5	
竇	deⁱ6	
竈	tsɔ5	
竊	tɕʰiəʔ7	
立	ˀɭiəʔ9	
站	tsæ̃5	立
站	dzæ̃6	車～
竚	dzu6	
竟	tɕiŋ5	
章	tsæ̃1	
竣	tʃyŋ5	
竣	tʃʰyŋ1	老
童	doŋ2	
竦	soŋ3	
竭	dʑiəʔ8	
端	tᵚm̩1	
竵	xuɛ1	歪本字
競	dʑiŋ6	
竹	tsoʔ7	
竺	tsoʔ7	
竽	ˀyⱼ5	
竿	kᵚm̩1	
笄	tɕiⱼ1	
笆	pɤᵚ1	～斗
笈	dʑiəʔ8	
笊	tsɔ3	～籬子
笋	ʃyŋ3	同筍
笏	fɑʔ7	一～椽子（一檔椽子）
笏	xuɑʔ7	一～椽子（一檔椽子）
笏	fəʔ7	又音
笏	xuəʔ7	
笑	ɕiɔ5	
笙	səŋ1	
笛	diəʔ8	
笠	ˀɭiəʔ9	
笡	tɕʰia3	傾斜
笤	diɔ2	～帚
符	vu2	
笧	tsʰəʔ7	
笨	bəŋ4	
笨	bəŋ6	又音
笪	tɑʔ7	
第	diⱼ6	
笵	væ̃6	
笹	tʰiⱼ5	
笿	ˀɭoʔ9	
筅	ɕiɪ̃3	
筆	piəʔ7	
等	təŋ3	
筋	tɕiŋ1	
筍	ʃyŋ3	
筏	vɑʔ8	
筐	kʰuɑŋ1	
筑	tsoʔ7	古樂器
筒	doŋ2	麻將葉子牌式名，即餅
答	ta3	～應，應聲回答
答	tɑʔ7	～應，應諾
策	tsʰəʔ7	
筘	kʰeⁱ5	
筢	bɤᵚ2	抓～
筱	ɕiɔ3	
筲	sɔ1	
筵	ˀiɪ̃5	
筷	kʰuæ̃5	
箄	ba2	
箅	piⱼ5	
箇	kɛ5	這麼；～～仔：這樣，或爲「箇兒」合音
箇	kəʔ7	這，指示代詞
箋	tɕiɪ̃1	
箍	ku1	
箏	tsəŋ1	
箔	boʔ8	
箕	tɕiⱼ1	畚～
算	ʃᶶm̩5	
箜	kʰoŋ1	
箝	ɡæ̃2	
管	kᵚm̩3	
箬	ˀȵiɑʔ9	～套
箭	tɕiɪ̃5	
箱	ɕiɪ̃1	
箲	ɕiɪ̃3	
箴	tsəŋ1	
箸	dzu6	
節	tɕiəʔ7	
範	væ̃6	師～
篆	dʒᶶm̩6	
篇	pʰiɪ̃1	
築	tsoʔ7	建～
篋	tɕʰiəʔ7	
篌	ɣeⁱ2	
篙	kɔ1	
篝	keⁱ1	
篠	ɕiɔ3	
篡	tʃʰᶶm̩5	
篤	toʔ7	
篥	ˀɭiəʔ9	
篦	biⱼ6	～䇫
篩	sa1	名詞，～子；動詞，斟；㪣打：～鑼，訓作籭
篱	ˀɭiⱼ5	笊～子
篳	piəʔ7	
篴	diəʔ8	同笛
篷	boŋ2	
篺	ba2	筏：海蜇～
篾	ˀmiəʔ9	
簀	tsəʔ7	
簇	tsʰoʔ7	
簋	kueⁱ3	
簌	soʔ7	～索粉
簍	ˀɭeⁱ3	
簑	sɤᵚ1	
簟	diɪ̃6	～蓆
簡	tɕiɪ̃3	
簡	kæ̃3	同揀
簣	ɡueⁱ6	
簧	ˀuɑŋ5	
簪	tʃᶶm̩1	
簫	ɕiɔ1	
簷	ˀiɪ̃5	同檐
簸	pɤᵚ5	
簽	tɕʰiɪ̃1	～字
簾	ˀniɪ̃5	～子
簿	bu6	
籀	dzeⁱ6	
籃	ˀnæ̃5	
籃	ˀɭæ̃5	
籌	dzeⁱ2	
籍	dʑiəʔ8	又音
籍	ʑiəʔ8	
籐	dəŋ2	
籑	dzæ̃6	
籙	ˀɭoʔ9	
籟	ɭɛ6	文
籠	ˀɭoŋ3	鳥～；～罩、～絡、～繞
籠	ˀɭoŋ5	～屜
籤	tɕʰiɪ̃1	抽～
籪	tᵚm̩5	捕魚工具
籬	ˀɭiⱼ5	～笆
籭	sa1	名詞，～子；動詞，斟；㪣打：～鑼
籮	ˀɭɤᵚ5	
籲	ɦyⱼ6	呼～
米	ˀmiⱼ3	
籷	təʔ7	黏
籼	ɕiɪ̃1	秈異體
籽	tsɿ3	
粉	fəŋ3	
粑	pɤᵚ1	
粒	diⱼ2	幾～寒豆，破讀
粒	ˀɭiəʔ9	
粕	pʰoʔ7	
粗	tsʰu1	
粘	ˀȵiɪ̃5	黏俗字
粞	ɕiⱼ1	
粟	soʔ7	
粢	tsʰɿ1	
粥	tsoʔ7	
粯	ɣæ̃6	～子
粱	ˀniɪ̃5	
粲	tsʰæ̃5	
粳	kəŋ1	
粵	ˀyoʔ9	單字音
粵	ɦyoʔ8	語流音
粹	tʃʰyeⁱ5	
粹	ʃyeⁱ5	
粼	ˀɭiŋ5	
粽	tsoŋ5	
精	tɕiŋ1	
糂	səŋ1	
糅	dzeⁱ2	
糊	vu2	
糊	ɣu2	新派
糌	tsæ̃1	
糍	zɿ2	
糏	ɕiəʔ7	焦麥～
糕	kɔ1	
糖	dɑŋ2	
糙	tsʰɔ5	手～
糜	ˀmiⱼ5	
糝	səŋ1	～兒，本作糂
糝	ʃᶶm̩3	
糞	fəŋ5	
糟	tsɔ1	
糠	kʰɑŋ1	
糤	sæ̃3	饊本字
糧	ˀniɪ̃5	
糨	tɕiɪ̃1	
糯	ˀnɤᵚ3	～耐，脾气性格好
糯	nɤᵚ6	～米
糰	dᵚm̩2	
糴	diəʔ8	
糶	tʰiɔ5	
糸	ˀmiəʔ9	
系	ʑiⱼ6	～統
糽	tsəŋ1	冷～，又名麥蠶，南通特產時令點心
糾	tɕieⁱ1	
糾	tɕieⁱ3	～合
紀	tɕiⱼ3	綱～；～律
紀	tɕiⱼ5	
紂	dzeⁱ6	
約	ˀiɑʔ7	
紅	ɣoŋ2	
紇	ɣəʔ8	
紈	ˀᵚm̩5	
紉	zəŋ6	
紊	vəŋ4	
紊	vəŋ6	
紋	vəŋ2	
納	ˀnɑʔ9	
納	ˀnəʔ9	又音
紐	ˀȵieⁱ3	
紐	ˀȵiɪ̃3	秤～，又音
紓	su1	
純	ʒyŋ2	
紕	pʰi1	～謬
紕	biⱼ2	～漏
紗	ʃyo1	
紙	tsɿ3	
級	tɕiəʔ7	
紛	fəŋ1	
紝	zəŋ4	縫紉
素	su5	
紡	fɑŋ3	
索	soʔ7	
紨	ɦu6	
紩	dzəʔ8	
紫	tsɿ3	
紮	tsɑʔ7	駐～；～辮子
累	ɭɛ6	～命， ～神；～家私，本字爲儽
累	ɭeⁱ6	連～
細	ɕiⱼ5	
紲	ɕiəʔ7	
紳	səŋ1	
紵	dzu6	
紹	zɔ6	
紺	kᵚm̩5	
紿	dɛ6	鬆弛
絀	tʃyoʔ7	
終	tsoŋ1	
絃	ʑiɪ̃2	
絃	ʃᶶm̩5	同絢
組	tsu3	
絆	pæ̃5	～腳
絆	pᵚm̩5	又音
絆	bᵚm̩6	又音
絎	ɣɑŋ2	縫
結	tɕiəʔ7	
絕	dʑiəʔ8	又音
絕	ʑiəʔ8	
絛	tʰɔ1	
絜	tɕiəʔ7	
絝	kʰu5	
絞	kɔ3	
絞	kɔ3	蠻纏：不要瞎～
絞	tɕiɔ3	文
絡	ˀɭoʔ9	
絢	ʃᶶm̩5	
給	tɕiəʔ7	
絨	ˀɲyoŋ5	～布
絨	ˀyoŋ5	又音
絫	ˀɭeⁱ3	積～
絮	ʃyⱼ5	
絰	diəʔ8	
統	tʰoŋ3	
絲	sɿ1	
絳	kɑŋ5	～紅
絳	tɕiɑŋ5	文
絹	tʃᶶm̩5	～頭
綁	pɑŋ3	
綏	ʃyⱼ1	白
綏	ʃyeⁱ1	文
綑	kʰuəŋ3	
經	tɕiŋ1	
綜	tsoŋ1	
綠	ˀɭoʔ9	
綢	dzeⁱ2	
綫	ɕiɪ̃5	線異體
維	viⱼ2	
綰	ˀuæ̃3	
綱	kɑŋ1	
網	ˀmɑŋ3	
綳	pəŋ1	
綴	tʃyeⁱ5	點～
綴	toʔ7	舊時作文叫～文
綵	tsʰɛ3	張燈結～
綸	ˀɭəŋ5	滌～
綸	kuæ̃1	～巾
綹	ˀɭeⁱ3	
綺	tɕʰiⱼ3	
綻	dzæ̃6	飽滿：～得很
綽	tsʰɑʔ7	～号
綾	ˀɭiŋ5	人名用字
綿	ˀmiɪ̃5	
緄	kuəŋ1	縫紉方法：～邊
緆	ɕiəʔ7	
緇	tsɿ1	
緊	tɕiŋ3	
緋	fiⱼ1	～紅
緐	væ̃2	
緒	ʒyⱼ6	
緘	tɕiɪ̃1	
緙	kʰəʔ7	
線	ɕiɪ̃5	
緝	tɕʰiəʔ7	～線
緞	dᵚm̩6	
緟	dzoŋ2	
締	diⱼ2	
緣	ˀᶶm̩5	
緣	ɦᶶm̩6	邊～
緤	ɕiəʔ7	
編	piɪ̃1	
緩	ˀᵚm̩3	又音
緩	ɦᵚm̩6	
緬	ˀmiɪ̃3	
緯	ɦyⱼ6	～紗，紗～子
緯	ˀueⁱ3	文
緯	ɦueⁱ6	文，經～
練	niɪ̃6	
緻	tsɿ5	精～，標～，細～
緻	dzɿ6	
縈	ˀiŋ5	
縉	tɕiŋ5	
縊	ˀiəʔ7	
縊	ˀiəʔ9	單字音
縊	ɦiəʔ8	句中音
縎	kuəʔ7	
縐	tseⁱ5	
縐	tɕieⁱ5	又音
縚	tʰɔ1	
縛	boʔ8	
縛	voʔ8	
縝	tsəŋ3	
縟	zoʔ8	
縣	ʑiɪ̃6	
縫	voŋ2	～～補補，動詞
縫	voŋ6	一條～，名詞
縮	soʔ7	
縱	tsoŋ5	放任：放～；～身；溝不闊，～過去
縲	ˀɭeⁱ5	
縴	tɕʰiɪ̃1	～夫
縴	tɕʰiɪ̃5	拉～
縵	mæ̃6	緩～
縷	ɭyⱼ6	
縹	pʰiɔ3	
總	tsoŋ3	
績	tɕiəʔ7	
繁	væ̃2	
繃	pɑŋ1	棕～
繃	pəŋ1	～線
繃	pəŋ5	～開
繅	sɔ1	～絲廠
繆	ˀmeⁱ5	綢～
繆	miɔ6	姓氏
繓	tʃyoʔ7	
織	tsəʔ7	
繕	ʑiɪ̃6	
繗	ˀɭiŋ5	縫（衣）
繙	fæ̃1	～被子（縫補），～棉衣（絮棉衣）
繚	ˀɭiɔ5	
繞	ȵiɔ6	～線
繟	dæ̃2	～子
繡	ɕieⁱ5	
繩	zəŋ2	
繪	kueⁱ5	
繪	ɦueⁱ6	文
繫	tɕiⱼ5	～釦；秤桿上的零件
繫	ɦiⱼ6	繫在桶或籃子上的繩索
繭	tɕiɪ̃3	
繮	tɕiɪ̃1	
繰	tɕʰiɔ1	捲起（衣袖、褲管等）；縫紉方法：～邊
繳	tɕiɔ3	
繹	ˀiəʔ9	單字音
繹	ɦiəʔ8	句中音
繼	tɕiⱼ5	
繽	piŋ1	
纀	poʔ7	
纂	tʃᶶm̩3	
纈	ʑiəʔ8	
續	zoʔ8	
纍	ˀɭeⁱ5	
纏	dʑiɪ̃2	
纏	ʑiɪ̃2	～蠻
纏	dʒᶶm̩4	心裏煩躁不安：～來～去，破讀
纏	ʒᶶm̩2	又音，盤～，路費
纓	ˀiŋ1	
纔	zɛ2	
纖	ɕiɪ̃1	～細
纛	dɔ6	
纜	ˀnæ̃3	
纜	næ̃6	～繩，又音
纜	ˀɭæ̃3	
纜	ɭæ̃6	～繩，又音
缸	kɑŋ1	
缺	tʃʰyoʔ7	
缽	poʔ7	
罅	xuo5	門～條縫
罈	dᵚm̩2	～子
罌	ˀiŋ1	
罎	dᵚm̩2	罈異體
罐	kᵚm̩5	
网	ˀmɑŋ3	網本字
罔	ˀmɑŋ3	
罔	vɑŋ4	
罔	vɑŋ6	
罕	xᵚm̩3	
罘	veⁱ2	
罩	tsɔ5	
罪	zɛ4	犯～，犯底～作，又音
罪	zɛ6	～過
置	tsɿ5	
罯	ˀuoʔ7	～豆芽
罰	vɑʔ8	
罱	ˀnæ̃3	
罱	ˀɭæ̃3	
署	su5	
署	zu6	白
罵	mɤᵚ6	
罷	ba4	～工，又音
罷	ba6	齁不～，即咳不止
罷	bɤᵚ6	停止：～工
罹	ˀɭiⱼ5	
罾	tsəŋ1	
羃	ˀmiəʔ9	同冪
羅	ˀɭɤᵚ5	
羆	biⱼ2	
羈	tɕiⱼ1	
羊	ˀiɪ̃5	
羌	tɕʰiɪ̃1	
美	ˀmɛ3	
羔	kɔ1	
羚	ˀɭiŋ5	
羞	ɕieⁱ1	
羞	ɕieⁱ5	清～；麥～穗頭
羣	dʒyŋ2	
群	dʒyŋ2	
羥	tɕʰiɪ̃3	
羧	sɤᵚ1	
羨	ʑiɪ̃6	
義	ȵiⱼ6	
羯	tɕiəʔ7	
羲	ɕiⱼ1	
羴	ɕiɪ̃1	
羶	ɕiɪ̃1	
羸	ˀɭeⁱ5	
羹	kəŋ1	
羽	ˀyⱼ3	又音
羽	ɦyⱼ6	～毛
羿	ȵiⱼ6	
翀	dzoŋ2	
翁	ˀoŋ1	
翅	tsɿ5	～膀
翅	ɕiɪ̃1	臂～（鳥的翅膀），字又作扇、翼
翊	ˀiəʔ9	人名用字
翊	ɦiəʔ8	人名用字
翌	ˀiəʔ9	單字音
翌	ɦiəʔ8	句中音
翎	ˀɭiŋ5	
習	ʑiəʔ8	
翔	ʑiɪ̃2	
翕	ɕiəʔ7	
翖	ɕiəʔ7	
翟	dzəʔ8	姓氏
翟	diəʔ8	墨～
翠	tʃʰyⱼ5	～色
翠	tʃʰyeⁱ5	文
翡	fiⱼ3	
翦	tɕiɪ̃3	
翩	pʰiɪ̃1	
翫	ɦᵚm̩6	
翮	ɣəʔ8	
翰	ɣᵚm̩6	
翱	ˀŋɔ5	
翳	ˀiⱼ1	
翹	tɕʰiɔ5	～尾巴
翹	dʑiɔ2	門～拉作
翻	fæ̃1	
翼	ɕiɪ̃1	臂～（鳥的翅膀），字又作扇、翅
翼	ˀiəʔ9	單字音
翼	ɦiəʔ8	句中音
耀	ɦiɔ6	
老	ˀɭɔ3	年～
考	kʰɔ3	
耄	mɔ6	
者	tsa3	語气助詞，又作輕聲
者	tsɛ3	記者，文
者	tsəʔ7	文讀又音
耆	dʑiⱼ2	
耋	diəʔ8	
而	ˀɛ5	
耍	ʃyo3	舊，玩～，～戲
耐	nɛ6	
耑	tᵚm̩1	端本字
耒	ɭɛ6	
耒	ˀɭeⁱ3	
耕	kəŋ1	
耗	xɔ1	
耗	xɔ5	又音
耘	ˀyŋ5	
耙	bɤᵚ2	
耙	bɤᵚ6	又音
耦	ˀŋeⁱ3	
耨	neⁱ6	
耩	kɑŋ3	
耬	ˀɭeⁱ5	
耮	ˀɭɔ5	～墒溝
耳	ˀɛ3	
耶	ˀia5	
耷	tɑʔ7	
耽	tæ̃1	
耽	tᵚm̩1	虎視～～
耿	kəŋ3	
聃	tʰæ̃1	
聆	ˀɭiŋ5	
聊	ˀɭiɔ5	
聒	kuɑʔ7	～～叫
聖	səŋ5	
聘	pʰiŋ5	
聚	ʒyⱼ4	積聚：～鈔票
聚	ʒyⱼ6	～寶盆，～淘，即結伴
聝	kuəʔ7	
聞	ˀməŋ5	又音
聞	vəŋ2	常用音
聯	ˀniɪ̃5	
聰	tsʰoŋ1	
聱	ˀŋɔ5	
聲	səŋ1	
聳	soŋ3	
聵	ɡueⁱ6	
聶	ˀȵiəʔ9	
職	tsəʔ7	
聹	ˀȵiŋ5	
聽	tʰiŋ1	一～啤酒
聽	tʰiŋ1	聞，嗅
聽	tʰiŋ5	～便，～戲，～說
聾	ˀɭoŋ5	
聿	ˀyoʔ9	單字音
聿	ɦyoʔ8	語流音
肄	ɦiⱼ6	
肅	soʔ7	
肆	sɿ5	
肇	dzɔ6	
肉	zoʔ8	
肉	ˀɲyoʔ9	～麻，自～自痛
肉	ʒyoʔ8	～麻
肊	ˀiⱼ5	臆本字
肋	ˀɭəʔ9	～條
肌	tɕiⱼ1	
肎	kʰəŋ3	肯本字
肏	tsʰɔ5	普通話借詞
肓	fɑŋ1	又音
肓	xuɑŋ1	
肕	zəŋ6	文
肕	ȵiŋ6	
肖	sɔ5	生～
肖	ɕiɔ5	不～，惟妙惟～
肘	tseⁱ3	
肚	tu3	魚～
肚	du4	擔～：懷孕；伸腰扭～：伸懶腰
肚	du6	～腸
肛	kɑŋ1	
肝	kᵚm̩1	
股	ku3	
肢	tsɿ1	
肥	biⱼ2	～皁
肥	viⱼ2	～料
肨	pʰɑŋ5	
肩	tɕiɪ̃1	
肪	fɑŋ1	
肪	vɑŋ2	脂～，又音
肫	tsəŋ1	鳥臟：鴨～
肯	kʰəŋ3	
肱	koŋ1	
育	ˀyoʔ9	單字音
育	ɦyoʔ8	語流音
肴	ʑiɔ2	字同餚
肺	fiⱼ5	
胃	ɦueⁱ6	
胄	dzeⁱ6	
背	pɛ5	脊～，～後
背	bɛ6	耳朵～；～時；～書
胎	tʰɛ1	投～
胎	tʰæ̃3	輪～
胖	pʰɑŋ5	訓作肨
胖	bᵚm̩2	心寬體～
胗	tsəŋ1	鴨～肝，訓作肫
胚	pʰɛ1	
胛	kɑʔ7	
胞	pɔ1	衣～之地
胡	vu2	
胡	ɣu2	又音
胤	ɦiŋ6	
胥	ʃyⱼ1	姓氏
胬	ˀnɤᵚ3	
胭	ˀiɪ̃1	
胯	kʰuo5	
胰	ˀiⱼ5	
胳	kəʔ7	
胴	doŋ6	～肛
胷	ʃyoŋ1	胸本字
胸	ʃyoŋ1	
胺	ˀᵚm̩1	
胼	biɪ̃2	
能	ˀnəŋ5	
脂	tsɿ1	～油
脅	ɕiəʔ7	
脆	tʃʰyⱼ5	
脆	tʃʰyeⁱ5	文
脈	ˀməʔ9	
脊	tɕiəʔ7	
脖	bəʔ8	4
脗	ˀmiŋ3	～縫（縫之間無間隙）
脛	tɕiŋ5	
脛	dʑiŋ6	
脣	zəŋ2	嘴～皮
脣	ʒyŋ2	白
脦	təʔ7	肋～：不聰明，不靈活
脩	seⁱ1	又音
脩	ɕieⁱ1	又音
脫	tʰoʔ7	～衣；～離、～脫
脫	tʰəʔ7	又音，～手，～身
脬	pʰɔ1	尿～；卵～，陰囊
脯	pʰu3	
脯	bu2	胸～
脯	fu3	果～
脹	tsæ̃5	
脾	biⱼ2	
腆	tiɪ̃3	靦～，又音
腆	tʰiɪ̃3	～腆
腈	tɕiŋ1	～肉（瘦肉）
腈	tɕʰiŋ1	～綸
腊	ɕiəʔ7	乾肉
腋	ɦiɛ6	語流舒化讀法
腋	ˀiəʔ9	單字音
腋	ɦiəʔ8	句中音
腎	ʒyŋ6	
腐	vu6	
腑	fu3	
腔	tɕʰiɑŋ1	～調
腕	ˀuæ̃5	手～子，腳～子
腕	ˀᵚm̩5	手～
腚	diŋ6	
腠	tsʰeⁱ5	
腡	ˀɭɤᵚ5	手～印
腥	ɕiŋ1	
腦	ˀnɔ3	
腧	su5	
腫	tsoŋ3	
腮	sɛ1	
腰	ˀiɔ1	
腱	dʑiɪ̃6	
腳	tɕiɑʔ7	
腴	ˀyⱼ5	
腸	dzæ̃2	
腹	foʔ7	
腺	ɕiɪ̃5	
腿	tʰɛ3	
膀	pɑŋ3	肩～
膀	pɑŋ5	臂～
膀	bɑŋ2	～胱
膇	dʒyeⁱ6	腳～气
膈	kəʔ7	
膊	poʔ7	
膏	kɔ1	
膏	kɔ5	～油
膕	kuəʔ7	腳股～
膗	dzɛ2	
膘	piɔ1	訓讀爲臕
膘	biɔ6	本音
膚	fu1	
膛	dɑŋ2	
膜	ˀmɤᵚ5	～拜
膜	ˀmoʔ9	保鮮～
膝	tɕʰiŋ5	～饅頭，又音
膝	tɕʰiəʔ7	～饅頭
膝	ɕiəʔ7	又音，～下
膠	kɔ1	
膠	tɕiɔ1	文
膨	bəŋ2	
膩	ȵiⱼ6	着～
膩	ˀȵiəʔ9	
膯	təŋ1	
膳	ʑiɪ̃6	
膺	ˀiŋ1	
膻	ɕiɪ̃1	訓作羶
膽	tæ̃3	
膾	kueⁱ5	
膿	ˀnoŋ5	
臀	dəŋ2	
臂	piⱼ5	
臃	ˀyoŋ1	
臄	dʑiɑʔ8	
臆	ˀiⱼ5	
臉	ˀniɪ̃3	
臊	sɔ1	～臭
臌	ku3	～脹
臍	ʑiⱼ2	～帶
臍	ʒyⱼ2	白
臏	biŋ6	同髕
臑	ˀnɔ5	
臕	piɔ1	
臖	ɕiŋ5	～仁𣝗（淋巴結）；～蘗子
臘	ˀɭɑʔ9	～月
臚	ˀɭu5	
臟	zɑŋ6	內～；五～廟，戲稱人的內～
臠	ˀnᵚm̩5	
臠	ˀɭᵚm̩5	
臣	dzəŋ2	
臣	zəŋ2	又音
臥	ŋɤᵚ6	
臧	tsɑŋ1	姓氏
臨	ˀɭiŋ5	
自	zɿ6	
臬	ˀȵiəʔ9	
臭	tsʰeⁱ5	
臭	ɕieⁱ5	味
至	tsɿ5	
致	tsɿ5	
臺	dɛ2	講～
臻	tsəŋ1	
臼	dʑieⁱ6	～潭
臽	kʰᵚm̩3	
臾	ˀyⱼ5	
臿	tsʰɑʔ7	再～～
舀	ˀiɔ3	
舂	soŋ1	～榔頭子
舂	tʃʰyŋ5	又音，～稻
舄	ɕiəʔ7	
舅	dʑieⁱ6	
與	ɦyⱼ6	
興	ɕiŋ1	～旺
興	ɕiŋ5	
舉	tʃyⱼ3	
舊	dʑieⁱ6	
舌	zəʔ8	
舍	sa5	田間小茅屋：田頭～；簡易草屋：環洞～
舍	sɛ3	文
舍	ɕiɛ1	文
舐	zɿ6	
舐	ˀɭia3	舔碗的動作，又音
舐	ˀɭiɑʔ9	舔碗的動作，白
舒	sɿ1	白，～泰，字又作弛
舒	su1	
舓	ˀɭiɑʔ9	舔碗的動作
舔	tʰiɪ̃3	
舖	pʰu5	店～
舘	kᵚm̩3	
舚	tʰiɪ̃5	舌頭伸出（口）
舛	tʃʰᶶm̩3	
舜	ʃyŋ5	
舞	vu4	
舟	tseⁱ1	
舢	sæ̃1	～舨
舨	pæ̃3	舢～
航	ɣɑŋ2	
舫	fɑŋ5	
般	pæ̃1	一～
般	pᵚm̩1	
般	bᵚm̩2	又音
般	poʔ7	～若
舴	tsəʔ7	
舵	dɤᵚ4	
舶	bəʔ8	～來品
舷	ʑiɪ̃2	
船	ʒᶶm̩2	
艄	sɔ1	船～
艇	tʰiŋ3	
艋	ˀməŋ3	
艕	pɑŋ1	船靠～
艘	seⁱ1	
艙	tsʰɑŋ1	
艟	dʒyɑŋ6	
艣	ˀɭu3	
艦	kʰæ̃3	
艨	ˀmoŋ5	
艮	kəŋ5	
良	ˀniɪ̃5	
艱	tɕiɪ̃1	
艱	kæ̃1	～苦
色	səʔ7	
艴	bəʔ8	
艶	ɦiɪ̃6	豔俗字
艸	tsʰɔ3	草本字
艾	ȵiⱼ6	
艾	ŋɛ6	
艿	na6	芋～
芈	ˀmiⱼ3	
芊	tɕʰiɪ̃1	
芋	ɲyⱼ6	～艿
芍	zɑʔ8	
芒	ˀmɑŋ5	
芙	vu2	
芝	tsɿ1	
芡	tɕʰiɪ̃5	打～
芥	ka5	～菜
芥	tɕiɛ5	文
芨	tɕiəʔ7	
芪	dʑiⱼ2	
芫	ˀᶶm̩5	
芬	fəŋ1	
芭	pɤᵚ1	
芮	ʒyeⁱ6	
芯	ɕiŋ1	
花	xuo1	
芳	fɑŋ1	
芸	ˀyŋ5	～豆
芹	dʑiŋ2	
芹	dʒyŋ2	～菜
芻	tsʰu1	類推
芻	dzu2	
芻	zu2	又音
芽	ˀia5	文
芽	ˀŋuo5	
芾	fəʔ7	
苑	ˀᶶm̩3	
苒	ˀȵiɪ̃3	人名用字
苓	ˀɭiŋ5	
苔	tʰɛ1	舌～，或正字爲胎
苔	dɛ2	青～皮
苗	ˀmiɔ5	
苛	kʰɤᵚ1	
苜	ˀmoʔ9	～蓿
苞	pɔ1	
苟	keⁱ3	
苡	ˀiⱼ3	
若	za4	般～
若	zɑʔ8	
苦	kʰu3	
苧	dzu6	
苫	ɕiɪ̃1	名詞，草～
苫	ɕiɪ̃5	動詞，遮蓋
苯	pəŋ3	
英	ˀiŋ1	
苴	tɕia1	大～：地名
苶	ˀȵiəʔ9	
苹	biŋ2	
苽	ku1	
苾	biəʔ8	
茁	tsɑʔ7	
茂	meⁱ6	
范	væ̃6	姓氏
茄	ɡa2	雪～
茄	ˀŋa1	番～，又音
茄	dʑia2	～子
茅	ˀmɔ5	
茆	ˀmɔ3	
茉	ˀmoʔ9	
茍	tɕiəʔ7	
茗	ˀmiŋ3	
茛	kəŋ5	
茜	ɕiⱼ1	又音
茜	tɕʰiɪ̃5	人名用字
茠	xɔ1	
茨	zɿ2	～菇
茫	ˀmɑŋ5	
茬	tsʰa1	～口
茬	dʒyo2	
茭	kɔ1	
茯	voʔ8	
茱	tsu1	
茲	tsɿ1	
茴	ˀueⁱ5	
茵	ˀiŋ1	
茶	dʒyo2	
茸	ˀɲyoŋ5	
茸	ˀyoŋ5	又音
茹	zu2	
荀	ʃyŋ1	姓氏
荃	tɕʰiɪ̃1	
荃	tʃʰᶶm̩1	又音
荆	tɕiŋ1	
草	tsʰɔ3	
荊	tɕiŋ1	
荏	zəŋ6	
荒	fɑŋ1	又音
荒	xuɑŋ1	
荒	xuɑŋ5	
荔	ɭiⱼ6	
荔	ˀɭiəʔ9	又音
荳	deⁱ6	
荷	xɤᵚ5	薄～
荷	ɣɤᵚ2	～花
荷	ɣɤᵚ6	～載；～槍
荸	bəʔ8	～薺
荻	diəʔ8	
荼	du2	
荽	ʃyⱼ1	芫～
莅	ɭiⱼ6	
莆	bu2	～田
莉	ɭiⱼ6	
莊	tʃyɑŋ1	
莎	sɤᵚ1	～草
莓	ˀmɛ5	
莖	tɕiŋ1	
莘	səŋ1	
莛	diŋ2	
莜	ˀieⁱ5	
莝	tsʰɤᵚ5	～草
莞	kuæ̃1	～草，『集韻』沽還切
莞	ˀuæ̃3	～爾一笑
莞	kᵚm̩3	東～
莟	ɣᵚm̩6	～苞待放
莠	ˀieⁱ3	
莢	tɕiɑʔ7	文
莢	tɕiəʔ7	豆毛～子（大豆莢殼）
莧	ɕiɪ̃3	文，～菜
莧	xæ̃3	馬齒～
莧	ɣæ̃6	
莫	ˀmoʔ9	
莽	ˀmɑŋ3	
菀	ˀᵚm̩3	
菀	ˀᶶm̩3	
菁	tɕiŋ1	
菅	tɕiɪ̃1	～茅草
菇	ku1	
菊	tʃyoʔ7	
菌	tʃyŋ1	細～
菌	ʒyŋ4	白，呂四四甲字表皆作菌，本字或爲蕈
菔	voʔ8	
菖	tsʰæ̃1	
菜	tsʰɛ5	
菟	tʰu5	
菠	pɤᵚ1	
菢	bu6	～小雞
菩	bu2	
菪	dɑŋ6	
華	ɣuo2	
華	ɣuo6	姓氏
菰	ku1	
菱	ˀɭiŋ5	～角
菲	fiⱼ1	
菲	fiⱼ3	～薄
菴	ˀᵚm̩1	
菽	soʔ7	
萁	dʑiⱼ2	
萃	tʃʰyeⁱ5	新
萃	ʒyeⁱ6	
萄	dɔ2	水葡～，即葡萄
萇	dzæ̃2	
萊	ˀɭɛ5	
萌	ˀməŋ5	
萍	biŋ2	
萎	ˀueⁱ1	
萎	ˀueⁱ3	
萬	væ̃6	
萱	ʃᶶm̩1	
萵	ˀɤᵚ1	～筍
萸	ˀyⱼ5	
萼	ˀŋoʔ9	
落	ˀɭoʔ9	
葆	pɔ3	
葉	səʔ7	～公好龍
葉	ˀiəʔ9	單字音
葉	ɦiəʔ8	句中音
葑	foŋ5	
著	tsu5	
著	tsɑʔ7	着本作此
葚	zəŋ6	
葛	kuoʔ7	
葡	bu2	
董	toŋ3	姓氏
葦	ˀueⁱ3	
葩	pʰɤᵚ1	
葫	vu2	
葫	ɣu2	新派
葬	tsɑŋ5	
葭	tɕia1	文
葭	tʃyo1	
葯	ˀiɑʔ7	白芷
葳	ˀueⁱ1	
葵	ɡueⁱ2	
葷	fəŋ1	又音
葷	fəŋ5	又音：五～八素
葷	xuəŋ1	～菜
葷	xuəŋ5	蔥蒜味或魚類變質的气味：～气。破讀
葺	tɕʰiəʔ7	
蒂	tiⱼ5	
蒐	seⁱ1	
蒓	ʒyŋ2	
蒔	zɿ6	～稻
蒙	ˀmoŋ5	
蒜	ʃᶶm̩5	
蒞	ɭiⱼ6	
蒡	bɑŋ2	
蒨	tɕʰiɪ̃5	人名用字
蒯	kʰuɛ5	
蒲	bu2	
蒸	tsəŋ1	
蒹	tɕiɪ̃1	
蒺	dʑiəʔ8	又音
蒺	ʑiəʔ8	
蒻	zɑʔ8	
蒼	tsʰɑŋ1	
蒼	tʃʰyɑŋ1	～蠅（又讀如字）
蒿	xɔ1	
蓀	səŋ1	
蓄	ʃyoʔ7	
蓆	ʑiəʔ8	
蓉	ˀyoŋ5	
蓊	ˀoŋ1	
蓋	kɛ5	
蓋	kuoʔ7	姓氏
蓐	zoʔ8	
蓑	sɤᵚ1	
蓖	pɛ1	～麻
蓖	pæ̃1	
蓬	boŋ2	
蓮	ˀniɪ̃5	
蓯	tsʰoŋ1	
蓲	tɕʰieⁱ1	烏～
蓴	ʒyŋ2	
蓺	ȵiⱼ6	
蓼	ˀɭiɔ3	
蓽	piəʔ7	同篳
蓿	soʔ7	
蔑	ˀmiəʔ9	
蔓	mæ̃6	
蔓	mᵚm̩6	極少數老派有此音，主流多讀爲ᵚm̩，該音節又可讀爲mɯ̃或mɤᵚ或mɤ̃，藤～
蔔	bɤᵚ2	蘿～
蔔	boʔ8	蘿～（又音）
蔕	tiⱼ5	
蔗	tsa1	
蔘	səŋ1	
蔚	ˀueⁱ5	
蔛	ɣoʔ8	石～
蔞	ˀɭeⁱ5	
蔟	tsʰoʔ7	
蔡	tsʰa5	姓氏
蔢	bɤᵚ6	～荷
蔣	tɕiɪ̃3	
蔥	tsʰoŋ1	
蔫	ˀiɪ̃1	
蔬	su1	果～
蔭	ˀiŋ1	又音，樹～
蔭	ˀiŋ5	～庇
蔻	kʰeⁱ5	
蔽	biⱼ6	
蕁	ʑiɪ̃2	～麻疹，字本作䕭
蕃	fæ̃1	土～，～茄
蕃	væ̃2	～茂
蕈	ʃyŋ3	
蕈	ʒyŋ4	白
蕉	tɕiɔ1	
蕊	ʒyeⁱ4	花～
蕎	dʑiɔ2	
蕓	ˀyŋ5	～薹
蕙	ɦueⁱ6	
蕢	ɡueⁱ6	
蕨	tʃyoʔ7	
蕩	tʰɑŋ3	浪～（浪子）
蕩	dɑŋ6	～田，茅草～
蕪	vu2	
蕭	ɕiɔ1	
蕹	ˀoŋ1	又音
蕹	ˀoŋ5	～菜
蕻	xoŋ5	菜～子，雪裏～
蕾	ˀɭɛ3	花～
蕾	ˀɭɛ5	
薄	bɤᵚ6	訓作蔢
薄	boŋ6	～荷，又音
薄	boʔ8	
薅	xɔ1	～草
薇	viⱼ2	
薈	ˀueⁱ5	
薊	tɕiⱼ5	
薏	ˀiⱼ5	
薏	ˀiəʔ7	
薑	tɕiɪ̃1	
薓	səŋ1	
薔	ʑiɪ̃2	
薛	ɕiəʔ7	
薤	ʑiɛ6	
薦	tɕiɪ̃5	
薨	xoŋ1	
薩	sɑʔ7	
薪	ɕiŋ1	
薯	su5	
薯	zu6	白
薰	ʃyŋ1	
薲	biŋ2	說文載大萍
薶	ˀma5	
薸	biɔ2	
薹	dɛ2	蕓～
薺	ʑiⱼ2	荸～
薺	ʑiⱼ6	～菜
薺	ʒyⱼ6	～菜
藁	kɔ3	
藉	dʑia6	～口，又音
藉	ʑia6	～口
藉	dʑiəʔ8	狼～，又音
藉	ʑiəʔ8	狼～
藍	ˀnæ̃5	
藍	ˀɭæ̃5	
藏	zɑŋ2	隱～
藏	zɑŋ6	西～
藐	ˀmiɔ3	
藕	ˀŋeⁱ3	
藜	ˀɭiⱼ5	
藝	ȵiⱼ6	
藤	dəŋ2	
藥	ˀiɑʔ9	
藥	ɦiɑʔ8	
藦	ˀmɤᵚ5	
藩	fæ̃1	～鎮，～籬
藩	væ̃2	
藪	seⁱ3	
藹	ˀɛ5	
藺	ɭiŋ6	
藻	tsɔ3	
藿	foʔ7	又音
藿	xuoʔ7	～香
蘄	dʑiⱼ2	
蘆	ˀɭu5	
蘇	su1	
蘊	ˀyŋ5	
蘋	biŋ2	～果
蘑	ˀmɤᵚ5	
蘖	ˀȵiəʔ9	
蘚	ɕiɪ̃3	
蘩	væ̃2	
蘭	ˀnæ̃5	
蘭	ˀɭæ̃5	
蘸	tsæ̃5	～火
蘿	ˀɭɔ5	又音，～蔔
蘿	ˀɭɤᵚ5	
虎	fu3	
虎	fu5	～起臉，破讀
虎	xu3	又音
虎	xᵚm̩3	壁～子；魚～鳥（魚狗）
虐	ˀȵiɑʔ9	
虔	dʑiɪ̃2	
處	tsʰu3	～理，辦事～
處	tsʰu5	到～
虗	ʃyⱼ1	
虛	ʃyⱼ1	
虜	ˀɭu3	
虞	ˀɲyⱼ5	
虞	ˀyⱼ5	
號	ɣɔ2	～喪
虢	kuəʔ7	
虧	tʃʰyⱼ3	～得，指幸虧
虧	kʰueⁱ1	
虫	xueⁱ3	～蛇
虬	dʑieⁱ2	
虯	dʑieⁱ2	
虰	tiŋ1	䗌～（蜻蜓）
虴	təʔ7	～蛨子
虹	kɑŋ5	
虹	ɣoŋ2	
虺	xueⁱ3	虫又作此
虻	ˀməŋ5	
蚊	ˀməŋ5	白
蚊	vəŋ2	
蚋	ʒyeⁱ6	
蚌	bɑŋ6	又音
蚌	bəŋ6	本字爲螷
蚓	ˀiŋ3	
蚣	koŋ1	
蚤	tsɔ3	
蚧	ka5	
蚧	tɕiɛ5	文
蚩	tsʰɿ1	
蚪	teⁱ3	
蚭	ˀȵiⱼ5	～沫蟲
蚯	tɕʰieⁱ1	
蚰	ˀieⁱ5	
蚱	tsəʔ7	
蚶	xᵚm̩1	
蛀	tsu5	
蛄	ku1	
蛆	tʃʰyⱼ1	
蛇	za2	
蛉	ˀɭiŋ5	
蛋	dæ̃6	
蛐	tʃʰyoʔ7	
蛔	ˀueⁱ5	
蛘	ˀiɪ̃5	～子
蛙	ˀuo1	
蛛	tsu1	
蛟	tɕiɔ1	
蛤	kuoʔ7	～蜊
蛨	ˀməʔ9	～蛨子，蚱蜢
蛩	dʒyoŋ2	
蛭	tsəʔ7	
蛸	ɕiɔ1	螵～
蛹	ˀyoŋ3	
蛻	tʰɛ5	文
蛻	tʰɤᵚ5	蛇～殼
蛼	tsʰa1	～和，即文蛤，亦即古書所記「車螯」「吕四方言研究」作「蛼⿰虫和」
蛾	ˀŋɤᵚ5	
蜀	zoʔ8	
蜂	foŋ1	
蜅	bu2	～蜪，方言詞；貝類，比文蛤圓而小，殼薄；『吕四方言研究』作⿰虫匍
蜆	ɕiɪ̃3	
蜇	tsəʔ7	～人
蜇	zəʔ8	海～
蜈	ˀu5	
蜉	veⁱ2	～蝣
蜊	ˀɭiⱼ5	蛤～
蜋	ˀɭɑŋ5	同螂
蜍	dzu2	
蜒	ˀiɪ̃5	
蜓	diŋ2	
蜘	tsɿ1	
蜚	fiⱼ1	
蜜	ˀmiəʔ9	
蜝	dʑiⱼ2	
蜞	dʑiⱼ2	
蜢	ˀməŋ3	
蜥	ɕiəʔ7	
蜪	dɔ2	蜅～，四角文蛤
蜮	ˀyoʔ9	單字音
蜮	ɦyoʔ8	語流音
蜮	vəʔ8	又音
蜮	ɣuəʔ8	
蜷	dʒᶶm̩2	
蜹	ʒyeⁱ6	
蜻	tɕʰiŋ1	
蝌	kʰɤᵚ1	
蝍	tɕiəʔ7	
蝓	ˀyⱼ5	
蝕	zəʔ8	
蝗	ˀuɑŋ5	
蝙	piɪ̃1	
蝟	ɦyⱼ6	刺～
蝠	foʔ7	蝙～
蝣	ˀieⁱ5	
蝥	ˀmɔ5	
蝦	xuo1	
蝦	ɣuo2	～蟆
蝦	ʃyo1	～米（亦讀如字）
蝨	səʔ7	老白～
蝮	foʔ7	
蝰	kʰueⁱ1	
蝴	vu2	
蝴	ɣu2	新派
蝶	diəʔ8	
蝸	kuo1	～牛，舊讀書音，對應國音ㄍㄨㄚ；当地蝸牛叫作「鋼溝螺」
蝸	ˀuo1	
蝸	ˀɤᵚ1	
螂	ˀɭɑŋ5	
螃	bɑŋ2	
螄	sɿ1	螺～
融	ˀyoŋ5	
螞	mɤᵚ6	
螟	ˀmiŋ5	
螢	ˀiŋ5	
螫	səʔ7	
螭	tsʰɿ1	
螯	ˀŋɔ5	～腳
螳	dɑŋ2	
螵	pʰiɔ1	
螷	bəŋ6	
螺	ˀɭɤᵚ5	田～
螺	ɭɤᵚ6	～螄；～絲；～栓；鋼溝～：蝸牛
螺	ˀɭoʔ9	泥～（又讀如字）
螻	ˀɭeⁱ5	～蛄
蟀	səʔ7	
蟀	ʃyəʔ7	
蟁	ˀməŋ5	白
蟁	vəŋ2	
蟄	dzəʔ8	
蟆	ˀmɤᵚ5	
蟈	kuəʔ7	
蟊	ˀmɔ5	正字應爲蝥
蟋	ɕiəʔ7	
蟑	tsæ̃1	
蟒	ˀmɑŋ3	
蟚	bəŋ2	
蟛	bəŋ2	
蟠	bᵚm̩2	
蟢	ɕiⱼ3	
蟣	tɕiⱼ5	～蝨
蟥	ˀuɑŋ5	
蟬	ʑiɪ̃2	
蟮	ʑiɪ̃6	
蟯	ˀnɔ5	
蟲	dzoŋ2	
蟶	tsʰəŋ1	又音
蟶	tʃʰyŋ1	毛～，貝類的一種
蟹	xa3	
蟻	ȵiⱼ6	又音
蟻	ɲyⱼ6	螞～
蟾	ʑiɪ̃2	
蠃	ˀɭɤᵚ5	
蠅	ˀɭiŋ5	蒼～
蠅	ˀȵiŋ5	又音，蒼～
蠅	ˀiŋ5	文
蠆	tsʰa3	白
蠆	tsʰɛ3	文
蠍	ɕiəʔ7	
蠓	ˀmoŋ3	
蠓	ˀmoŋ5	
蠕	zu2	
蠖	voʔ8	
蠖	ɣuoʔ8	
蠖	ˀuoʔ7	又音
蠛	ˀmiəʔ9	
蠟	ˀɭɑʔ9	～燭
蠢	tʃʰyŋ3	
蠣	ɭiⱼ6	
蠭	foŋ1	
蠯	bəŋ6	
蠱	ku3	～惑人心
蠲	tʃᶶm̩1	
蠶	ʒᶶm̩2	養～
蠹	tu5	
蠻	ˀmæ̃5	
血	ʃyoʔ7	
衄	ˀɲyoʔ9	
衅	ɕiŋ5	釁俗字
行	ɣɑŋ2	～業，銀～；流行，時興：發～，～頭
行	ɣəŋ2	～船，道～
行	ʑiŋ2	～走
行	ʑiŋ6	品～
行	ɦiŋ6	品～
衍	ˀiɪ̃3	
衒	ʒᶶm̩6	同炫
術	ʒyəʔ8	技～
衕	doŋ2	衚～
衖	ɣɑŋ6	
街	ka1	
衙	ˀia5	
衙	ˀyo5	～門
衚	ɣu2	
衛	ɦueⁱ6	
衝	tsʰoŋ1	～出去
衡	ɣəŋ2	
衢	dʒyⱼ2	
衣	ˀiⱼ1	
表	piɔ3	
衩	tʃʰyo1	
衩	tʃʰyo5	衣～
衫	sæ̃1	
衭	fu1	大～頭
衮	kuəŋ1	
衰	sɛ1	
衱	dʑiəʔ8	
衲	ˀnɑʔ9	補補～～
衲	ˀnoʔ9	～子，尿布
衷	tsoŋ1	
衹	tsɿ5	～有,又音
衹	tsəʔ7	～有
衽	zəŋ6	
衾	tɕʰiŋ1	
袁	ˀᶶm̩5	
袂	mɛ6	
袈	tʃyo1	
袋	dɛ6	
袌	bɔ6	～裠
袍	bɔ2	
袒	tʰæ̃3	
袖	zeⁱ6	
袖	ʑieⁱ6	又音
袤	meⁱ6	
被	biⱼ6	
袱	voʔ8	
袴	kʰu5	
袷	kɑʔ7	
裁	zɛ2	～縫
裂	ˀɭiəʔ9	
裊	ˀȵiɔ3	褭俗字
裌	kɑʔ7	
裏	ˀɭiⱼ3	～頭
裏	ɭeⁱ	又音，臺～，路～，街～；們：伲～，我～，他～
裒	beⁱ2	
裔	ɦiⱼ6	
裕	ɦyⱼ6	
裘	dʑieⁱ2	
裙	dʒyŋ2	
補	pu3	
裝	tʃyɑŋ1	
裟	ʃyo1	
裠	dʒyŋ2	
裡	ˀɭiⱼ3	
裨	piⱼ5	～益
裱	piɔ3	
裳	zæ̃2	
裴	bɛ2	
裵	bɛ2	
裸	ˀɭɤᵚ3	
裹	kɤᵚ3	
製	tsɿ5	～造
褂	kuo1	～布衫
褂	kuo5	又音
複	foʔ7	緟～；～雜
褎	zeⁱ6	
褏	zeⁱ6	
褐	ɣuoʔ8	
褒	pɔ1	
褓	pɔ3	
褙	pɛ5	
褚	tsʰu3	姓氏
褡	tɑʔ7	～褳
褥	zoʔ8	
褦	ˀɭɛ3	～襶（笨拙；笨重、粗笨）
褪	tʰɛ5	～色
褪	tʰəŋ5	～褲子
褫	tsʰɿ3	
褭	ˀȵiɔ3	
褯	ʑia6	
褲	kʰu5	
褳	ˀniɪ̃5	
褶	tsəʔ7	
褻	ɕiəʔ7	
襁	dʑiɪ̃2	
襃	pɔ1	褒古字
襄	ɕiɪ̃1	
襆	poʔ7	
襇	kæ̃3	打～
襖	ˀŋɔ1	棉～
襖	ˀɔ3	新
襟	tɕiŋ1	
襠	tɑŋ1	褲～
襤	ˀnæ̃5	
襤	ˀɭæ̃5	
襦	zu2	
襪	ˀmɑʔ9	
襬	pa3	裠～
襭	ʑiəʔ8	
襯	tsʰəŋ5	
襯	tʃʰyŋ5	幫～
襲	ʑiəʔ8	
襶	tɛ5	褦～：指不聰明，又指臃腫
襻	pæ̃5	～上門
襻	pʰæ̃5	～子，鈕釦；動詞，扣住
西	ɕiⱼ1	
西	ʃyⱼ1	又音，～瓜
要	ˀiɔ1	～求
要	ˀiɔ5	～不～
覃	ʑiŋ2	姓氏
覃	dᵚm̩2	
覆	fu5	～蓋
覆	foʔ7	反～
覈	ɣəʔ8	～對
見	tɕiɪ̃5	
規	kueⁱ1	
覓	ˀmiəʔ9	
視	zɿ6	
覛	ˀmiəʔ9	同覓
親	tɕʰiŋ1	
親	tɕʰiŋ5	～家公
覬	tɕiⱼ5	
覰	tɕʰiⱼ1	～眼；近視眼，本字又作此
覲	dʑiŋ6	
覺	kɔ5	睏～（睡覺）
覺	tɕiɔ5	睡～
覺	koʔ7	～觸
覺	tʃyoʔ7	文
覽	ˀnæ̃3	
覽	ˀɭæ̃3	
覿	diəʔ8	～面
觀	kᵚm̩1	看
觀	kᵚm̩5	道～
角	koʔ7	
觝	tiⱼ3	～觸
解	ka3	～開來；～說；～手；～災
解	ka5	～款；～板
解	tɕia3	～決，文
解	ʑia6	姓氏
解	tɕiɛ3	文
觱	piəʔ7	
觳	kʰoʔ7	
觳	ɣoʔ8	
觸	tsʰoʔ7	
言	ˀȵiɪ̃5	
言	ˀiɪ̃5	又音
訂	tiŋ5	
訃	fu5	
計	tɕiⱼ5	
計	tɕʰiⱼ5	伙～
訊	ʃyŋ5	～堂
訌	ɣoŋ2	
討	tʰɔ3	
訐	tɕiəʔ7	
訓	ʃyŋ5	
訕	sæ̃5	
訖	tɕʰiəʔ7	
託	tʰoʔ7	～付
記	tɕiⱼ5	
訛	ˀŋɤᵚ5	
訝	ɦyo6	老
訞	ˀiɔ1	～言
訟	zoŋ6	～師
訣	tʃyoʔ7	
訥	ˀnəʔ9	
訪	fɑŋ3	造～
訪	fɑŋ5	～問
設	səʔ7	
設	ɕiəʔ7	
許	ʃyⱼ3	
許	xeⁱ3	允諾
訴	su5	
訶	xɤᵚ1	
診	tsəŋ3	門～
診	tsəŋ5	
註	tsu5	～冊
詁	ku5	
詆	tiⱼ3	
詈	ɭiⱼ6	
詐	tʃyo5	
詔	tsɔ5	
評	biŋ2	
詛	tsu3	
詞	zɿ2	
詠	ˀyoŋ3	
詢	ʃyŋ5	
詢	ʒyŋ2	又音
詣	ȵiⱼ6	
試	sɿ5	
詩	sɿ1	
詪	ɡəŋ4	鹵莽，生硬；死心眼兒，不靈活；脾气倔強
詪	ɡəŋ6	～頭～腦
詫	tʃʰyo5	
詬	keⁱ5	
詭	kueⁱ3	
詮	tɕʰiɪ̃1	
詮	tʃʰᶶm̩1	又音
詰	tɕiəʔ7	
話	ɦuo6	
該	kɛ1	
詳	ʑiɪ̃2	
詹	tɕiɪ̃1	姓氏
詼	feⁱ1	又音
詼	kʰueⁱ1	舊讀書音
詼	xueⁱ1	新文讀
誂	diɔ6	
誄	ˀɭeⁱ3	
誅	tsu1	
誆	kʰuɑŋ1	
誆	ɡuɑŋ2	
誇	kʰuo1	
誌	tsɿ5	
認	zəŋ6	
誒	ɕiⱼ1	
誓	zɿ6	賭呪罰～
誕	tæ̃5	又音
誕	dæ̃6	～辰
誖	bəʔ8	
誘	ˀieⁱ3	
誚	tɕʰiɔ5	
語	ˀɲyⱼ3	
語	ɲyⱼ6	動詞
語	ˀyⱼ3	又音
語	ɦyⱼ6	又音
誠	dzəŋ2	
誠	zəŋ2	又音
誡	ka5	白
誡	tɕia5	文讀又音
誡	tɕiɛ5	文
誣	vu2	
誤	ɦu6	
誥	kɔ5	
誦	zoŋ6	朗～
誨	feⁱ5	
誨	xueⁱ3	
說	ʃyeⁱ5	遊～
說	ʃyoʔ7	
說	ˀyoʔ9	人名用字，單字音
說	ɦyoʔ8	人名用字，語流音
誰	ʒyeⁱ2	
課	kʰɤᵚ5	
誹	fiⱼ3	
誼	ȵiⱼ6	
調	diɔ2	～和
調	diɔ6	～動，～換
諂	tɕʰiɪ̃3	
諄	tʃyŋ1	
談	dæ̃2	
諉	ˀueⁱ3	推～
請	tɕʰiŋ3	
諍	tsəŋ5	
諐	tɕʰiɪ̃1	
諑	tsoʔ7	
諒	niɪ̃6	
論	ˀɭəŋ5	～語
論	ɭəŋ6	～文
諛	ˀyⱼ5	
諜	diəʔ8	
諢	vəŋ6	
諢	ɣuəŋ6	
諤	ˀŋoʔ9	
諦	tiⱼ5	
諧	ʑiɛ2	文
諫	tɕiɪ̃5	
諮	tsɿ1	
諱	feⁱ5	
諱	xueⁱ5	
諳	ˀᵚm̩1	
諶	dzəŋ2	姓氏
諷	foŋ5	
諸	tsu1	
諺	ȵiɪ̃6	
諾	ˀnoʔ9	
謀	ˀmeⁱ5	
謁	ˀiəʔ7	
謂	ɦueⁱ6	
謄	dəŋ2	
謅	tseⁱ1	
謇	tɕiɪ̃3	
謊	xuɑŋ3	
謎	ˀmiⱼ5	
謎	miⱼ6	
謎	mɛ6	猜～～子，白
謏	seⁱ5	謱～
謐	ˀmiəʔ9	
謔	ɕiɑʔ7	
謗	pɑŋ5	
謙	tɕʰiɪ̃1	
謚	zɿ6	
講	kɑŋ3	
講	tɕiɑŋ3	文
謝	ʑia6	
謠	ɦiɔ2	
謫	tsəʔ7	
謬	meⁱ6	～論
謬	mieⁱ6	～論，又音
謬	miɔ6	荒～
謱	ˀɭeⁱ1	～謏
謳	ˀeⁱ1	
謳	ˀɤᵚ1	～訣子，口訣
謹	tɕiŋ3	
謾	mæ̃6	
謿	tsɔ1	
譁	ɣuo2	
證	tsəŋ5	
譌	ˀŋɤᵚ5	
譎	tʃyoʔ7	
譏	tɕiⱼ1	
識	tsɿ5	標～
識	səʔ7	
譙	dʑiɔ2	
譚	dᵚm̩2	姓氏
譜	pʰu3	
譟	sɔ5	
警	tɕiŋ3	
譬	pʰi5	～如
譯	ˀiəʔ9	單字音
譯	ɦiəʔ8	句中音
議	ȵiⱼ6	
譱	ʑiɪ̃6	善異體
譴	tɕʰiɪ̃5	
護	ɦu6	
譽	ɦyⱼ6	
讀	deⁱ6	句～
讀	doʔ8	
讁	tsəʔ7	
讃	tsæ̃5	
變	piɪ̃5	
讌	ˀiɪ̃5	同醼
讎	dzeⁱ2	報～
讒	zæ̃2	
讓	ȵiɑŋ6	
讓	zæ̃6	～出來
讕	ˀnæ̃5	
讕	ˀɭæ̃5	
讖	tsʰəŋ5	
讚	tsæ̃5	
谷	koʔ7	山～
谷	ˀyoʔ9	吐～渾，單字音
谷	ɦyoʔ8	吐～渾
谿	tɕʰiⱼ1	
豁	fɑʔ7	～虎跳
豁	xuɑʔ7	～虎跳
豁	foʔ7	又音
豁	xuoʔ7	～然開朗
豆	deⁱ6	
豇	kɑŋ1	～豆
豈	tɕʰiⱼ3	
豉	zɿ2	
豉	zɿ6	
豊	ˀɭiⱼ3	
豌	ˀᵚm̩1	
豎	zu4	
豐	foŋ1	～收
豔	ɦiɪ̃6	
豕	sɿ3	
豚	dəŋ2	
象	ʑiɪ̃6	
豢	væ̃6	又音
豢	ɣuæ̃6	
豩	fæ̃1	（老人身體）硬朗
豩	xuæ̃1	老年人身體硬朗
豪	ɣɔ2	
豫	ɦyⱼ6	
豬	tsu1	
豵	tsoŋ1	～牲，家禽家畜，字有作眾
豸	dzɿ2	
豹	pɔ5	
豺	zɛ2	～狼
貂	tiɔ1	
貅	ɕieⁱ1	
貈	ɣoʔ8	貉異體
貉	ɣoʔ8	一丘之～
貊	ˀməʔ9	
貌	mɔ6	
貌	ˀmoʔ9	一～一樣
貓	ˀmɔ5	～兒
貓	ˀmiɔ5	白
貔	biⱼ2	
貘	ˀməʔ9	
貝	pɛ5	
貞	tsəŋ1	
負	vu6	
財	zɛ2	
貢	koŋ5	
貦	ɦᵚm̩6	
貧	biŋ2	
貨	xɤᵚ3	～隆鎮
貨	xɤᵚ5	
販	fæ̃5	
貪	tʰᵚm̩1	
貫	kᵚm̩5	
責	tsəʔ7	
貯	tsu5	
貳	ɦɛ6	數字大寫
貴	kueⁱ5	
貶	piɪ̃3	
買	ˀma3	
買	ˀmɛ3	做～賣，文
貸	dɛ6	
費	fiⱼ5	～用
費	viⱼ6	姓氏
貼	tʰiəʔ7	
貽	ˀiⱼ5	
貿	meⁱ6	
賀	ɣɤᵚ6	
賁	pəŋ1	～門；姓
賂	ɭu6	
賃	zəŋ6	～房子
賄	feⁱ5	
賄	xueⁱ3	
賅	kɛ1	～多少家私
資	tsɿ1	
賈	ku3	商～
賈	tʃyo3	～寶玉
賉	ʃyoʔ7	
賊	zəʔ8	
賑	tsəŋ5	
賒	sa1	
賓	piŋ1	
賛	tsæ̃5	
賜	tsʰɿ5	
賞	sæ̃3	
賠	bɛ2	
賡	kəŋ1	
賢	ʑiɪ̃2	
賣	ˀma3	
賣	ma6	又讀
賣	mɛ6	做買～
賤	dʑiɪ̃6	文
賤	ʑiɪ̃6	～胎
賦	fu5	
質	tsɿ5	人～
質	tsəʔ7	
賬	tsæ̃5	
賭	tu3	
賭	tu5	因賭气而臉色難看；你批評他，他臉一～，破讀
賴	ɭa6	～帳；抵～
賴	ɭɛ6	文
賴	ɭæ̃6	
賸	dzəŋ6	
賺	dzæ̃4	又音
賺	dzæ̃6	
購	keⁱ5	
賽	sɛ5	
贅	tʃyeⁱ5	
贇	ˀyŋ1	人名用字
贈	dzəŋ6	
贊	tsæ̃5	
贋	ȵiɪ̃6	又音
贋	ŋæ̃6	
贍	ʑiɪ̃6	
贏	ˀyŋ5	
贓	tsɑŋ1	～款
贖	zoʔ8	
贗	ȵiɪ̃6	
贛	kᵚm̩5	
赤	tsʰəʔ7	
赦	sa5	
赧	ˀnæ̃3	
赫	xəʔ7	
赭	tsa3	白
赭	tsɛ3	文
赯	dɑŋ2	
走	tseⁱ3	
赳	tɕieⁱ1	
赴	fu5	
起	tɕʰiⱼ3	
趁	tsʰəŋ5	
超	tsʰɔ1	
越	ˀyoʔ9	單字音
越	ɦyoʔ8	語流音
趒	tʰiɔ5	
趕	kᵚm̩3	
趖	sɤᵚ1	走得快
趙	dzɔ6	
趟	tʰɑŋ5	量詞；～子，田間條播的行列
趣	tʃʰyⱼ5	
趤	dɑŋ6	𧻴～
趨	tʃʰyⱼ1	
足	tsoʔ7	
趴	pʰɤᵚ1	
趵	pɔ5	～突泉
趵	poʔ7	
趼	tɕiɪ̃3	老～
趾	tsɿ3	腳～頭
跀	ˀyoʔ9	單字音
跀	ɦyoʔ8	語流音
跁	bɤᵚ2	～～凳：矮凳
跂	tɕʰiⱼ3	
跂	dʑiⱼ2	
跋	bɑʔ8	
跌	tiəʔ7	
跎	dɤᵚ2	蹉～
跐	tsʰɿ1	
跑	bɔ2	
跛	pɤᵚ3	
距	dʒyⱼ6	
跟	kəŋ1	
跡	tɕiəʔ7	
跤	kɔ1	
跤	tɕiɔ1	
跨	kʰuo5	
跨	ɡuo2	騎跨：～在凳裏；生喫硬～，強買或強佔
跩	tsɛ3	
跪	ɡueⁱ4	
跪	ɡueⁱ6	又音
跬	kʰueⁱ3	
路	ɭu6	
跳	tʰiɔ5	
跺	tɤᵚ5	
跼	dʒyoʔ8	
踃	ɕiɔ1	～地滚
踉	niɪ̃6	
踊	ˀyoŋ3	
踏	dɑʔ8	訓讀作蹋
踐	dʑiɪ̃6	
踐	ʑiɪ̃6	又音
踖	ʑiəʔ8	
踛	ˀɭoʔ9	雙手抓着杆往上爬，本字亦可寫作陸
踟	dzɿ2	
踢	tʰiəʔ7	
踩	tsʰɛ3	
踮	tiɪ̃5	
踱	doʔ8	
踴	ˀyoŋ3	
踵	tsoŋ3	
蹀	diəʔ8	
蹁	biɪ̃2	～韆
蹂	dzeⁱ2	
蹄	diⱼ2	
蹈	dɔ6	
蹉	tsʰɤᵚ1	～跎
蹊	tɕʰiⱼ1	
蹋	dɑʔ8	
蹌	tɕʰiɪ̃1	
蹍	ˀȵiɪ̃3	用腳扭動着踩：～～碎
蹏	diⱼ2	
蹕	piəʔ7	
蹙	tsoʔ7	～眉頭
蹚	tʰɑŋ1	
蹟	tɕiəʔ7	
蹣	bᵚm̩2	
蹤	tsoŋ1	
蹦	poŋ5	～～跳跳
蹩	biəʔ8	～腳
蹬	təŋ1	
蹬	təŋ5	又音
蹭	tsʰəŋ5	
蹱	tsʰoŋ5	頭躘～
蹲	təŋ1	訓作蹾
蹲	zəŋ2	～下去
蹴	tsʰoʔ7	～鞠
蹶	tʃyoʔ7	
蹺	tɕʰiɔ1	～腳二郎腿
蹺	tɕʰiɔ5	～～板
蹻	tɕʰiɔ1	
蹻	dʑiɔ2	他人～不過
蹻	tɕiɑʔ7	瘸：～子
蹼	pʰoʔ7	
蹾	təŋ1	
躁	tsɔ5	發～，暴～
躂	tʰɑʔ7	打滑～
躅	dzoʔ8	
躇	dzu2	
躉	təŋ1	又音
躉	təŋ3	成～
躊	dzeⁱ2	
躋	tɕiⱼ1	
躍	ɦiɔ6	跳～；人名用字，音訓作耀
躍	ɦiɑʔ8	大～進
躑	dzəʔ8	
躕	dzu2	
躘	ˀɭoŋ5	頭～蹱（打奔兒）
躚	ɕiɪ̃1	
躞	ɕiəʔ7	
躡	ˀȵiəʔ9	
躥	tʃʰᶶm̩1	
躨	ɡueⁱ2	
躪	ɭiŋ6	
身	səŋ1	
躬	koŋ1	
躲	tɤᵚ3	
躶	ˀɭɤᵚ3	
躺	tʰɑŋ3	
軀	tʃʰyⱼ1	
車	tʃyⱼ1	象棋用語
車	tsʰa1	
軋	tsɑʔ7	牛～糖，～鋼
軋	ɡɑʔ8	～棉花；擠；被卡住而不能動
軋	ˀŋɑʔ7	又音
軌	kueⁱ1	鐵～
軍	tʃyŋ1	
軑	dɤᵚ2	車～
軒	ɕiɪ̃1	
軛	ˀŋəʔ7	
軟	ˀɲᶶm̩3	
軟	ʒᶶm̩4	指質地本來是硬性的卻顯得軟性
軫	tsəŋ3	
軶	ˀŋəʔ7	
軸	dzoʔ8	
軻	kʰɤᵚ1	
軼	ˀiəʔ9	單字音
軼	ɦiəʔ8	句中音
軾	səʔ7	
較	tɕiɔ5	
載	tsɛ3	一年半～
載	tsɛ5	～重
載	zɛ6	～船，跑～，～腳
輊	tsɿ5	
輒	tsəʔ7	
輓	ˀuæ̃3	
輔	pʰu3	出韻字，又音
輔	fu3	
輔	vu6	又音
輕	tɕʰiŋ1	
輘	ˀɭəŋ5	
輛	ˀniɪ̃3	
輜	tsɿ1	
輝	feⁱ1	又音
輝	xueⁱ1	
輞	vɑŋ4	
輞	vɑŋ6	
輟	tʃyoʔ7	
輥	kuəŋ1	
輦	ˀniɪ̃3	
輦	ˀȵiɪ̃3	又音
輩	pɛ5	
輪	ˀɭəŋ5	
輯	tɕʰiəʔ7	
輳	tsʰeⁱ5	
輸	su1	
輸	su5	～液
輻	foʔ7	
輾	tɕiɪ̃3	
輾	ˀȵiɪ̃3	同碾
輿	ˀyⱼ5	
轂	koʔ7	
轄	xɑʔ7	
轄	ɣɑʔ8	又音
轅	ˀᶶm̩5	
轆	ˀɭoʔ9	
轉	tʃᶶm̩3	～變
轉	tʃᶶm̩5	～圈子
轍	tsʰəʔ7	白
轍	dzəʔ8	
轎	dʑiɔ6	
轔	ˀɭiŋ5	
轗	kʰᵚm̩3	～軻
轟	xoŋ1	
轡	piⱼ5	白
轡	pʰɛ5	文讀又音
轡	pʰeⁱ5	文
辛	ɕiŋ1	
辜	ku1	
辝	zɿ2	
辟	biⱼ6	～邪，字又作避
辟	piəʔ7	復～
辣	ˀɭɑʔ9	
辤	zɿ2	
辦	bæ̃6	
辨	biɪ̃6	
辭	zɿ2	
辮	biɪ̃6	
辯	biɪ̃6	
辰	dzəŋ2	又音，～光
辰	zəŋ2	
辱	zoʔ8	
農	ˀnoŋ5	
迂	ˀyⱼ5	
迄	tɕʰiəʔ7	
迅	ʃyŋ5	
迊	tsɑʔ7	匝本作此
迎	ˀȵiŋ5	
近	dʑiŋ4	
近	dʑiŋ6	又音
迓	ɦyo6	老
返	fæ̃3	
迕	ˀu3	
迢	diɔ2	
迥	tʃyoŋ3	又音
迥	dʒyoŋ6	
迦	tɕia1	
迦	tʃyo1	～葉
迪	diəʔ8	
迫	pəʔ7	老
迫	pʰəʔ7	
迭	diəʔ8	
述	ʒyəʔ8	
迴	ɦueⁱ6	～避
迷	ˀmiⱼ5	
迸	poŋ5	濺：火星朝外～
迸	pəŋ5	
迹	tɕiəʔ7	
迺	nɛ6	
迻	ˀiⱼ5	遷～
追	tʃyeⁱ1	
退	tʰɛ5	
送	soŋ5	
适	kʰuoʔ7	古人名用字
逃	dɔ2	
逅	ɣeⁱ6	
逆	ˀȵiəʔ9	
逍	ɕiɔ1	
透	tʰeⁱ5	
逐	dzoʔ8	
逑	dʑieⁱ2	
途	du2	
逕	tɕiŋ5	
逖	tʰiəʔ7	
逗	deⁱ6	
這	tsəʔ7	
通	tʰoŋ1	
逛	kuɑŋ5	又音
逛	ɡuɑŋ6	又音
逝	zɿ6	
逞	tsʰəŋ3	
速	soʔ7	
造	tsʰɔ5	～訪
造	dzɔ6	～七～八，亂猜亂說
造	zɔ4	起房～屋
造	zɔ6	又音
逡	tʃʰyŋ1	
逢	voŋ2	
連	ˀniɪ̃5	
逮	tɛ3	～住他
逮	dɛ6	～捕
週	tseⁱ1	量詞
進	tɕiŋ5	～來、～去、～門
進	tʃyŋ5	
逵	ɡueⁱ2	
逶	ˀueⁱ1	～迤
逷	tʰiəʔ7	
逸	ˀiəʔ9	單字音
逸	ɦiəʔ8	句中音
逼	piəʔ7	
逾	ˀyⱼ5	
遁	dəŋ6	
遂	ʒyⱼ6	
遂	ʒyeⁱ6	文
遇	ɦyⱼ6	
遊	ˀieⁱ5	
運	ɦyŋ6	
遍	piɪ̃5	
遍	pʰiɪ̃5	一～
過	kɤᵚ1	～頭話；經～
過	kɤᵚ5	～錯
遏	ˀŋoʔ7	又音
遏	ˀuoʔ7	
遐	ʒyo2	老
遒	dʑieⁱ2	
道	dɔ6	
達	dɑʔ8	
違	ˀueⁱ5	
遙	ˀiɔ5	
遛	ˀɭeⁱ5	
遛	ɭeⁱ6	
遜	ʃyŋ5	
遞	diⱼ6	
遟	dzɿ2	
遠	ˀᶶm̩3	
遠	ɦᶶm̩6	避而～之
遢	tʰɑʔ7	邋～
遣	tɕʰiɪ̃3	
遨	ˀŋɔ5	
適	səʔ7	～合
遭	tsɔ1	
遮	tsa1	～瞞
遯	dəŋ6	遁異體
遲	dzɿ2	
遲	zɿ2	又音
遴	ˀɭiŋ5	新
遴	ɭiŋ6	老
遵	tʃyŋ1	
遶	zɔ6	圍～
遷	tɕʰiɪ̃1	
選	ɕiɪ̃3	
選	ʃᶶm̩3	又音
遺	ˀiⱼ5	
遺	ɦueⁱ6	讀書音，理論白讀爲vi²¹²
遼	ˀɭiɔ5	
遽	dʒyⱼ6	
避	biⱼ6	
邀	ˀiɔ1	
邁	ma6	
邁	mæ̃6	又音
邂	ʑia6	
邃	ʃyeⁱ5	
還	ˀɛ5	副詞，～有，又音
還	ˀuɛ5	副詞：～有唻
還	ˀyɛ5	～有，新
還	væ̃2	歸～；副詞，又音
還	ɣuæ̃2	歸～；副詞，又音
還	ˀuæ̃5	歸～，副詞，又音
邇	ˀɛ3	
邈	ˀmiɔ3	
邊	piɪ̃1	
邊	pæ̃1	東～
邋	ˀɭɑʔ9	～遢
邏	ˀɭɤᵚ5	
邑	ˀiəʔ7	
邕	ˀyoŋ1	
邗	ɣᵚm̩2	
邘	ˀyⱼ5	
邢	ʑiŋ2	
那	ˀna3	
邦	pɑŋ1	
邪	ʑia2	
邯	ɣᵚm̩2	
邰	tʰɛ1	
邱	tɕʰieⁱ1	
邳	biⱼ2	
邵	zɔ6	姓氏
邶	bɛ6	
邸	tiⱼ3	
郁	ˀyoʔ7	濃～
郄	tɕʰiəʔ7	
郊	tɕiɔ1	
郎	ˀɭɑŋ5	
郗	tsʰɿ1	
郝	xoʔ7	姓氏
郡	dʒyŋ6	
郤	tɕʰiəʔ7	郄異體，注意與卻字形有別
部	bu6	
郭	kuoʔ7	
郵	ˀieⁱ5	
都	tu1	
鄁	bɛ6	
鄂	ˀŋoʔ9	
鄉	ɕiɪ̃1	
鄒	tseⁱ1	
鄔	ˀu1	
鄙	piⱼ3	卑～
鄙	biⱼ6	～人
鄧	dəŋ6	姓氏
鄭	dzəŋ6	姓氏
鄯	ʑiɪ̃6	
鄰	ˀɭiŋ5	
鄱	bɤᵚ2	
鄲	tæ̃1	
鄺	kuɑŋ3	姓氏
酆	foŋ1	
酈	ˀɭiəʔ9	姓氏
酉	ˀieⁱ3	
酊	tiŋ1	～劑
酊	tiŋ3	酩～
酋	dʑieⁱ2	
酌	tsɑʔ7	
配	pʰɛ5	
酒	tɕieⁱ3	
酗	ʃyⱼ5	
酣	ɣᵚm̩2	
酥	su1	
酩	ˀmiŋ3	
酪	ˀɭoʔ9	
酬	dzeⁱ2	
酯	tsɿ3	
酵	kɔ5	
酵	ɕiɔ5	文，～母菌
酶	ˀmɛ5	
酷	kʰoʔ7	
酸	ʃᶶm̩1	
酹	ɭɛ6	
醃	ˀiɪ̃1	
醃	ɦiɪ̃6	～鹹魚，本字爲鹽，廣韻『以鹽醃也』
醅	pʰɛ1	生～，熟～
醇	ʒyŋ2	
醉	tʃyⱼ5	酒～
醉	tʃyeⁱ5	
醋	tsʰu5	
醍	diⱼ2	
醐	vu2	
醑	ʃyⱼ3	
醒	ɕiŋ3	
醒	ʃyŋ3	白，～覺，睡醒了
醚	ˀmiⱼ5	
醜	tsʰeⁱ3	不～：誇人帥氣
醞	ˀyŋ5	
醢	xɛ3	
醫	ˀiⱼ1	
醬	tɕiɪ̃5	
醭	pʰoʔ7	
醮	tɕiɔ5	（四甲字表記）
醴	ˀɭiⱼ3	
醺	ʃyŋ1	
醻	dzeⁱ2	酬本字
醼	ˀiɪ̃5	宴本字
釀	ȵiɑŋ6	文，醞～
釀	ȵiɪ̃6	酒～
釁	ɕiŋ5	
釅	ȵiɪ̃6	
采	tsʰɛ3	光～
釉	ɦieⁱ6	
釋	səʔ7	
里	ˀɭiⱼ3	幾～
重	dzoŋ2	重複，本字爲緟
重	dzoŋ4	單字音
重	dzoŋ6	
野	ˀia3	
量	ˀniɪ̃5	動詞，～長短
量	niɪ̃6	數～
釐	ˀɭiⱼ5	～米
釐	ɕiⱼ⁴1	
金	tɕiŋ1	
金	tʃyŋ1	～針（菜）
釓	ɡɑʔ8	
釔	ˀiəʔ7	
釕	ˀɭiɔ3	化學元素
釗	tsɔ1	
釘	tiŋ1	名詞
釘	tiŋ5	動詞
釙	pʰoʔ7	
釜	vu6	～㔶
針	tsəŋ1	
釣	tiɔ5	
釤	sæ̃1	
釦	kʰeⁱ1	紐子
釧	tʃʰᶶm̩5	
釩	væ̃2	化學元素
釵	tʃʰyo1	
釷	tʰu3	
釹	ˀɲyⱼ3	
釺	tɕʰiɪ̃1	
鈀	pɤᵚ1	化學元素
鈀	bɤᵚ2	
鈁	fɑŋ1	
鈄	tʰeⁱ3	
鈇	fu1	
鈉	ˀnɑʔ9	
鈉	ˀnəʔ9	又音
鈍	dəŋ6	
鈎	keⁱ1	
鈐	dʑiŋ2	又音
鈐	dʑiɪ̃2	
鈑	pæ̃3	
鈔	tsʰɔ1	
鈔	tsʰɔ3	～票
鈕	ˀȵieⁱ3	姓
鈕	ˀȵiɪ̃3	～襻子，又音
鈞	tʃyŋ1	
鈣	kɛ5	
鈥	xɤᵚ3	
鈦	tʰɛ5	
鈧	kʰɑŋ5	
鈮	ˀȵiⱼ5	
鈰	zɿ6	
鈴	ˀɭiŋ5	
鈷	ku3	
鈸	bɑʔ8	
鈸	boʔ8	鐃～
鈹	biⱼ2	
鈺	ˀɲyoʔ9	人名用字
鈽	pu1	
鈾	ˀieⁱ5	
鈿	diɪ̃2	
鉀	kɑʔ7	
鉀	tɕiɑʔ7	
鉄	dzəʔ8	紩古字
鉅	dʒyⱼ6	
鉈	tʰa1	化學元素
鉋	bɔ2	刨本字
鉋	bɔ6	刨本字
鉍	piəʔ7	
鉑	boʔ8	
鉕	pʰɤᵚ3	
鉗	dʑiɪ̃2	
鉗	ɡæ̃2	箝異體
鉚	ˀmɔ3	又音
鉚	ˀmɔ5	～釘
鉛	kʰæ̃1	
鉝	ˀɭiəʔ9	
鉢	poʔ7	
鉤	keⁱ1	
鉨	ˀȵiⱼ3	化學元素
鉩	ɕiⱼ3	同壐
鉬	ˀmoʔ9	
鉭	tʰæ̃3	
鉳	poʔ7	
鉸	kɔ3	
鉸	tɕiɔ3	文
鉺	ˀɛ3	化學元素
鉺	ɦɛ6	
鉻	koʔ7	
鉿	xa1	化學元素，又音
鉿	xuoʔ7	化學元素
銀	ˀȵiŋ5	
銃	tsʰoŋ5	
銅	doŋ2	
銑	ɕiⱼ3	～牀
銓	tɕʰiɪ̃1	
銓	tʃʰᶶm̩1	又音
銕	tʰiəʔ7	同鐵
銘	ˀmiŋ5	
銚	diɔ6	藥～子（熬中藥用）
銜	ˀŋæ̃5	～頭
銜	ɣæ̃2	嘴裏～个東西
銠	ˀɭɔ3	
銣	zu2	
銥	ˀiⱼ1	
銦	ˀiŋ1	
銨	ˀᵚm̩3	
銩	teⁱ1	
銪	ˀieⁱ3	
銫	səʔ7	
銬	kʰɔ5	
銳	ʃyeⁱ5	又音，尖～
銳	ʒyeⁱ6	
銷	ɕiɔ1	
銹	seⁱ5	又音
銹	ɕieⁱ5	
銻	tʰiⱼ1	化學元素
銼	tsʰɤᵚ5	
銾	koŋ3	
鋁	ˀɭyⱼ3	
鋃	ˀɭɑŋ5	
鋅	ɕiŋ1	
鋇	pɛ5	
鋌	diŋ6	
鋏	tɕiəʔ7	
鋒	foŋ1	
鋟	tɕʰiɪ̃1	刻、彫：～圖章、～花板
鋤	zu2	
鋥	dzəŋ6	
鋦	tʃyoʔ7	
鋦	tʃʰyoʔ7	
鋨	ˀŋɤᵚ5	
鋪	pʰu1	～張
鋪	pʰu5	～板
鋬	pʰæ̃5	器物上用手提的部分
鋯	kɔ5	
鋰	ˀɭiⱼ3	
鋱	tʰəʔ7	
鋸	tʃyⱼ5	
鋼	kɑŋ1	
鋼	kɑŋ5	刀鈍，要～～火
錀	ˀɭəŋ5	化學元素
錁	kʰɤᵚ5	
錄	ˀɭoʔ9	
錇	bɛ2	化學元素
錈	tʃᶶm̩3	刀～口作
錐	tʃyⱼ1	～鑽子
錐	tʃyeⁱ1	文
錒	ˀa1	
錘	dʒyeⁱ2	
錙	tsɿ1	
錚	tsəŋ1	
錛	pəŋ1	
錠	diŋ6	
錢	ʑiɪ̃2	
錦	tɕiŋ3	
錨	ˀmɔ5	拋～
錫	ɕiəʔ7	
錮	ku5	
錯	tsʰɤᵚ5	
錯	tsʰoʔ7	交～，～雜
錳	ˀməŋ3	
錶	piɔ3	
錷	ɡɑʔ8	
錸	ˀɭɛ5	
鍀	təʔ7	
鍁	ɕiɪ̃1	
鍆	ˀməŋ5	
鍇	kʰɛ3	
鍊	niɪ̃6	
鍋	kɤᵚ1	
鍍	du2	又音
鍍	du6	
鍘	zɑʔ8	
鍛	tᵚm̩5	
鍤	tsʰɑʔ7	
鍥	tɕʰiəʔ7	
鍩	ˀnoʔ9	
鍬	tɕʰiɔ1	
鍵	dʑiɪ̃6	
鍶	sɿ1	
鍺	tsa3	又音
鍺	tsʰɛ3	
鍼	tsəŋ1	同針
鍾	tsoŋ1	～意；姓氏
鎂	ˀmɛ3	
鎄	ˀɛ1	
鎇	ˀmiⱼ5	
鎊	pɑŋ5	
鎏	ˀɭeⁱ5	
鎔	ˀyoŋ5	
鎖	sɤᵚ3	
鎗	tɕʰiɪ̃1	
鎘	kəʔ7	
鎚	dʒyeⁱ2	
鎝	tɑʔ7	
鎢	ˀu1	
鎦	ˀɭeⁱ5	～金
鎧	kʰɛ3	
鎩	sɑʔ7	
鎬	kɔ3	洋～
鎬	ɣɔ6	
鎮	tsəŋ1	按壓，讀破
鎮	tsəŋ5	
鎯	ˀɭɑŋ5	～頭
鎳	ˀȵiəʔ9	
鎵	ka1	
鎵	tʃyo1	又音
鎶	kɤᵚ1	
鎿	ˀna5	
鏃	tsoʔ7	
鏇	ʑiɪ̃6	
鏇	ʒᶶm̩2	又音
鏈	niɪ̃6	
鏊	ˀŋɔ5	
鏌	ˀmoʔ9	
鏑	tiəʔ7	
鏖	ˀŋɔ1	
鏗	kʰəŋ1	
鏚	tɕʰiəʔ7	
鏜	dɑŋ2	
鏟	tsʰæ̃3	
鏡	tɕiŋ5	
鏢	piɔ1	訓讀爲鑣
鏢	pʰiɔ1	本音
鏤	ɭeⁱ6	
鏥	seⁱ5	『康熙字典』載鏽、銹本字
鏨	dzæ̃6	
鏨	ʒᶶm̩4	打磨用的鑿子
鏵	ɣuo2	
鏷	boʔ8	
鏽	seⁱ5	又音
鏽	ɕieⁱ5	
鐃	ˀnɔ5	～鈸
鐋	tʰɑŋ1	～鑼
鐍	tʃyoʔ7	
鐐	ˀɭiɔ5	
鐒	ˀɭɔ5	
鐗	tɕiɪ̃3	
鐘	tsoŋ1	鬧～
鐙	təŋ5	
鐠	pʰu3	
鐦	kʰɛ1	
鐧	tɕiɪ̃3	
鐨	fiⱼ5	
鐫	tʃᶶm̩1	
鐮	ˀniɪ̃5	
鐲	dzoʔ8	手～
鐳	ˀɭɛ5	
鐵	tʰiəʔ7	
鐸	doʔ8	
鐺	tɑŋ1	鈴～
鐻	tʃyⱼ5	
鐽	dɑʔ8	
鐾	biⱼ4	刀～～快
鐾	biⱼ6	又音
鐿	ˀiⱼ5	
鑀	ˀɛ5	
鑄	tsu5	
鑊	ɣoʔ8	
鑊	ɣuoʔ8	又音
鑑	tɕiɪ̃5	
鑒	tɕiɪ̃5	
鑔	tsʰɑʔ7	
鑛	kʰuɑŋ5	礦異體
鑞	ˀɭɑʔ9	
鑠	sɑʔ7	
鑣	piɔ1	
鑥	ˀɭu3	
鑪	ˀɭu5	
鑫	ɕiŋ1	
鑭	ˀnæ̃5	化學元素
鑭	ˀɭæ̃5	
鑯	tɕiɪ̃1	尖本字
鑰	ɦiɑʔ8	
鑲	ɕiɪ̃1	
鑷	ˀȵiəʔ9	
鑼	ˀɭɤᵚ5	
鑽	tʃᶶm̩1	動詞，～眼子
鑽	tʃᶶm̩5	名詞，金剛～
鑾	ˀnᵚm̩5	
鑾	ˀɭᵚm̩5	
鑿	tsoʔ7	確～
鑿	zoʔ8	
钁	tʃyoʔ7	
長	tsæ̃3	生～
長	dzæ̃2	～短
門	ˀməŋ5	
閂	sæ̃1	門～
閃	ɕiɪ̃3	
閆	ˀiɪ̃5	
閉	piⱼ5	
開	kʰɛ1	
閏	ʒyŋ6	
閑	ɣæ̃2	
閒	ɣæ̃2	
間	tɕiɪ̃1	文，中～
間	tɕiɪ̃5	～割，文
間	kæ̃1	白，房～；中～
間	kæ̃5	間隔：～天，一行～行
閔	ˀmiŋ3	
閕	ɦiɔ6	門虛掩，稍關。四甲呂四字表均作𡧮，待考
閘	zɑʔ8	訓讀爲牐
閣	koʔ7	
閤	kuoʔ7	
閥	vɑʔ8	
閨	kueⁱ1	
閩	ˀmiŋ3	
閱	ˀyoʔ9	單字音
閱	ɦyoʔ8	語流音
閹	ˀiɪ̃1	
閻	ˀȵiɪ̃5	～羅王，又姓氏
閼	ˀiɪ̃1	
閼	ˀuoʔ7	
闆	pæ̃3	老～
闇	ˀᵚm̩5	
闈	ˀueⁱ5	
闊	kʰuoʔ7	
闋	tʃʰyoʔ7	
闌	ˀnæ̃5	
闌	ˀɭæ̃5	
闐	diɪ̃2	
闔	voʔ8	
闔	ɣuoʔ8	
闕	tʃʰyoʔ7	
闖	tsʰɑŋ3	又音
闖	tsʰɑŋ5	～禍
闖	tʃʰyɑŋ3	訓作搶
闚	kʰueⁱ1	
關	kuæ̃1	
闞	kʰᵚm̩5	
闡	tɕʰiɪ̃3	
闢	pʰiəʔ7	開～
闤	ɡuæ̃2	
闥	tʰɑʔ7	
阜	bu4	～陽
阜	veⁱ6	
阡	tɕʰiɪ̃1	
阪	pæ̃3	
阮	ˀɲᶶm̩3	姓氏
阮	ˀᶶm̩3	又音
阱	tɕiŋ3	新
阱	ʑiŋ6	
防	bɑŋ2	
阻	tsu3	
阿	ˀɤᵚ1	～彌陀佛； ～膠；～諛
阿	ˀɑʔ7	前綴
陀	dɤᵚ2	宅～
陂	biⱼ2	
附	vu6	
陋	ɭeⁱ6	
陌	mɑʔ8	～生
陌	ˀməʔ9	又音
降	kɑŋ5	～旗；霜～
降	ɣɑŋ2	投～
降	tɕiɑŋ5	～落
降	ʑiɑŋ2	～唐，服輸
限	ʑiɪ̃6	文
限	ɣæ̃6	
陛	biⱼ6	
陝	ɕiɪ̃3	
陞	səŋ1	
陡	teⁱ3	
院	ɦᶶm̩6	
陣	dzəŋ6	
除	dzu2	
陪	bɛ2	
陰	ˀiŋ1	
陲	dʒyeⁱ2	
陳	dzəŋ2	
陵	ˀɭiŋ5	
陶	dɔ2	
陷	ʑiɪ̃6	文
陷	ɣæ̃6	
陸	ˀɭoʔ9	
陼	tsu3	
陽	ˀiɪ̃5	
隅	ˀɲyⱼ5	
隆	ˀɭoŋ5	
隈	ˀueⁱ1	
隊	dɛ6	
隋	ʒyeⁱ2	
隍	ˀuɑŋ5	
階	ka1	6
階	tɕia1	文
階	tɕiɛ1	文
隑	kʰɛ5	斜靠，斜躺
隑	ɡɛ6	斜靠，斜躺，又音1
隑	xɛ5	斜靠，斜躺，又音2
隔	kəʔ7	
隔	ɡəʔ8	分隔：房子～成兩間
隕	ˀyŋ3	
隘	ˀɛ5	
隙	ɕiəʔ7	
際	tɕiⱼ5	
障	tsæ̃5	
隣	ˀɭiŋ5	同鄰
隧	ʒyⱼ6	
隧	ʒyeⁱ6	文
隨	ʒyⱼ2	
隨	ʒyeⁱ2	文
險	ɕiɪ̃3	
隰	ʑiəʔ8	
隱	ˀiŋ3	
隴	ˀɭoŋ3	
隶	dɛ6	逮本字
隷	ɭiⱼ6	
隸	ɭiⱼ6	
隹	tʃyeⁱ1	
隻	tsəʔ7	
隼	ʃyŋ3	
雀	tɕiɑʔ7	老花～子（麻雀）
雀	tɕʰiɑʔ7	～斑
雁	ŋæ̃6	
雄	ʒyoŋ2	～黃
雄	ˀyoŋ5	又音，～雄
雅	ˀia3	文
雅	ˀyo3	
集	dʑiəʔ8	又音
集	ʑiəʔ8	
雇	ku5	
雈	ˀᵚm̩5	
雉	dzɿ6	
雋	ʒᶶm̩6	
雌	tsʰɿ1	
雍	ˀyoŋ1	
雕	tiɔ1	
雖	ʃyⱼ1	白
雖	ʃyeⁱ1	文
雙	ʃyɑŋ1	
雛	dzu2	
雛	zu2	又音
雜	zɑʔ8	～亂無章
雞	tɕiⱼ1	
離	ˀɭiⱼ5	～開
離	ɭiⱼ6	～…有多遠
難	ˀnæ̃5	～事
難	næ̃6	災～
雨	ˀyⱼ3	
雩	ˀyⱼ5	
雪	ɕiəʔ7	
雯	vəŋ2	
雰	fəŋ1	
雲	ˀyŋ5	
零	ˀɭiŋ5	
雷	ˀɭɛ5	～陣雨
雹	bɔ6	
電	diɪ̃6	
需	ʃyⱼ1	
霄	ɕiɔ1	
霆	diŋ2	
震	tsəŋ5	
霉	ˀmɛ5	
霍	foʔ7	又音
霍	xuoʔ7	
霎	sɑʔ7	
霏	fiⱼ1	
霑	tɕiɪ̃1	
霓	ˀȵiⱼ5	
霖	ˀɭiŋ5	人名用字
霛	ˀɭiŋ5	同靈
霜	ʃyɑŋ1	
霝	ˀɭiŋ5	
霞	ʑia2	
霞	ʒyo2	老
霧	vu6	～濛濛
霧	ɦu6	
霧	ɦᵚm̩6	汽～水
霪	ˀiŋ5	
霫	ʑiəʔ8	
霰	ɕiɪ̃5	
露	ɭu6	
霸	po5	癩溝～（癩蛤蟆）
霸	pɤᵚ5	又音
霹	pʰiəʔ7	
霽	tɕiⱼ5	
霾	ˀma5	
霾	ˀmɛ5	文
靂	ˀɭiəʔ9	
靄	ˀɛ5	
靈	ˀɭiŋ5	
青	tɕʰiŋ1	
靖	dʑiŋ6	
靖	ʑiŋ6	
靛	diɪ̃6	
靜	dʑiŋ6	
靜	ʑiŋ6	
非	fiⱼ1	
靠	kʰɔ5	
靡	ˀmiⱼ5	
面	miɪ̃6	～子
靦	ˀmiɪ̃3	～腆
靦	tʰiɪ̃3	
靧	xueⁱ5	
靨	ˀiəʔ7	
革	kəʔ7	
靳	tɕiŋ5	
靴	ʃyⱼ1	
靴	ʃyo1	茅～，用蘆花、茅草製作成的靴狀草鞋
靶	pɤᵚ3	
靼	tɑʔ7	
靽	pᵚm̩5	絆異體
鞅	ˀiɪ̃3	
鞋	ɣa2	
鞍	ˀᵚm̩1	
鞏	koŋ3	
鞔	ˀmᵚm̩5	極少數老派有此音，主流多讀爲ᵚm̩，該音節又可讀爲mɯ̃或mɤᵚ或mɤ̃，鞋子裏頭～塊白布
鞔	ˀᵚm̩5	鞋子裏頭～塊白布
鞘	tɕʰiɔ5	
鞝	zæ̃4	～鞋子
鞠	tʃyoʔ7	
鞣	dzeⁱ2	
鞦	tɕʰieⁱ1	
鞭	piɪ̃1	
鞾	ʃyo1	靴本字
韁	tɕiɪ̃1	
韃	tɑʔ7	～子，（舊時指元代蒙古士兵）
韃	tʰɑʔ7	～靼，老
韃	dɑʔ8	～靼，新
韆	tɕʰiɪ̃1	
韈	ˀmɑʔ9	
韋	ˀyⱼ5	姓氏，白讀
韋	ˀueⁱ5	姓氏
韌	zəŋ6	文
韌	ȵiŋ6	
韍	fəʔ7	
韓	ɣᵚm̩2	
韙	ˀueⁱ3	
韙	ɦueⁱ6	又音
韜	tʰɔ1	
韤	ˀmɑʔ9	
韭	tɕieⁱ3	
音	ˀiŋ1	
韶	zɔ2	
韻	ɦyŋ6	
響	ɕiɪ̃3	
頁	ˀiəʔ9	單字音
頁	ɦiəʔ8	句中音
頂	tiŋ3	
頃	tɕʰiŋ3	
項	ɣɑŋ6	
順	zəŋ6	～帶（順便），或讀如字
順	ʒyŋ6	
頇	xᵚm̩1	
須	ʃyⱼ1	
頌	zoŋ6	歌～
預	ɦyⱼ6	
頑	væ̃2	～皮，又音
頑	ɡuæ̃2	～固
頑	ɣuæ̃2	～皮
頑	ˀuæ̃5	又音
頒	pæ̃1	
頓	təŋ5	
頔	diəʔ8	人名用字
頗	pʰɤᵚ1	
領	ˀɭiŋ3	
頜	ɣᵚm̩6	頷又作此
頜	ɣoʔ8	上～
頜	kuoʔ7	～腮，腮幫子
頜	ɣuoʔ8	上齶：上～
頟	ˀŋəʔ9	
頡	ʑiəʔ8	
頤	ˀiⱼ5	
頫	fu3	趙孟～
頭	deⁱ2	
頮	xueⁱ5	
頯	ɡueⁱ2	
頰	tɕiɑʔ7	文
頰	tɕiəʔ7	白
頷	ɣᵚm̩6	
頸	kɑŋ3	頸～
頸	tɕiŋ3	
頹	dɛ2	
頻	biŋ2	
顆	kʰɤᵚ1	
題	diⱼ2	
額	ˀŋəʔ9	～角頭
顎	ˀŋoʔ9	
顏	ˀŋæ̃5	姓氏
顓	tʃᶶm̩1	
願	ɲᶶm̩6	許～，情～
願	ɦᶶm̩6	又音
顙	sɑŋ3	
顚	tiɪ̃1	同顛
顛	tiɪ̃1	
顝	kʰuəʔ7	
類	ɭeⁱ6	
顢	ˀmᵚm̩5	極少數老派有此音，主流多讀爲ᵚm̩，該音節又可讀爲mɯ̃或mɤᵚ或mɤ̃
顢	ˀᵚm̩5	
顥	ɣɔ6	
顧	ku5	
顫	tɕʰiɪ̃3	
顯	ɕiɪ̃3	
顰	biŋ2	
顱	ˀɭu5	
顳	ˀȵiəʔ9	
顴	dʒᶶm̩2	～骨
風	foŋ1	
颬	xa1	～气
颬	xuo1	～口气
颯	sɑʔ7	
颱	dɛ2	～風，普通話借詞
颲	ˀɭiəʔ9	
颶	dʒyⱼ6	
颺	ˀiɪ̃5	
颺	ɦiɪ̃6	～麥
颼	seⁱ1	
飄	pʰiɔ1	
飆	piɔ1	
飈	piɔ1	
飛	fiⱼ1	
飛	ʃyⱼ1	又音
飜	fæ̃1	翻異體
食	zəʔ8	
飢	tɕiⱼ1	～餓
飩	dəŋ2	
飪	zəŋ6	
飭	tsʰəʔ7	
飯	væ̃6	
飲	ˀiŋ3	
飲	ˀiŋ5	～馬
飴	ˀiⱼ5	
飻	tʰiəʔ7	同餮
飼	zɿ2	
飽	pɔ3	
飾	səʔ7	
餁	zəŋ6	
餃	tɕiɔ3	～兒，即～子
餅	piŋ3	
餉	ɕiɪ̃3	同饟
養	ˀiɪ̃3	
養	ɦiɪ̃6	奉～
餌	ɦɛ6	白
餐	tsʰæ̃1	
餑	bəʔ8	
餒	ˀnɛ3	
餓	ŋɤᵚ6	
餘	ˀyⱼ5	
餚	ʑiɔ2	～饌，豐盛的飯菜
餛	ˀuəŋ5	
餞	dʑiɪ̃6	
餡	ɣæ̃6	
館	kᵚm̩3	
餩	ˀiəʔ7	打～
餬	vu2	～張嘴
餬	ɣu2	新派
餮	tʰiəʔ7	饕～
餲	ˀuoʔ7	～粕气
餳	ʑiŋ2	～糖
餵	ˀyⱼ5	～飯，～奶粉
餵	ˀueⁱ5	文
餽	ɡueⁱ6	
餾	ɭeⁱ6	
餿	seⁱ1	
饃	ˀmɤᵚ5	
饅	ˀmᵚm̩5	極少數老派有此音，主流多讀爲ᵚm̩，該音節又可讀爲mɯ̃或mɤᵚ或mɤ̃
饅	ˀᵚm̩5	～頭
饈	ɕieⁱ1	
饉	tɕiŋ3	新
饉	dʑiŋ6	老，饑～
饊	sæ̃3	～子
饋	ɡueⁱ6	
饌	dzæ̃6	
饍	ʑiɪ̃6	同膳
饑	tɕiⱼ1	～荒
饒	zɔ2	另外添加：再～點，～頭肉
饒	ˀȵiɔ5	寬恕：～～他；另外添加：～頭；叫～，討～
饕	tʰɔ1	～餮
饗	ɕiɪ̃3	
饜	ˀiɪ̃5	
饞	zæ̃2	
饟	ɕiɪ̃3	
饢	ˀnɑŋ5	
首	seⁱ3	
馗	ɡueⁱ2	
馘	kuəʔ7	
香	ɕiɑŋ1	新，～煙
香	ɕiɪ̃1	
馞	bəʔ8	
馥	voʔ8	
馨	ɕiŋ1	
馬	ˀmɤᵚ3	
馭	ɦyⱼ6	
馮	voŋ2	姓氏
馮	biŋ2	暴虎～河
馱	dɤᵚ2	
馳	dzɿ2	
馴	ʒyŋ2	
駁	poʔ7	
駐	tsu5	
駑	ˀnɤᵚ5	
駒	tʃyⱼ1	
駔	tsɑŋ3	
駕	tɕia5	
駕	tʃyo5	保～
駙	vu6	
駛	sɿ1	駕～
駝	dɤᵚ2	
駟	sɿ5	
駢	biɪ̃2	
駭	ɣɛ6	
駱	ˀɭoʔ9	
駿	tʃyŋ5	
騁	tsʰəŋ3	
騄	ˀɭoʔ9	人名用字
騎	dʑiⱼ2	
騎	dʑiⱼ6	車～
騐	ȵiɪ̃6	
騖	vu6	又音
騖	ɦu6	
騙	pʰiɪ̃5	
騤	ɡueⁱ2	
騫	tɕʰiɪ̃1	
騭	tsəʔ7	傷陰～
騮	ˀɭeⁱ5	
騰	tʰəŋ1	又音，字又做吞
騰	dəŋ2	
騶	tseⁱ1	
騷	sɔ1	
騸	ɕiɪ̃5	閹割
騽	ˀiəʔ9	人名用字
騽	ɦiəʔ8	人名用字
騾	ˀɭɤᵚ5	～子
驀	ˀməʔ9	
驁	ˀŋɔ5	
驃	piɔ1	黃～馬
驃	biɔ6	～勇，～騎
驅	tʃʰyⱼ1	
驍	ɕiɔ1	
驒	dɤᵚ2	
驕	tɕiɔ1	
驖	tʰiəʔ7	
驗	ȵiɪ̃6	
驚	tɕiŋ1	
驛	ˀiəʔ9	單字音
驛	ɦiəʔ8	句中音
驟	dzeⁱ6	
驢	ˀɭyⱼ5	
驥	tɕiⱼ5	
驪	ˀɭiⱼ5	
骨	kuəʔ7	
骯	ˀɑŋ1	～髒
骰	deⁱ2	～子，色字，一種遊戲用具或賭具
骱	ɡa6	關節：節～；脫～，即脫臼
骷	kʰu1	
骸	ɣɛ2	
骺	ɣeⁱ2	
骼	kəʔ7	
髁	kʰɤᵚ1	
髈	pʰɑŋ3	～肚子，腿肚，腳～
髏	ˀɭeⁱ5	
髑	doʔ8	
髒	tsɑŋ1	
髓	ʃyeⁱ3	文
髓	ʃyŋ3	骨～
體	tʰiⱼ3	
髕	biŋ6	
髖	kʰᵚm̩1	
高	kɔ1	
髣	fɑŋ3	～髴
髦	ˀmɔ5	時～
髫	diɔ2	
髭	tsɿ1	
髮	fɑʔ7	
髯	ˀiɪ̃5	
髴	fəʔ7	髣～
髻	tɕiⱼ5	
髿	ʃyo1	
鬀	tʰiⱼ5	
鬃	tsoŋ1	
鬄	tʰiⱼ5	
鬆	soŋ1	～緊
鬈	dʒᶶm̩2	頭髮～
鬍	ˀu5	～子
鬏	tɕieⁱ1	
鬚	su1	御米～
鬚	ʃyⱼ1	文
鬟	ɡuæ̃2	
鬢	piŋ5	
鬣	ˀɭiəʔ9	
鬥	teⁱ5	～爭
鬧	nɔ6	
鬨	xoŋ5	起～，古典又作「起烘」
鬨	ɣoŋ4	多人圍聚
鬭	teⁱ5	拼合：拼拼～～；湊集：大家～點錢出來；相約（同行或同做某事）
鬮	keⁱ1	抽～，即抓鬮
鬮	tɕieⁱ1	
鬯	tsʰæ̃5	
鬱	ˀyoʔ7	～～蔥蔥
鬲	kəʔ7	
鬲	ˀɭiəʔ9	
鬼	kueⁱ3	
魁	kʰueⁱ1	
魂	ˀuəŋ5	
魄	tʰoʔ7	落～
魄	pʰəʔ7	气～
魅	miⱼ6	
魅	mɛ6	
魍	vɑŋ4	
魍	vɑŋ6	
魎	ˀniɪ̃3	
魏	ɦueⁱ6	
魑	tsʰɿ1	
魔	ˀmɤᵚ5	
魘	ˀiɪ̃3	發～，噩夢中叫起來
魚	ˀɲyⱼ5	
魛	tɔ1	～魚
魬	pæ̃3	～魚
魯	ˀɭu3	
魷	ˀieⁱ5	
鮍	biⱼ2	
鮎	ˀȵiɪ̃1	
鮑	bɔ6	
鮒	bu6	～魚
鮫	kɔ1	
鮮	ɕiɪ̃1	新～
鮮	ɕiɪ̃3	少
鮸	ˀmiɪ̃3	～魚
鯀	kuəŋ1	
鯁	kɑŋ5	
鯁	kəŋ3	
鯉	ˀɭiⱼ3	
鯊	ʃyo1	
鯔	tsɿ1	～魚
鯗	ɕiɪ̃3	
鯚	tɕiⱼ5	～鱸魚（鱖魚）
鯧	tsʰæ̃1	
鯨	dʑiŋ2	
鯰	ˀȵiɪ̃1	
鯽	tɕiŋ5	～魚
鯽	tɕiəʔ7	
鯿	piɪ̃1	～魚
鰂	zəʔ8	鱡又作此
鰍	tɕʰieⁱ1	
鰐	ˀŋoʔ9	
鰓	sɛ1	魚～
鰟	bɑŋ2	
鰣	zɿ2	
鰤	sɿ1	
鰥	kuæ̃1	
鰨	tʰɑʔ7	沙～魚
鰭	dʑiⱼ2	
鰱	ˀniɪ̃5	
鰲	ˀŋɔ5	
鰳	ˀɭəʔ9	
鰵	ˀmiŋ3	
鰷	diɔ2	
鰻	ˀmɤᵚ5	～魚
鰻	ˀmᵚm̩5	極少數老派有此音，主流多讀爲ᵚm̩，該音節又可讀爲mɯ̃或mɤᵚ或mɤ̃
鰻	ˀᵚm̩5	
鰾	pʰiɔ5	
鰾	biɔ6	舊讀書音
鱅	ˀyoŋ1	
鱉	piəʔ7	
鱔	ʑiɪ̃6	
鱖	kueⁱ5	～魚
鱗	ˀɭiŋ5	
鱟	xeⁱ5	虹
鱡	zəʔ8	烏～
鱧	ˀɭiⱼ3	
鱭	ʑiⱼ6	
鱭	ʒyⱼ6	～魚，即鳳尾魚
鱯	ɣuəʔ8	
鱷	ˀŋoʔ9	
鱸	ˀɭu5	
鱺	ˀɭiⱼ5	
鳥	tiɔ3	白，～獸，飛禽
鳥	ˀȵiɔ3	文
鳧	vu2	
鳩	tɕieⁱ1	
鳳	voŋ6	
鳴	ˀmiŋ5	
鳶	ˀᶶm̩1	
鳶	ɦᶶm̩6	
鴇	pɔ3	
鴉	ˀia1	烏～
鴉	ˀŋuo1	魚鷹：老～，烏～；～鵲，喜鵲
鴕	dɤᵚ2	
鴛	ˀᶶm̩1	
鴝	dʒyⱼ2	
鴟	tsʰɿ1	
鴦	ˀiɪ̃1	
鴨	ˀŋɑʔ7	
鴰	kuɑʔ7	
鴻	ɣoŋ2	
鴿	kuoʔ7	
鵑	tʃᶶm̩1	
鵒	ˀyoʔ9	單字音
鵒	ɦyoʔ8	語流音
鵓	bəʔ8	～鴣鴣
鵓	biəʔ8	
鵝	ˀŋɤᵚ5	
鵠	koʔ7	～的
鵠	ɣoʔ8	鴻～
鵡	vu4	
鵡	vu6	又音
鵡	ɦu6	鸚～
鵪	ˀᵚm̩1	
鵬	bəŋ2	
鵮	kæ̃5	言語傷人
鵮	kʰæ̃1	啄
鵲	tɕʰiɑʔ7	
鵷	ˀᶶm̩1	
鶉	ʒyŋ2	
鶣	biɪ̃6	
鶯	ˀiŋ1	
鶱	ɕiɪ̃1	
鶴	ɣoʔ8	
鶿	zɿ2	
鷂	ɦiɔ6	～子
鷄	tɕiⱼ1	
鷓	tsa1	
鷗	ˀeⁱ1	
鷞	ʃyɑŋ3	
鷥	sɿ1	
鷴	ʑiɪ̃2	
鷸	ˀyoʔ9	單字音
鷸	ɦyoʔ8	語流音
鷹	ˀiŋ1	
鷺	ɭu6	
鸕	ˀɭu5	
鸚	ˀɑŋ1	～哥
鸛	kᵚm̩5	
鸜	dʒyⱼ2	
鸝	ˀɭiⱼ5	
鸞	ˀnᵚm̩5	
鸞	ˀɭᵚm̩5	
鹵	ˀɭu3	
鹹	ɣæ̃2	～淡
鹺	zɤᵚ2	
鹻	kæ̃3	鹼異體
鹼	kæ̃3	
鹽	ˀiɪ̃5	
鹽	ɦiɪ̃6	～鹹魚
鹿	ˀɭoʔ9	
麁	tsʰu1	
麂	tɕiⱼ3	
麄	tsʰu1	
麋	ˀmiⱼ5	
麒	dʑiⱼ2	
麓	ˀɭoʔ9	
麗	ˀɭiⱼ6	～水，高～
麗	ɭiⱼ6	美～
麝	za6	～香
麟	ˀɭiŋ5	
麤	tsʰu1	
麥	ˀməʔ9	
麩	fu1	
麪	miɪ̃6	～條
麯	tʃʰyoʔ7	酒～
麴	tʃʰyoʔ7	
麵	miɪ̃6	同麪
麻	ˀmɤᵚ5	
麼	mo	語气詞
麼	ˀmɤᵚ3	幺～
麼	ˀmoʔ9	甚～
麾	xueⁱ1	
黃	fɑŋ1	又音
黃	xuɑŋ1	蛋～，蟹～
黃	ˀuɑŋ5	
黍	su3	
黍	su5	又音
黎	ˀɭiⱼ5	
黏	ˀȵiɪ̃1	白
黏	ˀȵiɪ̃5	
黐	tsʰɿ1	黏
黑	xəʔ7	
黔	dʑiŋ2	又音
黔	dʑiɪ̃2	
默	ˀməʔ9	～寫
黛	dɛ6	
黜	tʃʰyoʔ7	
黝	ˀieⁱ3	
點	tiɪ̃3	
黠	ʑiɑʔ8	
黠	ʑiəʔ8	又音
黢	tʃʰyo1	～～黑
黢	tʃʰyoʔ7	～黑
黨	tɑŋ3	
黯	ˀŋæ̃5	～淡
黯	ˀæ̃5	又音
黴	ˀmɛ5	
黷	doʔ8	
黻	fəʔ7	黼～
黼	fu3	
黽	ˀmiɪ̃3	
黿	ˀɲᶶm̩5	
黿	ˀᶶm̩5	又音
鼂	dzɔ2	
鼃	ˀuo1	
鼈	piəʔ7	
鼉	dɤᵚ2	
鼎	tiŋ3	
鼏	ˀmiəʔ9	同冪
鼐	nɛ6	
鼓	ku3	
鼕	doŋ2	
鼠	tsʰu3	
鼬	ɦieⁱ6	
鼴	ˀiɪ̃3	
鼻	biəʔ8	
鼾	xᵚm̩1	
齁	xeⁱ1	
齅	ɕieⁱ5	嗅本字
齆	ˀoŋ5	鼻塞：～鼻子
齇	tʃyo1	
齈	noŋ6	～鼻子
齉	nɑŋ6	
齊	ʑiⱼ2	～整
齊	ʑiⱼ4	動詞，使之整齊；拏紙頭～～好，破讀
齊	ʒyⱼ2	白
齋	tsa1	做～事
齏	tɕiⱼ1	～花
齒	tsʰɿ3	
齒	sɿ3	馬～莧
齜	tsɿ1	露，～牙齒
齟	ʒyⱼ6	
齡	ˀɭiŋ5	
齣	tʃʰyoʔ7	一～戲
齣	tʃʰyəʔ7	一～戲，又音
齦	ˀȵiŋ5	牙～
齧	ˀȵiəʔ9	
齩	ˀŋɔ1	
齪	tsʰoʔ7	齷～
齬	ˀyⱼ3	
齲	tʃʰyⱼ3	
齶	ˀŋoʔ9	
齷	ˀoʔ7	～齪
齹	tsʰɤᵚ1	～斜，正字又作𪘓
齾	ˀŋɑʔ9	單字音：缺（齒）：～口；缺（口）
齾	ŋɑʔ8	缺（齒）：～口；缺（口）
龍	ˀɭoŋ5	
龐	bɑŋ2	
龑	ˀiɪ̃3	
龔	tʃyoŋ1	姓氏
龕	kʰᵚm̩1	
龜	tɕieⁱ1	～茲
龜	kueⁱ1	
龜	tʃyŋ1	
龢	ɣɤᵚ2	
鿫	ˀɔ5	
鿬	diɪ̃2	
𠂇	tsɤᵚ3	左古字
𠆩	fæ̃5	輕～
𠊧	biŋ6	
𠊱	ɣeⁱ6	
𠊲	dəʔ8	
𠎷	sɑʔ7	
𠎷	zɑʔ8	又音
𠎿	ɕia3	～𠏰，聰明
𠏰	tsa3	𠎿～，聰明
𠑙	tsʰoŋ5	向前突出
𠗶	dɑŋ2	凌～
𠘂	seⁱ1	冷～齁
𠛝	tʃʰyɑŋ5	
𠛪	tʰiɔ1	～草，～刺
𠜱	pʰi1	削
𠜱	pʰi3	又音
𠜻	fəʔ7	又音，將竹篾等劈成更薄的片兒
𠜻	xuəʔ7	將竹篾等劈成更薄的片兒，本又作劃
𠞩	ʃyəʔ7	
𠠃	tɕʰiɪ̃1	切削
𠠎	kuɑŋ5	～㿭：皸裂
𠡒	tɛ3	用力拉拔
𠤎	xuo5	化本字
𠬛	ˀməʔ9	
𠭴	tʃyoʔ7	短～～，～～長，形容物短
𠸶	sɑŋ1	
𠹒	ɣoŋ6	許多人同時發出聲音，呂四字表作鬨，四甲字表作哄
𠼢	dʑiɑŋ2	便宜，俗字
𡁜	ɣɤᵚ4	表驚訝的語气詞
𡇱	kʰoʔ7	擬聲詞
𡇲	ˀna3	
𡎺	tsoʔ7	～瓦，～漏
𡏩	tɛ1	～～坐
𡕒	kʰuo5	
𡚽	xɔ3	姓氏
𡧯	ʑiəʔ8	
𡨥	kʰeⁱ5	
𡮦	zɔ2	肛裏𤎤～（動物內臟）
𡰪	toʔ7	～底
𡲬	dʒyoʔ8	短～～
𡵧	ˀᵚm̩5	
𢒫	ʑiŋ2	尋本字
𢜶	sɔ5	豪～（趕快）
𢧵	ʑiəʔ8	
𢫭	ˀɲyoʔ9	用力揉搓，搋
𢴳	tʰɑŋ1	攩住，字又作攩
𢶍	sɑʔ7	收緊；塞進
𣁳	ɦuɑʔ8	傾：～水，本字暂作𣁳
𣂞	ˀɭɤᵚ3	～頭
𣄸	ɣɤᵚ4	表驚訝的語气詞
𣘖	ɕiɔ1	掀，揭：被子～起來；～到第幾䈎
𣝁	ba2	筏：海蜇～
𣝗	ˀuəʔ9	～子
𣟀	boŋ4	作物生長茂盛：稻長～起來作
𣡸	ˀyoʔ7	同鬱
𣥼	tsu5	『集韻』去聲御韻陟盧切，「～，吳俗謂盛物於器曰～」
𣨛	tʃyoʔ7	
𣩟	təŋ5	㱥～
𣩷	su1	煮爛了
𣰊	ˀɲyɑŋ5	
𣻏	ɕiɔ1	薄
𣻕	ˀmɤᵚ3	
𣻕	ˀmɤᵚ5	
𤃀	ɭiⱼ6	
𤅸	ɦiɪ̃6	～鹹魚
𤈦	ˀmɛ5	～頭（紙煤兒）
𤎤	ˀɭɔ5	肚裏～𡮦
𤒘	toʔ7	熬、燉、煨
𤕤	ʃyɑŋ3	
𤖱	ɣɤᵚ2	～頭
𤙰	dəʔ8	
𤵥	zɔ2	～人（飢餓樣不適）
𤶀	kɔ3	
𤷃	ɕiɪ̃3	癢～
𤸱	ˀuoʔ7	
𤺥	tɑʔ7	
𤼀	su1	乏力：人～
𤾬	ˀmoŋ3	
𤿩	kʰoʔ7	皮殼因乾裂而突起
𤿫	tʰəʔ7	～皮拉膚
𥄉	tɕiɔ1	
𥅻	tsʰoŋ1	
𥅻	tsʰoŋ5	瞌～
𥇙	xuəʔ7	
𥈊	sɑʔ7	眨
𥉻	tɕʰiⱼ1	～眼；近視眼
𥐙	pʰɑʔ7	擬聲詞
𥡜	ˀɭɤᵚ5	黃豆～字，黃豆垛字
𥢵	ˀɭɤᵚ5	𥡜異體
𥣙	zeⁱ4	積聚（錢物）
𥬇	ɕiɔ5	
𥭗	boŋ2	敞～車
𥭚	mɑŋ6	～磚，～障
𥱼	ba2	筏：海蜇～
𥳊	fiⱼ1	蘆～
𥴖	ba2	筏：海蜇～
𥻗	dʒyo2	
𥼡	tsʰu1	～米
𦌟	ˀɭoʔ9	～子，漁具
𦑌	xuəʔ7	擬聲詞
𦔐	ˀyŋ5	同耘
𦚢	ˀia1	手不靈活：～手
𦨈	voʔ8	同服
𦬸	ʒyəʔ8	
𦱒	ˀmoʔ9	苜又作此
𦸝	ɕiəʔ7	
𧘂	tsʰoŋ1	
𧘝	piɔ3	表本字
𧙉	ˀɭiəʔ9	
𧚍	dʑieⁱ2	裘本字
𧝃	tʃyoʔ7	
𧝏	ˀɭiəʔ9	絞
𧝴	toʔ7	一種縫紉方法
𧮫	dʑiɑʔ8	
𧯆	xuoʔ7	
𧸖	dzæ̃6	
𧺣	tsʰoŋ1	急～～
𧻲	ˀŋa5	～食
𧻴	ɭɑŋ6	～趤
𧼮	tʰɑŋ1	攔
𧼰	zɑʔ8	疾走；躥：一隻狗～出來
𧽸	tʃyoʔ7	一～一～
𧿁	ˀyoʔ9	單字音
𧿁	ɦyoʔ8	語流音
𨁗	tʰiŋ3	
𨁽	təʔ7	跺：～腳
𨂝	bæ̃2	涉水：～河過去
𨂞	tʰæ̃5	～下來；～𨂝
𨈭	tʰæ̃1	同聃
𨍰	kʰuoʔ7	擬聲詞
𨐶	fɑʔ7	辣～～（灼痛）
𨐶	xuɑʔ7	辣～～（灼痛）
𨑊	ˀnoŋ3	
𨙅	ˀɲᶶm̩5	
𨞑	ˀoŋ5	～臭（腐水發出來的味兒），呂四字表作䐥
𨠒	fæ̃5	～色
𨧀	du6	
𨨏	pɤᵚ1	
𨫞	zɿ2	鑰～
𨭆	xəʔ7	
𨭎	ɕiⱼ3	
𨵎	ɕiⱼ1	微露縫；～縫
𨷙	zoʔ8	塾異體
𨺬	ka5	
𩀑	ˀyoʔ9	單字音
𩀑	ɦyoʔ8	語流音
𩂣	ˀɭoʔ9	
𩍆	ɕiəʔ7	
𩐅	sɑʔ7	楔子，字又作㪪
𩑦	ˀməʔ9	拏頭～進去
𩑦	ˀuəʔ7	沒入水中，～殺：淹死
𩑸	xɤᵚ1	上～背
𩔈	pʰoʔ7	
𩛎	ˀmᵚm̩3	極少數老派有此音，主流多讀爲ᵚm̩，該音節又可讀爲mɯ̃或mɤᵚ或mɤ̃
𩛎	ˀᵚm̩3	
𩛿	ʑiŋ2	～糖
𩜯	seⁱ1	
𩞬	təŋ5	～食，雞因喫太多而停食
𩠑	tiŋ3	同頂
𩪐	kuəʔ7	
𩲏	xuo5	～鬼
𪉨	tɕʰiɪ̃1	將生蝦等用酒浸漬，再加佐料食之：～蝦
𪎄	boʔ8	
𪏴	tɕiŋ1	～䵑（麪糰等柔軟而富黏性）
𪐏	təʔ7	黏
𪓙	dzɔ2	
𪖵	ˀoŋ5	鼻塞：～鼻子
𪘓	tsʰɤᵚ1	
𪘧	tsʰəʔ7	原書作喫
𪘧	tsʰɿʔ7	又音，原書記做喫
𫭸	xəŋ5	方言字，潮汛；～場，捕魚場所
𬙙	fɑŋ1	步路～
𭳬	ɭiⱼ6	拏水～～乾
