#漢字	音標	解釋#('gan_hy_yx', '岳西話', '岳西', '#8B0000', None, None, '來源：《安徽岳西方言的同音字匯》，“空島。”整理', '21 1 1a 陰平 ꜀,35 2 1b 陽平 ꜁,324 3 2 上 ꜂,,52 5 3a 陰去 ꜄,33 6 3b 陽去 ꜅,213 7 4 入 ꜆', None, None)
□	sai3	
一	i7	
丁	tin1	
七	tɕʰi7	
万	uan6	
丈	ʈʂʰaŋ6	
三	san1	
上	ʂaŋ6	
下	xa6	
不	pu7	
与	ʯ6	
丐	kai5	
丑	ʈʂʰəu3	
專	ʈʂʯan1	
且	tɕʰie3	
丕	pʰi3	
世	ʂʅ5	
丘	tɕʰiəu1	
丙	pin3	
業	ȵie7	
業	ie7	
叢	tsʰoŋ2	
東	toŋ1	
絲	sɿ1	
丟	tiəu1	
兩	liaŋ3	
嚴	ȵiɛn2	
喪	saŋ1	
喪	saŋ5	～气
个	ko5	
丫	ŋa1	
中	ʈʂoŋ1	
中	ʈʂoŋ5	
丰	foŋ1	
串	ʈʂʰʯan5	
臨	lin2	
丹	tan1	
爲	uei2	
爲	uei6	
主	ʈʂʯ3	
丽	li6	
舉	ʈʂʯ3	
乃	nai3	
久	tɕiəu3	
義	ȵi6	
之	ʈʂʅ1	
烏	u1	
乎	xu1	
樂	lo7	
樂	io7	音～
喬	tɕʰiau2	
乖	kuai1	
乘	ʈʂʰən2	
乙	i7	
九	tɕiəu3	
乞	tɕʰi7	
也	ie3	
習	ɕi6	
鄉	ɕiaŋ1	
書	ʂʯ1	
買	mai3	
亂	lon6	
乳	ʯ3	
乾	kon1	
乾	tɕʰiɛn2	
了	liau3	
爭	tsən1	
事	tʰin2	
事	sɿ6	
二	ʐo6	
于	ʯ2	
虧	kʰuei1	
雲	ʯən1	
五	u3	
井	tɕin3	
亞	ia5	
亡	uaŋ2	
交	tɕiau1	
亥	xai6	
產	ʈʂʰan3	
畝	mu3	
享	ɕiaŋ3	
京	tɕin1	
亮	liaŋ6	
親	tɕʰin1	
人	ʐən2	
億	i5	
什	ʂʅ6	
仁	ʐən2	
仆	pʰu7	
仇	ʈʂʰəu2	
今	tɕin1	
介	kai5	
从	tsʰoŋ2	
倉	tsʰaŋ1	
仔	tsai3	牛～裤
他	tʰa1	
仗	ʈʂaŋ5	
付	fu5	
仙	ɕiɛn1	
代	tʰai6	
令	lin6	
以	i3	
儀	ȵi2	
仰	ȵiaŋ3	
件	tɕʰiɛn6	
價	tɕia5	
任	ʐən6	
份	fən6	
仿	faŋ3	
伊	i1	
伍	u3	
伏	fu6	
休	ɕiəu1	
衆	ʈʂoŋ5	
優	iəu1	
伙	xo3	
會	kʰuei6	～计
會	xuei6	
傘	san3	
偉	uei3	
傳	ʈʂʰʯan2	
傳	ʈʂʰʯan6	～记
伢	ŋa2	
傷	ʂaŋ1	
僞	uei3	
伯	pe7	
估	ku3	
伴	pʰon6	
伶	lin2	
伸	ʂən1	
但	tʰan6	
位	uei6	
低	ti1	
低	ti3	
住	ʈʂʰʯ6	
佐	tso3	
佑	iəu6	
體	tʰi3	
何	xo2	
佘	ʂe1	
余	ʯ2	
作	tso7	
你	n̩3	
佣	ioŋ6	
佯	iaŋ2	
佳	tɕia1	
使	sɿ3	
侄	ʈʂʰʅ6	
侉	kʰua3	
例	li6	
供	koŋ1	
供	koŋ5	
依	i1	
側	tsʰe7	
僑	tɕʰiau2	
侮	u3	
侯	xəu2	
侵	tɕʰin1	
便	pʰiɛn2	～宜
便	kin3	
便	pʰiɛn6	
促	tsʰəu7	
俄	ŋo2	
俏	tɕʰiau5	
俗	səu7	
俘	fu2	
保	pau3	
信	ɕin5	
儉	tɕʰiɛn6	
修	ɕiəu1	
俱	ʈʂʰʯ6	
倒	tau3	
倒	tau5	
倔	ʈʂʯe7	
倘	tʰaŋ3	
候	xəu6	
借	tɕie5	
倡	ʈʂʰaŋ5	
倦	ʈʂʰʯan6	
倪	ȵi2	
債	ʈʂai5	
值	ʈʂʰʅ6	
傾	tɕʰin1	
假	tɕia3	
偏	pʰiɛn1	
做	tso5	
停	tʰin2	
健	tɕʰiɛn6	
偶	ŋiəu3	
偷	tʰəu1	
傅	fu5	
傣	tai3	
儲	ʈʂʰʯ2	
催	tsʰei1	
傲	ŋau6	
傻	ʂa3	
像	tɕʰiaŋ6	
僧	tsən1	
僵	tɕiaŋ1	
僻	pʰi7	
儒	ʯ2	
兒	ʐo2	
允	ʯən3	
元	ʯan2	
兄	ɕioŋ1	
充	ʈʂʰoŋ1	
兆	ʈʂʰau6	
先	ɕiɛn1	
光	kuaŋ1	
克	kʰie7	
免	niɛn3	
兌	tei6	
黨	taŋ3	
兜	təu1	
入	ɳʯ7	
全	tɕʰiɛn2	
八	pa7	
公	koŋ1	
六	ləu7	
蘭	lan2	
共	kʰoŋ6	
關	kuan1	
興	ɕin1	
興	ɕin5	
兵	pin1	
其	tɕʰi2	
具	ʈʂʰʯ6	
典	tiɛn3	
兹	tsɿ1	
養	iaŋ3	
兼	tɕiɛn1	
獸	ʂəu5	
內	nei6	
岡	kaŋ5	
冊	tsʰe7	
再	tsai5	
冒	mau6	
軍	ʈʂʯən1	
農	noŋ2	
冠	kon1	
冤	ʯan1	
冬	toŋ1	
馮	foŋ2	
冰	pin1	
冲	ʈʂʰoŋ1	
冲	ʈʂʰoŋ5	
决	ʈʂʯe7	
况	kʰuaŋ5	
冶	ie3	
凍	toŋ5	
淨	tɕʰin6	
準	ʈʂʯən3	
凉	liaŋ2	
凌	lin2	
減	tɕiɛn3	
湊	tsʰəu5	
几	tɕi1	～乎
几	tɕi3	
凡	fan2	
鳳	foŋ6	
凭	pʰin2	
凱	kʰai3	
凰	xuaŋ2	
凳	tən1	
凳	tən5	
凶	ɕioŋ1	
出	ʈʂʰʯ7	
擊	tɕi7	
凼	tʰaŋ6	
函	xon2	
鑿	tsʰo6	
刀	tau1	
刁	tiau1	
分	fən1	
切	tɕʰie7	
刑	ɕin2	
划	xua2	
划	xua6	
列	lie7	
劉	liəu2	
剛	kaŋ1	
創	tsʰaŋ5	
初	tsʰəu1	
刪	ʂan1	
判	pʰon5	
利	li6	
别	pʰie6	
刮	kua7	
到	tau5	
刷	ʂʯa7	
券	ʈʂʯan5	
刺	tsʰɿ5	
刻	kʰie7	
剁	to5	
剃	tʰi5	
削	ɕio7	
前	tɕʰiɛn2	
劍	tɕiɛn5	
剔	tʰi1	
剝	po7	
劇	ʈʂʯ5	
剩	ʂən6	
剪	tɕiɛn3	
副	fu5	
割	ko7	
剿	tɕiau3	
力	li7	
勸	ʈʂʰʯan5	
辦	pʰan6	
功	koŋ1	
加	tɕia1	
劣	lie7	
動	tʰoŋ6	
助	tsʰəu6	
努	nəu3	
劫	tɕie7	
勵	li6	
勁	tɕin5	
勞	lau2	
勢	ʂʅ5	
勇	ioŋ3	
勉	niɛn3	
募	mu6	
勤	tɕʰin2	
勾	kiəu1	
勻	ʯən1	
包	pau1	
匆	tsʰoŋ1	
匈	ɕioŋ1	
化	xua5	
北	pe7	
匙	ʈʂʰʅ2	
匠	tɕʰiaŋ6	
匪	fei3	
匹	pʰi2	
區	ʈʂʰʯ1	
醫	i1	
匾	piɛn3	
十	ʂʅ6	
千	tɕʰiɛn1	
升	ʂən1	
午	u3	
半	pon5	
華	xua2	
卒	tsəu7	
單	tan1	
單	ʂan6	
賣	mai6	
南	non2	
博	po7	
卜	pʰo1	
占	ʈʂan1	
卡	kʰa3	
盧	ləu2	
卦	kua5	
衛	uei6	
卯	mau3	
印	in5	
危	uei2	
即	tɕi7	
卻	tɕʰio7	
卵	lon3	
廠	ʈʂʰaŋ3	
厄	ŋie7	
廳	tʰin1	
历	li7	
厲	li6	
壓	ŋa7	
廁	sɿ1	茅～
廁	tsʰe7	
厚	xəu6	
原	ʯan2	
廂	ɕiaŋ1	
厦	ɕia6	～门
廚	ʈʂʰʯ2	
去	tɕʰi5	
縣	ɕiɛn6	
参	tsʰon1	
参	sən1	人～
又	iəu6	
叉	ʈʂʰa1	
及	tɕi7	
友	iəu3	
雙	ʂʯaŋ1	
反	fan3	
发	fa7	
叔	ʂʯ7	
取	tɕʰi3	
受	ʂəu6	
變	piɛn5	
叛	pʰon5	
疊	tʰie6	
口	kʰiəu3	
古	ku3	
句	ʈʂʯ5	
另	lin6	
叩	kʰiəu5	
只	ʈʂʅ7	
叫	tɕiau5	
召	ʈʂau1	
召	ʈʂʰau6	
叮	tin1	
可	kʰo3	
台	tʰai2	
史	sɿ3	
右	iəu6	
葉	ie7	
號	xau2	
號	xau6	
司	sɿ1	
嘆	tʰan5	
吃	tɕʰi7	
各	ko7	
合	xo6	
吉	tɕi7	
吊	tiau5	
同	tʰoŋ2	
名	min2	
后	xəu6	
吏	li6	
向	ɕiaŋ5	
吕	ʯ3	
君	ʈʂʯən1	
吞	tʰən1	
否	fu3	
含	xon2	
启	tɕʰi3	
吴	u2	
吵	ʈʂʰau3	
吸	ɕi7	
吹	ʈʂʰʯei1	
吻	pʰau2	
吼	xəu3	
呈	ʈʂʰən2	
告	kau5	
員	ʯan2	
周	ʈʂəu1	
味	uei6	
呸	pʰe5	
呼	xu1	
命	min5	
和	xo2	
咒	ʈʂəu5	
咪	mi1	
咬	ŋau3	
咳	kʰie7	
咸	xan2	
哀	ŋai1	
品	pʰin3	
哄	xoŋ3	
哈	xa1	
哉	tsai1	
響	ɕiaŋ3	
啞	ŋa3	
哥	ko1	
哪	na3	
哭	kʰu7	
哼	xən1	
唆	so1	
脣	ʈʂʰʯən2	
唐	tʰaŋ2	
售	ʈʂʰəu6	
唯	uei2	
唱	ʈʂʰaŋ5	
啃	kʰin3	
啄	ʈʂo1	
商	ʂaŋ1	
啼	tʰi2	
喂	uei5	
善	ʂan6	
喉	xəu2	
喊	xan3	
喘	ʈʂʰʯan3	
喜	ɕi3	
喝	xo7	
噴	pʰən1	
噴	pʰən5	
喻	ʯ6	
嗓	saŋ3	
嗽	səu5	
嘉	tɕia1	
囑	ʈʂʯ7	
嘴	tsei1	
器	tɕʰi5	
嚏	tʰi5	
嚷	ʐaŋ3	
嚼	tɕʰio6	
囊	naŋ2	
四	sɿ5	
回	xuei2	
因	in1	
团	tʰon2	
囥	kʰaŋ5	
園	ʯan2	
困	kʰuən5	
圍	uei2	
固	ku5	
國	ko7	
圖	tʰəu2	
圃	pʰu3	
圓	ʯan2	
圈	ʈʂʰʯan1	
土	tʰəu3	
聖	ʂən5	
在	tsʰai6	
地	tʰi6	
場	ʈʂʰaŋ3	
址	ʈʂʅ3	
均	ʈʂʯən1	
坍	tʰan1	
坎	kʰan3	
壞	xuai6	
坐	tsʰo6	
坑	kʰin1	
塊	kʰuai5	
堅	tɕiɛn1	
坛	tʰon2	
墳	fən2	
墜	ʈʂʯei5	
坡	pʰo1	
坤	kʰuən1	鸡你太美
坦	tʰan3	
坪	pʰin2	
坳	ŋau5	
壠	loŋ3	
型	ɕin2	
垠	uei1	
墾	kʰin3	
垮	kʰua3	
埂	kin3	
埋	mai2	
城	ʈʂʰən2	
埠	pʰu5	
基	tɕi1	
堂	tʰaŋ2	
堆	tei1	
堡	pau3	
堤	tʰi2	
堪	kʰon1	
堵	təu3	
塌	tʰa7	
塑	so7	
塔	tʰa7	
塘	tʰaŋ2	
塞	sai1	
塞	sai5	～外
塞	se7	
境	tɕin5	
墓	mu6	
牆	tɕʰiaŋ2	
增	tsən1	
墨	me7	
墩	tən1	
壁	pi7	
壕	xau2	
士	sɿ6	
壯	ʈʂʯaŋ5	
聲	ʂən1	
殼	kʰo7	
壺	xu2	
處	ʈʂʰʯ3	
處	ʈʂʰʯ5	
備	pʰi6	
夏	ɕia6	
外	uai6	
多	to1	
夜	ie6	
够	kiəu5	
大	ta6	
大	tʰai6	～夫
太	tʰai5	
夫	fu1	
央	iaŋ1	
夯	xaŋ1	
失	ʂʅ7	
頭	tʰəu2	
夷	i2	
夾	ka7	
奪	tʰo6	
奈	nai6	
奉	foŋ6	
奮	fən5	
奏	tsəu5	
契	tɕʰi5	
奔	pən1	
獎	tɕiaŋ3	
套	tʰau5	
奠	tiɛn5	
奧	ŋau5	
女	ɳʯ3	
奴	nəu2	
奶	nai1	祖母
奶	nai3	
好	xau3	
好	xau5	
如	ʯ2	
妃	fei1	
妄	uaŋ6	
妝	ʈʂʯaŋ1	
婦	fu6	
媽	ma1	
妓	tɕʰi6	
妖	iau1	
妙	miau6	
妥	tʰo3	
妨	faŋ2	
妹	mei6	
妻	tɕʰi1	
妾	tɕʰie7	
姆	mu3	
姊	tsɿ3	
始	ʂʅ3	
姐	tɕie3	
姑	ku1	
姓	ɕin5	
委	uei3	
姚	iau2	
姜	tɕiaŋ1	
姨	i2	
姻	in1	
姿	tsɿ1	
姿	tsʰɿ2	
威	uei1	
嬌	tɕiau1	
娘	ȵiaŋ2	
娛	ʯ2	
婆	pʰo2	
婊	piau3	
婚	xuən1	
嬰	in1	
嬸	ʂən3	
媒	mei2	
媳	ɕi7	
嫁	ka5	
嫂	sau3	
嫌	ɕiɛn2	
嫖	pʰiau2	
嫩	lən6	
嬉	ɕi3	
子	tsɿ3	
孔	kʰoŋ3	
孕	ʯən6	
字	tsʰɿ6	
存	tsʰən2	
孫	sən1	
孝	ɕiau5	
孟	ʯ2	
孟	moŋ6	
季	tɕi5	
孤	ku1	
學	ɕio6	
孩	xai2	
孬	nau1	
孽	ȵie7	
宅	ʈʂʰai6	
宇	ʯ3	
守	ʂəu3	
安	ŋon1	
宋	soŋ5	
完	xon2	
宏	xoŋ2	
宗	tsoŋ1	
官	kon1	
宙	ʈʂʰəu6	
定	tʰin6	
宜	ȵi2	
寶	pau3	
實	ʂʅ6	
寵	ʈʂʰoŋ3	
審	ʂən3	
客	kʰie7	
宣	ɕiɛn1	
室	ʂʅ7	
宮	koŋ1	
宰	tsai3	
害	xai6	
宴	iɛn5	
宵	ɕiau1	
家	ka1	
容	ioŋ2	
寬	kʰon1	
賓	pin1	
宿	səu7	
寄	tɕʰi2	
寄	tɕi5	
寅	in2	
寇	kʰiəu5	
富	fu5	
寒	xon2	
寓	ʯ3	
寢	tɕʰin3	
寞	mo7	
察	ʈʂʰa7	
寡	kua3	
寨	ʈʂʰai6	
寸	tsʰən5	
對	tei6	
寺	sɿ6	
尋	tɕʰin2	
導	tʰau6	
壽	ʂəu6	
封	foŋ1	
射	ʂe6	
將	tɕiaŋ1	～军
將	tɕiaŋ5	
尊	tsən1	
小	ɕiau3	
少	ʂau3	
少	ʂau5	
尖	tɕiɛn1	
尘	ʈʂʰən2	
尚	ʂaŋ6	
嘗	ʂaŋ2	
尤	iəu2	
堯	ȵiau2	
就	tɕʰiəu6	
屍	ʂʅ1	
尹	in3	
尺	ʈʂʰʅ7	
尼	ȵi2	
尽	tɕʰin6	
尾	uei3	
尿	ȵiau6	
局	ʈʂʯ7	
屁	pʰi5	
層	tsʰən2	
屄	pi1	
居	ʈʂʯ1	
屈	ʈʂʰʯ7	
屉	tʰi5	
屆	kai5	
屋	u7	
屌	tiau3	
屎	ʂʅ3	
屏	pʰin2	
展	ʈʂan3	
屬	ʂʯ7	
屠	tʰəu2	
屯	tʰən2	
山	ʂan1	
歲	sei5	
豈	tɕʰi2	
岑	tsʰən2	
岔	ʈʂʰa5	
崗	kaŋ3	
島	tau3	
岭	lin3	
岳	io7	
岸	ŋon6	
峽	ɕia7	
峯	foŋ1	
崔	tsʰei1	
崖	ŋai2	
崩	pən1	
崽	tsai3	
嵌	kʰan5	
嶙	lin2	
川	ʈʂʰʯan1	
州	ʈʂəu1	
巡	ʂʯən2	
巢	ʈʂʰau2	
工	koŋ1	
左	tso3	
巧	tɕʰiau3	
鞏	koŋ3	
巫	u1	
差	tsʰɿ1	参～
差	ʈʂʰa1	
差	ʈʂʰai1	出～
己	tɕi3	
已	i3	
已	tsʰɿ6	
巴	pa1	
巷	xaŋ6	
巾	tɕin1	
幣	pʰi6	
市	ʂʅ6	
布	pu5	
帥	ʂʯai5	
帆	fan1	
師	sɿ1	
希	ɕi1	
帳	ʈʂaŋ5	
帖	tʰie7	
帚	ʈʂəu3	
帝	ti7	
帶	tai1	
帶	tai5	
席	ɕi6	
幫	paŋ1	
常	ʈʂʰaŋ2	
帽	mau6	
幕	mu6	
平	pʰin2	
年	ȵiɛn2	
并	pin5	
幸	ɕin6	
幽	iəu1	
廣	kuaŋ3	
莊	ʈʂʯaŋ1	
慶	tɕʰin5	
牀	ʈʂʰʯaŋ2	
序	ɕi6	
廬	ləu2	
庫	kʰu5	
應	in5	
廟	miau6	
庚	kin1	
府	fu3	
龐	pʰaŋ2	
廢	fei5	
度	tʰəu6	
座	tsʰo6	
庭	tʰin2	
庵	ŋon1	
康	kʰaŋ1	
庸	ioŋ1	
廉	liɛn2	
廊	laŋ2	
延	iɛn2	
廷	tʰin2	
建	tɕiɛn5	
開	kʰai1	
异	i6	
弃	tɕʰi5	
弄	noŋ6	
弄	loŋ6	
弊	pi5	
式	ʂʅ5	～样
弓	koŋ1	
引	in3	
弟	tʰi6	
張	ʈʂaŋ1	
弦	ɕiɛn2	
彎	uan1	
弱	ʐo7	
彈	tʰan2	
彈	tʰan6	
强	tɕʰiaŋ2	
强	tɕʰiaŋ3	
歸	kuei1	
當	taŋ1	
當	taŋ5	
录	ləu7	
形	ɕin2	
彩	tsʰai3	
彪	piau1	
彭	pʰən2	
影	in3	
徹	ʈʂʰe7	
彼	pi3	
往	uaŋ3	
征	ʈʂən1	
徑	tɕin5	
待	tai1	
很	xən3	
律	li7	
徐	tɕʰi2	
徒	tʰəu2	
得	te7	
微	uei2	
德	te7	
徽	xuei1	
心	ɕin1	
必	pi7	
憶	i5	
忍	ʯən3	
志	ʈʂʅ5	
忘	uaŋ6	
忙	maŋ1	
忠	ʈʂoŋ1	
憂	iəu1	
快	kʰuai5	
念	ȵiɛn6	
懷	xuai2	
態	tʰai6	
怎	tsən3	
怒	nəu6	
怕	pʰa5	
憐	liɛn2	
思	sɿ1	
怠	tai6	
急	tɕi7	
性	sən1	
性	ɕin5	
怨	ʯan5	
怪	kuai5	
怯	tɕʰie7	
總	tsoŋ3	
恐	kʰoŋ3	
恆	xən2	
恕	ʂʯ5	
恢	xuei1	
恨	xən6	
恩	ŋin1	
恭	koŋ1	
息	ɕi7	
恰	ɕi7	
恰	ko7	
懇	kʰin3	
恶	u5	
恶	uo7	
惱	nau3	
悄	tɕʰiau1	
悔	xuei5	
悟	u5	
悠	iəu1	
懸	ʂʯan2	
悲	pei1	
情	tɕʰin2	
驚	tɕin1	
惑	xo6	
慘	tsʰon3	
愜	tɕʰie7	
慚	tsʰan2	
慣	kuan5	
惰	tʰo6	
想	ɕiaŋ3	
惹	ʯe3	
愁	tsʰəu2	
愉	ʯ2	
意	i5	
愚	ʯ2	
感	kon3	
愧	kʰuei5	
願	ʯan6	
慈	tsʰɿ2	
慌	xuaŋ1	
慰	uei5	
慷	kʰaŋ1	
憋	pie7	
懂	toŋ3	
懈	ɕiai6	
懊	ŋau5	
懶	lan3	
戈	ko1	
戊	u6	
戌	ɕi7	
戲	ɕi5	
成	ʈʂʰən2	
我	ŋo3	
戒	kai5	
或	xo6	
戰	ʈʂan5	
戚	tɕʰi7	
截	tɕie7	
戮	ʈʂʰo7	
戴	tai5	
戶	xu6	
房	faŋ2	
所	so3	
扁	piɛn3	
扇	ʂan5	
手	ʂəu3	
才	tsʰai2	
扎	ʈʂa7	
扑	pʰu7	
扒	pa1	
扒	pʰa2	～手
打	ta3	
托	tʰo7	
扛	kʰaŋ2	
扣	kʰiəu5	
執	ʈʂʅ7	
擴	kʰo7	
掃	sau5	
揚	iaŋ2	
扯	ʈʂʰe3	
擾	ʐau3	
扳	pan1	
扶	fu2	
批	pʰi1	
找	ʈʂau3	
承	ʈʂʰən2	
技	tɕʰi6	
抄	ʈʂʰau1	
把	pa3	
抓	ʈʂʯa1	
投	tʰəu2	
抖	təu3	
抗	kʰaŋ5	
抛	pʰau1	
摳	kʰiəu1	
搶	tɕʰiaŋ3	
護	xu6	
報	pau5	
披	pʰi1	
抬	tʰai2	
抱	pʰau6	
抵	ti3	
抹	ma7	
押	ia7	
抽	ʈʂʰəu1	
抿	min3	
擔	tan1	
擔	tan5	
拆	ʈʂʰe7	
拇	mu3	
拉	la1	
拌	pʰon6	
拍	pʰe7	
拎	lin1	
拐	kuai3	
拔	pʰa6	
拖	tʰo1	
拗	ŋau5	
拘	ʈʂʯ1	
招	ʈʂau1	
拜	pai5	
擬	ȵi3	
攏	loŋ3	
攔	lan2	
撥	po7	
撥	pʰo7	
擇	tsʰe7	
拱	koŋ3	
拳	ʈʂʰʯan2	
拼	pʰin1	
拽	ʈʂʯai5	
拾	ʂʅ6	
拿	na2	
持	ʈʂʰʅ2	
挂	kua5	
指	ʈʂʅ3	
按	ŋon5	
挑	tʰiau1	
挖	ua7	
撓	nau2	
擋	taŋ3	
擠	tɕi3	
揮	xuei1	
挨	ŋai1	
振	ʈʂən5	
挺	tʰin3	
挽	uan3	
捆	kʰuən3	
捉	ʈʂo7	
捏	ȵie7	
捐	ʈʂʯan1	
捕	pʰu3	
撈	lau1	
損	sən3	
換	xon6	
搗	tau3	
捧	pʰoŋ3	
据	ʈʂʯ5	
捶	ʈʂʰʯei2	
捷	tɕie7	
捺	na7	
掀	ɕiɛn1	
掇	to7	
授	ʂəu6	
掉	tiau5	
掌	ʈʂaŋ3	
掏	tʰau1	
掐	kʰa7	
排	pʰai2	
探	tʰon5	
接	tɕie7	
控	tɕʰiaŋ1	
控	kʰoŋ5	
推	tʰei1	
推	uei2	
掩	iɛn2	
掩	iɛn3	
措	tsʰo5	
掰	pai1	
擲	ʈʂʅ7	
撣	tan3	
提	tʰi2	
握	ŋai2	
握	u7	
揣	ʈʂʰʯai1	
揪	tɕiəu1	
援	ʯan2	
攬	lan3	
攙	ʈʂʰan1	
擱	ko7	
摟	ləu1	
搓	tsʰo1	
搜	səu1	
搞	kau3	
搬	pon1	
搽	ʈʂʰa2	
摆	pai3	
摇	iau2	
攤	tʰan1	
摔	ʂʯai1	
摘	ʈʂe7	
摸	mo1	
摺	ʈʂe7	
撂	liau6	
撇	pʰie7	
撑	tsʰən1	
撒	sa3	
撒	sa7	
撕	sɿ1	
撞	ʈʂʰʯaŋ3	
撩	liau2	
撮	tso7	
擀	kon3	
操	tsʰau1	
擦	tsʰa7	
攢	tsan5	
攘	ʐaŋ3	
支	ʈʂʅ1	
收	ʂəu1	
改	kai3	
攻	koŋ1	
放	faŋ5	
政	ʈʂən5	
故	ku5	
效	ɕiau6	
敵	ti7	
敏	min3	
救	tɕiəu5	
敖	ŋau2	
教	tɕiau1	
教	tɕiau5	
斂	liɛn5	
敝	pi5	
敞	ʈʂʰaŋ3	
敢	kon3	
散	san3	
散	san5	
敬	tɕin5	
數	səu3	
數	səu5	
敲	kʰo7	
整	ʈʂən3	
敷	fu1	
文	uən2	
斋	ʈʂai1	
斑	pan1	
斗	təu3	
料	liau6	
斟	ʈʂən1	
斡	kon5	
斤	tɕin1	
斥	ʈʂʰʅ5	
斧	fu3	
斬	ʈʂan3	
斷	tʰon6	
斯	sɿ1	
新	ɕin1	
方	faŋ1	
施	ʂʅ1	
旁	pʰaŋ2	
旅	ʯ3	
旋	ɕiɛn6	
族	tsʰəu6	
旗	tɕʰi2	
无	u2	
日	ʐʅ7	
旦	tan5	
舊	tɕʰiəu6	
早	tsau3	
旬	ɕin2	
旱	xon6	
時	ʂʅ2	
旺	uaŋ6	
昆	kʰuən1	
昌	ʈʂʰaŋ1	
明	min2	
昏	xuən1	
易	i6	
昔	ɕi7	
星	ɕin1	
映	in5	
春	ʈʂʰʯən1	
昨	tsʰo7	
是	ʂʅ6	
晝	ʈʂəu5	
顯	ɕiɛn3	
晃	ʈʂʰau2	
晃	xuaŋ5	
晉	tɕin5	
晏	ŋan5	
曬	ʂai5	
曉	ɕiau3	
暈	ʯən6	
晚	uan3	
晨	ʈʂʰən2	
普	pʰu3	
景	tɕin3	
晴	tɕin1	
晶	tɕin1	
智	ʈʂʅ5	
暫	tsʰan6	
暑	ʂʯ3	
暖	non3	
暗	ŋon5	
暴	pʰau6	
更	kin1	
更	kin5	
曹	tsʰau2	
曾	tsən1	
曾	tsʰən2	
替	tʰi5	
最	tsei5	
最	se7	
月	ʯe7	
有	iəu3	
朋	pʰoŋ2	
服	lo2	
服	fu6	
朗	laŋ3	
望	uaŋ6	
朝	ʈʂau1	
朝	ʈʂʰau2	
期	tɕʰi1	
朦	moŋ1	
木	mu7	
未	uei6	
末	mo7	
本	pən3	
札	ʈʂa7	
术	ʂʯ7	
朱	ʈʂʯ1	
朴	pʰu7	
機	tɕi1	
朽	ɕiəu3	
殺	ʂa7	
雜	tsa7	
權	ʈʂʰa1	
權	ʈʂʰʯan2	
杆	kon3	
杉	ʂa1	
李	li3	
李	tɕi5	
杏	ɕin6	
材	tsʰai2	
村	tsʰən1	
杖	ʈʂʰaŋ6	
束	ʂʯ7	
杠	kaŋ5	
條	tʰiau2	
來	lai2	
楊	iaŋ2	
杭	xaŋ2	
杯	pei1	
杰	tɕʰie6	
松	soŋ1	
板	pan3	
構	kiəu5	
枇	pʰi2	
析	ɕi7	
枕	ʈʂən3	
林	lin2	
果	ko3	
枝	ʈʂʅ1	
樅	tsoŋ1	～阳
樞	ŋiəu5	
棗	tsau3	
槍	tɕʰiaŋ1	
楓	foŋ1	
枯	kʰu1	
架	ka5	
柄	pin5	
柏	pe7	
柑	kon1	
染	ʯan3	
柔	ʐəu2	
查	ʈʂa1	
柱	ʈʂʰʯ6	
柳	liəu3	
柴	ʈʂʰai2	
柿	tsʰɿ6	
標	piau1	
棟	toŋ5	
欄	lan2	
樹	ʂʯ6	
栓	ʂʯan1	
校	ɕiau6	
樣	iaŋ6	
核	xe6	
根	kin1	
格	kie7	
栽	tsai1	
桂	kuei5	
桃	tʰau2	
桅	ʈʂʅ1	
桅	uei2	
框	kʰuaŋ1	
案	kʰo1	
案	ŋon5	
桌	ʈʂo7	
桑	saŋ1	
桔	ʈʂʯ7	
檔	taŋ1	
橋	tɕʰiau2	
槳	tɕiaŋ3	
梁	liaŋ2	
梅	mei2	
梓	tsɿ3	
梗	kin3	
夢	moŋ6	
梨	li2	
梭	so1	
梯	tʰi1	
梳	səu1	
檢	tɕiɛn3	
棉	niɛn2	
棋	tɕʰi2	
棍	kuən5	
棒	paŋ5	
棕	tsoŋ1	
棚	pʰoŋ2	
棠	tʰaŋ2	
森	sən1	
棵	kʰo1	
棺	kon1	
椅	i3	
植	ʈʂʰʅ6	
椒	tɕiau1	
椽	ʈʂʰʯan2	
椿	ʈʂʰʯən1	
楚	tsʰəu3	
楷	kʰai3	
樓	ləu2	
概	kʰai5	
榜	paŋ3	
榨	ʈʂa5	
榴	liəu2	
榻	tʰa7	
槐	xuai2	
槽	tsʰau2	
樟	ʈʂaŋ1	
模	mu2	
模	mo2	
橫	xuən2	
橫	xuaŋ2	
櫻	in1	
樵	tɕʰiau2	
橘	ʈʂʯ7	
橙	ʈʂʰən2	
橡	ɕiaŋ6	
檀	tʰan2	
欠	tɕʰiɛn5	
次	tsʰɿ5	
歡	xon1	
欣	ɕin1	
歐	ŋiəu1	
欺	tɕʰi1	
款	kʰon3	
歉	tɕʰiɛn5	
歌	ko1	
止	ʈʂʅ3	
正	ʈʂən1	
正	ʈʂən5	
此	tsʰɿ3	
步	pʰu6	
武	u3	
歪	uai1	
歹	tai3	
死	sɿ3	
殃	iaŋ1	
殊	ʈʂʯ1	
殊	ʈʂʰʯ2	
殘	tsʰan2	
毆	ŋiəu1	
殷	in1	
毁	xuei3	
毅	ȵi6	
母	mu3	
每	mei3	
毒	tʰəu6	
比	pi3	
畢	pi7	
斃	pi5	
毛	mau2	
毫	xau2	
毯	tʰan3	
氏	ʂʅ6	
民	min2	
氓	maŋ1	
气	tɕʰi5	
水	ʂʯei3	
永	ʯən3	
汁	ʈʂʅ7	
求	tɕʰiəu2	
汇	xuei6	
漢	xon5	
汗	xon6	
江	tɕiaŋ1	
污	u1	
湯	tʰaŋ1	
汪	uaŋ1	
汰	tʰai1	
汽	tɕʰi5	
沈	ʂən3	
沉	ʈʂʰən2	
沓	tʰa7	
沙	ʂa1	
溝	kiəu1	
沒	mu7	
淪	kon1	
沰	to7	
河	xo2	
油	iəu2	
治	ʈʂʰʅ6	
沿	iɛn2	
泉	tɕʰiɛn2	
法	fa7	
泛	fan5	
泡	pʰau5	
波	po1	
泥	ȵi2	
注	ʈʂʯ5	
淚	lei6	
泰	tʰai5	
澤	tsʰe7	
潔	tɕie7	
洋	iaŋ2	
洒	sa3	
洗	ɕi3	
洛	lo7	
洞	tʰoŋ6	
津	tɕin1	
洪	xoŋ2	
洲	ʈʂəu1	
活	xue6	
派	pʰai5	
流	liəu2	
淺	tɕʰiɛn3	
漿	tɕiaŋ1	
澆	tɕiau1	
濟	tɕi5	
渾	xuən2	
滸	xu3	
濃	ȵioŋ2	
浙	ʈʂe7	
浩	xau5	
浪	laŋ6	
浮	fu2	
海	xai3	
浸	tɕin5	
涅	ȵie7	
消	ɕiau1	
濤	tʰau2	
漲	ʈʂaŋ5	
澀	se7	
淋	lin2	
淌	tʰaŋ3	
淘	tʰau2	
淡	tʰan6	
淫	in2	
淮	xuai2	
深	ʂən1	
混	xuən6	
淹	ŋan1	
清	tɕʰin1	
淵	ʯan1	
漸	tɕʰiɛn6	
漁	ʯ2	
滲	ʂən5	
渠	ʈʂʰʯ2	
渠	kʰie2	他
渡	tʰəu6	
渣	ʈʂa1	
溫	uən1	
港	kaŋ3	
渴	kʰo7	
游	iəu2	
湃	pʰai5	
湖	xu2	
湘	ɕiaŋ1	
灣	uan1	
溼	ʂʅ7	
潰	kʰuei5	
源	ʯan2	
溜	liəu1	
溪	tɕʰi1	
溶	ioŋ2	
滁	ʈʂʰʯ2	
滑	xua6	
滔	tʰau1	
滾	kuən3	
滯	ʈʂʅ5	
滿	mon3	
濫	lan6	
灘	tʰan1	
滴	ti5	
漂	pʰiau1	
漂	pʰiau3	
漂	pʰiau5	
漆	tɕʰi7	
漏	ləu6	
演	iɛn3	
漠	mo7	
漫	mon6	
漱	səu5	
潘	pʰon1	
潛	tɕʰiɛn2	
潭	tʰon2	
潮	ʈʂʰau2	
澎	pʰən2	
澡	tsau3	
激	tɕi7	
灌	kon5	
火	xo3	
滅	mie7	
燈	tən1	
灰	xuei1	
靈	lin2	
竈	tsau5	
災	tsai1	
燦	tsʰan5	
爐	ləu2	
炊	ʈʂʰʯei1	
炎	iɛn2	
炕	kʰaŋ5	
炖	tən5	
炭	tʰan5	
炮	pʰau5	
炸	ʈʂa5	
點	tiɛn3	
炼	liɛn6	
爛	lan6	
烈	lie7	
烘	xoŋ1	
烙	lo7	
燭	ʈʂʯ7	
烟	iɛn1	
煩	fan2	
燒	ʂau1	
燙	tʰaŋ5	
熱	ʯe7	
烹	pʰən1	
烽	foŋ1	
焊	xon6	
燜	mən6	
焦	tɕiau1	
焰	iɛn6	
然	ʯan2	
煌	xuaŋ2	
煞	ʂa7	
煤	mei2	
照	ʈʂau5	
煮	ʈʂʯ3	
熊	ɕioŋ2	
熏	ʂʯən1	
熟	ʂʯ6	
熬	ŋau2	
燕	iɛn5	
燥	tsau5	
爪	ʈʂʯa3	
爪	ʈʂau3	
爬	pʰa2	
愛	ŋai5	
父	fu6	
爺	ie2	
爸	pa1	
爹	tie1	
爽	ʂʯaŋ3	
片	pʰiɛn5	
版	pan3	
牌	pʰai2	
牙	ŋa2	
牛	ȵiəu2	
牢	lau2	
牧	mu7	
物	ue7	
牽	tɕʰiɛn1	
特	tʰie6	
犧	ɕi1	
犁	li2	
犬	ʈʂʰʯan3	
犯	fan6	
狀	ʈʂʰʯaŋ6	
猶	iəu2	
狂	kʰuaŋ2	
狐	xu2	
狗	kiəu3	
狠	xən3	
獨	tʰəu6	
狹	ɕia7	
獅	sɿ1	
獄	iəu7	
狸	li2	
狼	laŋ2	
獵	lie7	
猛	moŋ3	
猜	tsʰai1	
猝	tsʰəu7	
豬	ʈʂʯ1	
貓	mau1	
貓	miau2	
獻	ɕiɛn5	
猴	xəu2	
猾	xua6	
獾	xon1	
玄	ʂʯan2	
率	ʂʯai5	
率	li7	
玉	ʯ6	
王	uaŋ2	
環	xon2	
現	ɕiɛn6	
珍	ʈʂən1	
珠	ʈʂʯ1	
班	pan1	
球	tɕʰiəu2	
理	li3	
琉	liəu2	
琢	ʈʂo7	
琴	tɕʰin2	
琵	pʰi2	
瑞	ʯei5	
璃	li2	
璋	ʈʂaŋ1	
璧	pi7	
瓜	kua1	
瓠	xu6	
瓣	pʰan5	
瓤	ʐaŋ2	
瓦	ua3	
瓮	oŋ5	
瓶	pʰin2	
瓷	tsʰɿ2	
甘	kon1	
生	sən1	
甥	sən1	
用	ioŋ6	
甩	ʂʯai3	
由	iəu2	
甲	tɕia7	
申	ʂən1	
電	tiɛn5	
男	non2	
畫	xua6	
暢	ʈʂʰaŋ5	
界	kai5	
留	liəu2	
畜	ʈʂʰʯ7	
畜	ɕiəu7	
略	lio7	
番	fan1	
疏	səu1	
疑	ȵi2	
療	tin1	
療	liau2	
疙	kie7	
瘍	iaŋ2	
疤	pa1	
疫	ʯ7	
瘡	ʈʂʰʯaŋ1	
瘋	foŋ1	
疲	pʰi2	
病	pʰin6	
症	ʈʂən5	
痒	iaŋ3	
痔	ʈʂʅ5	
痕	xən2	
痛	tʰoŋ5	
痞	pʰi3	
痢	li6	
痣	ʈʂʅ5	
痰	tʰan2	
痱	fei5	
癡	ʈʂʰʅ1	
瘊	xəu1	
瘟	uən1	
瘤	liəu2	
瘦	səu5	
癟	pie7	
癱	tʰan1	
癌	ŋai2	
癩	lai6	
癩	la7	
癬	ɕiɛn3	
癸	kuei5	
白	pʰe6	
百	pe7	
皂	tsʰau6	
的	ti5	
皆	tɕie7	
皇	xuaŋ2	
皮	pʰi2	
皺	tsəu5	
皿	min3	
盅	ʈʂoŋ1	
盆	pʰən2	
盈	in2	
益	i7	
盞	ʈʂan3	
鹽	iɛn2	
盒	xo6	
盔	kʰuei1	
盖	kai5	
盜	tʰau6	
盤	pʰon2	
盛	ʈʂʰən2	
目	mu7	
盯	tin1	
盲	maŋ1	
直	ʈʂʰʅ6	
相	ɕiaŋ1	
相	ɕiaŋ5	
盼	pʰan5	
盾	tən5	
省	sən3	
眉	mi2	
看	kʰon1	
看	kʰon5	
真	ʈʂən1	
眠	niɛn2	
眯	mi1	
眶	kʰuaŋ1	
眷	ʈʂʯan5	
眼	ŋan3	
着	ʈʂʰo6	
着	ʈʂo7	
睜	tsən1	
睏	kʰuən5	
睛	tɕʰin2	
睡	ʂʯei5	
督	təu7	
睦	mu7	
睬	tsʰai3	
瞄	miau2	
瞅	tsʰəu3	
瞎	xa7	
瞒	mon2	
瞧	tɕʰiau2	
矛	mau2	
知	ʈʂʅ1	
矩	ʈʂʯ3	
短	ton2	
矮	ŋai3	
石	ʂʅ6	
礬	fan2	
礦	kʰuaŋ5	
碼	ma3	
砌	tɕʰi5	
砍	kʰan3	
研	ȵiɛn3	
磚	ʈʂʯan1	
硯	ȵiɛn6	
砧	ʈʂən1	
砰	pʰoŋ1	
破	pʰo5	
砸	tsa7	
礎	tsʰəu3	
硝	ɕiau1	
硫	liəu2	
硬	ŋin6	
確	tɕʰio7	
礙	ŋai6	
碎	sei5	
碑	pei1	
碟	tʰie6	
碧	pi7	
碰	pʰoŋ5	
鹼	tɕiɛn3	
磁	tsʰɿ2	
磅	paŋ5	
磐	tɕʰin5	
磕	kʰo7	
磨	mo2	
示	ʂʅ6	
禮	li3	
社	ʂe6	
祁	tɕʰi2	
祖	tsəu3	
祝	ʈʂʯ7	
神	ʈʂʰʯən1	
神	ʂən2	
祠	tsʰɿ2	
祥	tɕʰiaŋ2	
票	pʰiau5	
票	səu7	
祭	tɕi5	
禍	xo6	
禁	tɕin1	
禁	tɕin5	
禄	ləu7	
禪	ʈʂʰan2	
福	fu7	
禹	ʯ3	
离	li2	
禽	tɕʰin2	
禾	xo2	
秀	ɕiəu5	
私	sɿ1	
禿	tʰəu7	
秉	pin3	
秋	tɕʰiəu1	
種	ʈʂoŋ3	
種	ʈʂoŋ5	
科	kʰo1	
秒	miau3	
租	tsəu1	
秤	ʈʂʰən5	
秦	tɕʰin2	
秧	iaŋ1	
秩	ʈʂʰʅ7	
積	tɕi7	
稱	ʈʂʰən1	
稱	ʈʂʰən5	
移	i2	
稀	ɕi1	
程	ʈʂʰən2	
稍	ʂau1	
稅	ʂʯei5	
稗	pʰa6	
稠	ʈʂʰəu2	
穩	uən3	
稻	tʰau6	
稿	kau3	
究	tɕiəu5	
窮	tɕʰioŋ2	
空	kʰoŋ1	
空	kʰoŋ5	
穿	ʈʂʰʯan1	
竊	tɕʰie7	
窄	tse7	
竅	tɕʰiau5	
窑	iau2	
窖	kau5	
窗	ʈʂʰʯaŋ1	
竄	tsʰon5	
窩	uo1	
豎	ʂʯ6	
站	ʈʂan5	
竟	tɕin5	
章	ʈʂaŋ1	
童	tʰoŋ2	
竭	tɕie7	
端	ton1	
竹	ʈʂʯ7	
竿	kon3	
笆	pa1	
笋	sən3	
笑	ɕiau5	
笔	pi7	
笙	sən1	
笛	tʰi6	
笠	li7	
符	fu2	
笨	pʰən6	
第	tʰi6	
籠	loŋ2	
等	tən3	
筋	tɕin1	
筐	kʰuaŋ1	
筑	ʈʂʯ7	
筒	tʰoŋ2	
答	ta7	
策	tsʰe7	
篩	ʂai1	
箏	tsən1	
筷	kʰuai5	
籌	ʈʂʰəu2	
签	tɕʰiɛn1	
簡	tɕiɛn3	
箍	kʰu1	
箕	tɕi1	
管	kon3	
籮	lo2	
簫	ɕiau1	
箭	tɕiɛn5	
箱	ɕiaŋ1	
篇	pʰiɛn1	
簍	ləu3	
篙	kau1	
篡	tsʰon5	
籃	lan2	
篱	li2	
篷	pʰoŋ2	
簧	xuaŋ2	
簿	pʰu6	
籍	tɕʰi6	
米	mi3	
类	lei6	
粉	fən3	
粑	pa1	
粒	li7	
粗	tsʰəu1	
粘	ʈʂan1	
粥	ʈʂʯ7	
糞	fən5	
糧	liaŋ2	
粱	liaŋ2	
糉	tsoŋ5	
精	tɕin1	
精	tʰaŋ2	
糊	xu2	
糙	tsʰau5	
糟	tsau1	
糠	kʰaŋ1	
糯	no6	
系	tɕi5	
系	ɕi6	
索	so7	
緊	tɕin3	
紫	tsɿ3	
累	lei6	
絮	ɕi5	
繁	fan2	
紅	xoŋ2	
紂	ʈʂʰəu6	
約	io7	
級	tɕi7	
紀	tɕi3	
緯	uei3	
純	ʂʯən2	
紗	ʂa1	
綱	kaŋ1	
納	na7	
縱	tsoŋ5	
紛	fən1	
紙	ʈʂʅ3	
紋	uən2	
紡	faŋ3	
線	ɕiɛn5	
練	liɛn6	
組	tsəu3	
細	ɕi5	
織	ʈʂʅ7	
終	ʈʂoŋ1	
絆	pʰan5	
紹	ʂau6	
經	tɕin1	
綁	paŋ3	
絨	ioŋ2	
結	tɕie7	
繞	ʐau3	
繞	ȵiau3	
繪	xuei6	
絳	tɕiaŋ5	
絕	tɕʰie6	
絞	tɕiau3	
統	tʰoŋ3	
繡	ɕiəu5	
繼	tɕi5	
績	tɕi7	
繩	ʂən2	
維	uei2	
綿	niɛn2	
绷	poŋ1	
綢	ʈʂʰəu2	
綠	ləu7	
緝	tɕʰi7	
緩	xon3	
編	piɛn1	
緣	ʯan2	
縫	foŋ2	
縫	foŋ6	
纏	ʈʂʰan2	
縮	ʂo7	
繮	tɕiaŋ1	
繳	tɕiau3	
缸	kaŋ1	
缺	ʈʂʰʯe7	
罐	kon5	
网	uaŋ3	
羅	lo2	
罰	fa6	
罷	pa5	
罩	ʈʂau5	
罪	tsʰei6	
置	ʈʂʅ5	
署	ʂʯ5	
羊	iaŋ2	
美	mei3	
羔	kau1	
羞	ɕiəu1	
羣	ʈʂʰʯən2	
羽	ʯ3	
翁	oŋ1	
翠	tsʰei5	
翰	xon2	
翻	fan1	
翼	i6	
耀	iau5	
老	lau3	
者	ʈʂe3	
耍	ʂʯa3	
耐	nai6	
耕	kin1	
耗	xau5	
耘	ʯən1	
耙	pʰa2	
耳	ʐo3	
恥	ʈʂʰʅ3	
聶	ȵie7	
聊	liau2	
聾	loŋ2	
職	ʈʂʅ7	
聯	liɛn2	
聘	pʰin5	
聚	tɕʰi6	
聰	tsʰoŋ1	
肅	səu7	
肆	sɿ5	
肉	ʐəu7	
肌	tɕi1	
肘	ʈʂəu3	
肚	təu3	
肝	kon1	
腸	ʈʂʰaŋ2	
股	ku3	
肢	ʈʂʅ1	
肤	fu1	
肥	fei2	
肩	tɕiɛn1	
肪	faŋ1	
肯	kʰin3	
育	iəu7	
肺	fei5	
腎	ʂən6	
腫	ʈʂoŋ3	
脹	ʈʂaŋ5	
胃	uei6	
膽	tsəu3	
膽	tan3	
背	pei5	
胎	tʰai1	
胖	pʰaŋ5	
勝	ʂən5	
胞	pau1	
胡	xu2	
胭	iɛn1	
胯	kʰa5	
膠	tɕiau1	
胸	ɕioŋ1	
能	lən2	
脂	ʈʂʅ1	
脆	tsʰei5	
脉	mai6	
脉	me7	
脊	tɕi7	
脏	tsʰaŋ6	
臍	tɕʰi2	
腦	nau3	
膿	noŋ2	
腳	tɕio7	
脯	pʰu2	
脫	tʰo7	
臉	liɛn3	
脾	pʰi2	
臘	la7	
腋	ie7	
腌	iɛn1	
腐	fu3	
腐	fu5	豆～
腑	fu3	
腥	ɕin1	
腮	sai1	
腰	iau1	
腹	fu7	
騰	tʰən2	
腿	tʰei3	
膀	paŋ3	
膏	kau1	
膘	piau1	
膝	ɕi7	
膨	pʰən2	
膻	ʂan1	
臊	sau1	
自	tsʰɿ6	
臭	ʈʂʰəu5	
至	ʈʂʅ5	
致	ʈʂʅ5	
臾	səu3	
舀	iau3	
舅	tɕʰiəu6	
舌	ʂe6	
舍	ʂe5	
舒	ʂʯ1	
舜	ʂʯən5	
舞	u3	
舟	ʈʂəu1	
般	pon1	
艦	xaŋ2	
艦	tɕiɛn5	
艙	tsʰaŋ1	
舷	ɕiɛn2	
船	ʈʂʰʯan2	
艇	tʰin3	
良	liaŋ2	
艱	tɕiɛn1	
色	tʰei5	
色	se7	
艳	iɛn6	
藝	ȵi6	
艾	ŋai6	
節	tɕie7	
芋	ʯ6	
芍	ʂo6	
芒	maŋ1	
芝	ʈʂʅ1	
芥	tɕie5	
芥	kai5	
蘆	ləu2	
芭	pa1	
花	xua1	
芹	tɕʰin2	
芽	ŋa2	
葦	uei2	
蒼	tsʰaŋ1	
苏	səu1	
苔	tʰai2	
苕	ʂau2	
苗	miau2	
苟	kiəu3	
苦	kʰu3	
英	in1	
茂	mu6	
范	fan6	
茄	tɕʰie2	
茅	mau2	
繭	tɕiɛn3	
茫	maŋ1	
茴	xuei2	
茶	ʈʂʰa2	
茸	ioŋ2	
荀	ɕin2	
草	tsʰau3	
薦	tɕiɛn5	
荒	xuaŋ1	
荔	li6	
蕎	tɕʰiau2	
荡	tʰaŋ6	
榮	ioŋ2	
葷	xuən1	
藥	io7	
荷	xo2	
莫	mo6	
萊	lai2	
蓮	liɛn2	
获	xo6	
莽	maŋ3	
菌	ʈʂʯən5	
菜	tsʰai5	
菠	po1	
菩	pʰu2	
菱	lin2	
萄	tʰau2	
萌	moŋ2	
萍	pʰin2	
蘿	lo2	
營	tsʰaŋ1	
蕭	ɕiau1	
薩	sa7	
落	lo7	
葛	ko7	
董	toŋ3	
葫	kʰu2	
葬	tsaŋ5	
葱	tsʰoŋ1	
蒂	ti5	
蔣	tɕiaŋ3	
蒙	moŋ1	
蒙	moŋ2	
蒲	pʰu2	
蒸	ʈʂən1	
蒿	xau1	
蓄	ɕiəu7	
蓑	so1	
蓖	pʰi6	
藍	lan2	
蓬	pʰoŋ2	
蔑	mie7	
蔓	tʰai2	
蔡	tsʰai5	
蔬	səu1	
藹	ŋai3	
蔽	pi5	
蕉	tɕiau1	
薄	pʰo6	
薅	xau1	
薪	ɕin1	
薯	ʂʯ3	
藏	tsʰaŋ2	
藏	tsʰaŋ6	西～
藕	ŋiəu3	
藤	tʰən2	
虎	xu3	
虜	lo3	
虐	ȵio7	
虑	ʯ6	
虛	ʂʯ1	
蟲	ʈʂʰoŋ2	
虹	kaŋ5	
雖	sei1	
蝦	xa1	
蚊	uən2	
蚌	pʰaŋ6	
蠶	tsʰon2	
蛆	tɕʰi1	
蛇	ʂe2	
蛋	tʰan6	
蛔	xuei2	
蛙	ua1	
蛛	ʈʂʯ1	
蛤	koŋ1	
蟄	ʈʂʅ7	
蛾	ŋo2	
蜂	foŋ1	
蛻	tʰei5	
蜘	ʈʂʅ7	
蠟	la7	
蝗	xuaŋ2	
蝙	piɛn3	
蝠	fu7	
融	ioŋ2	
螺	lo2	
蟒	maŋ3	
蟠	pʰon2	
蟹	tɕiaŋ1	
蟹	xai3	
蠢	ʈʂʰʯən3	
行	ɕin2	
行	xaŋ2	银～
銜	kʰan2	
街	kai1	
衙	ia2	
衡	xən2	
衣	i1	
補	pu3	
表	piau3	
衫	ʂan1	
襯	tsʰən5	
衰	ʂʯai1	
袁	ʯan2	
襖	ŋau3	
袍	pʰau2	
袒	tʰan3	
袖	tɕʰiəu6	
袜	ua7	
被	pʰi6	
裁	tsʰai2	
裂	lie7	
裝	ʈʂʯaŋ1	
裕	ʯ6	
裙	ʈʂʰʯən2	
褲	kʰu5	
裱	piau3	
裳	ʂaŋ2	
裸	lo3	
裹	li3	
裹	ko3	
褪	tʰei5	
褪	tʰən5	
襟	tɕin1	
西	ɕi1	
要	iau5	
覆	fu7	
見	tɕiɛn5	
觀	kon1	
規	kuei1	
視	ʂʅ6	
覽	lan3	
覽	tɕiɛn3	
覺	kau5	
覺	tɕio7	
角	ko7	
解	kai3	
解	tɕiai3	～放
觸	ʈʂʯ7	
言	iɛn2	
誇	kʰua1	
譽	ʯ6	
謄	tʰən2	
誓	ʂʅ6	
警	tɕin3	
計	tɕi5	
訂	tin5	
認	ʐən6	
討	tʰau3	
讓	ʐaŋ6	
訖	tɕʰi7	
訓	ʂʯən5	
議	ȵi6	
訊	ɕin5	
記	tɕi5	
講	kaŋ3	
諱	xuei5	
許	ʂʯ3	
訛	ŋo2	
論	lən6	
訟	soŋ5	
設	ʂe7	
訪	faŋ3	
訣	ʈʂʯe7	
证	ʈʂən5	
評	pʰin2	
識	ʂʅ7	
詐	ʈʂa5	
訴	səu5	
診	ʈʂən3	
謅	tsəu1	
詞	tsʰɿ2	
譯	i7	
試	ʂʅ5	
詩	ʂʅ1	
誠	ʈʂʰən2	
話	xua6	
詭	kuei3	
該	kai1	
詳	tɕʰiaŋ2	
誡	tɕie5	
誣	u1	
語	ʯ3	
誤	u6	
說	ʂʯe7	
誦	soŋ5	
請	tɕʰin3	
諾	no7	
讀	tʰəu6	
課	kʰo5	
誰	ʂʯei2	
調	tʰiau2	
調	tʰiau3	～换
調	tiau5	
談	tʰan2	
誼	ȵi2	
謀	mu2	
謊	xuaŋ3	
謂	uei6	
謎	mei6	
謠	iau2	
謙	tɕʰiɛn1	
謹	tɕin3	
譚	tʰan2	
譜	pʰu3	
谷	ku7	
豁	xo7	
豆	tʰəu6	
豚	tʰən2	
象	ɕiaŋ6	
豪	xau2	
豹	pau5	
豺	ʈʂʰai2	
貂	tiau1	
貌	mau6	
貝	pei5	
貞	ʈʂən1	
負	fu6	
貢	koŋ5	
財	tsʰai2	
責	tse7	
賢	ɕiɛn2	
敗	pʰai6	
賬	ʈʂaŋ5	
貨	xo5	
質	ʈʂʅ7	
貪	tʰon1	
貧	pʰin2	
貶	piɛn3	
購	kiəu5	
貫	kon5	
貳	ʐo6	
貼	tʰie7	
貴	kuei5	
貸	tʰai6	
貿	mu6	
費	fei5	
賀	xo6	
賊	tsʰe6	
賈	tɕia3	
賄	xuei3	
資	tsɿ1	
賒	ʂe1	
賭	təu3	
賞	ʂaŋ3	
賴	lai6	
贅	ʈʂʯei5	
賺	ʈʂʰʯan6	
賽	sai5	
赞	tsan5	
赤	ʈʂʰʅ7	
赦	ʂe5	
走	tsəu3	
趙	ʈʂʰau6	
趕	kon3	
起	tɕʰi3	
超	ʈʂʰau1	
越	ʯe7	
趟	tʰaŋ5	
趣	tɕʰi5	
足	tsəu7	
趴	pʰa1	
趾	ʈʂʅ3	
躍	iau5	
跌	tie7	
跑	pʰau2	
跛	po3	
跟	kin1	
跪	kuei5	
路	ləu6	
跳	tʰiau5	
踏	tʰa7	
踢	tsʰɿ5	
踢	tʰi7	
踩	tsʰai3	
蹤	tsoŋ1	
踹	ʈʂʰʯai5	
蹄	tʰi2	
蹦	poŋ5	
蹲	tən1	
躁	tsau5	
身	ʂən1	
躬	koŋ1	
躲	to3	
躺	tʰaŋ3	
車	ʈʂʯ1	
車	ʈʂʰe1	
軋	ŋa6	
轉	ʈʂʯan3	
輪	lən2	
軟	ʯan3	
轟	xoŋ1	
軸	ʈʂʰəu6	
輕	tɕʰin1	
載	tsai3	
載	tsai6	～人
轎	tɕʰiau6	
較	tɕiau3	
輔	fu3	
輩	pei5	
輝	xuei1	
輯	tɕi7	
輸	ʂʯ1	
辛	ɕin1	
辜	ku1	
辭	tsʰɿ2	
辟	pʰi7	
辣	la7	
辨	pʰiɛn6	
辯	pʰiɛn6	
辮	pʰiɛn6	
辰	ʈʂʰən2	
辱	ʐəu7	
邊	piɛn1	
达	tʰa6	
迁	tɕʰiɛn1	
迂	ʯ1	
過	ko5	
邁	mai6	
迎	in2	
運	ʯən6	
近	tɕʰin6	
返	fan3	
還	xon2	
這	te5	
進	tɕin5	
遠	ʯan3	
違	uei2	
連	liɛn2	
遲	ʈʂʰʅ2	
迫	pʰe7	
述	ʂʯ7	
迷	mi2	
追	ʈʂʯei1	
退	tʰei5	
送	soŋ5	
適	ʂʅ7	
逃	tʰau2	
逆	ȵi7	
選	ɕiɛn3	
遞	ti5	
途	tʰəu2	
通	tʰoŋ1	
通	i2	
逛	kuaŋ5	
逝	ʂʅ7	
逞	ʈʂʰən3	
速	səu7	
造	tsʰau5	
逢	foŋ2	
逮	tai3	
逵	kʰuei2	
逸	i7	
逼	pi7	
遇	ʯ6	
遍	pʰiɛn5	
道	tʰau6	
遮	ʈʂe1	
遵	tsən1	
避	pʰi6	
邀	iau1	
邓	tʰən6	
邦	paŋ1	
郵	iəu2	
邹	tsəu1	
鄰	lin2	
郎	laŋ2	
鄭	ʈʂʰən6	
郡	ʈʂʯən5	
部	pʰu6	
郭	ko7	
都	təu1	
鄙	pʰi3	
酒	tɕiəu3	
酥	səu1	
酬	ʈʂʰəu2	
醬	tɕiaŋ5	
酵	ɕiau5	
酷	kʰu7	
醉	tsei5	
醋	tsʰəu5	
醒	ɕin3	
采	tsʰai3	
釋	ʂʅ7	
里	li3	
重	ʈʂʰoŋ2	
重	ʈʂʰoŋ6	
野	ie3	
量	liaŋ2	
量	liaŋ6	
金	tɕin1	
鉴	tɕiɛn5	
针	ʈʂən1	
釘	tin1	
釘	tin5	
釣	tiau5	
釵	ʈʂʰai1	
鈍	tʰən6	
鈔	ʈʂʰau5	
钟	ʈʂoŋ1	
鋼	kaŋ1	
鋼	kaŋ5	
鑰	io7	
欽	tɕʰin1	
鉤	kiəu1	
錢	tɕʰiɛn2	
鉗	tɕʰiɛn2	
鉢	po7	
鑽	tson1	
鑽	tson5	
鉀	tɕia7	
鐵	tʰie7	
鈴	lin2	
銅	tʰoŋ2	
鍘	ʈʂa7	
铲	ʈʂʰan3	
銀	in2	
鑄	ʈʂʯ5	
鋪	pʰu1	
鋪	pʰu5	
銷	ɕiau1	
鎖	so3	
鋤	tsʰəu2	
鍋	ko1	
鏽	ɕiəu5	
銼	tsʰo5	
鋒	foŋ1	
銳	ʯei5	
錯	tsʰo5	
錫	ɕi7	
鑼	lo2	
錘	ʈʂʰʯei2	
錐	ʈʂʯei1	
錦	tɕin3	
鍵	tɕiɛn5	
鍬	tɕʰiau1	
鍛	ton5	
鍍	tʰəu6	
鎮	ʈʂən5	
鎮	ʂən6	
鑷	ȵie7	
鏡	tɕin5	
鐐	liau2	
鐲	ʈʂʰo6	
鑲	ɕiaŋ1	
鑲	liɛn2	
長	ʈʂʰaŋ2	
長	ʈʂaŋ3	
門	mən2	
閂	ʂʯan1	
閃	ʂan3	
閉	pei5	
闖	ʈʂʰʯaŋ3	
閏	ʯən6	
闲	ɕiɛn2	
間	kan1	
悶	mən6	
閘	ʈʂa7	
鬧	tʰoŋ2	
鬧	nau6	
閨	kuei1	
聞	uən2	
閩	min3	
閣	ko7	
鬮	tɕiəu1	
閱	ʯe7	
閻	iɛn2	
闊	kʰo7	
隊	tei6	
防	faŋ2	
陽	iaŋ2	
陰	in1	
陣	ʈʂʰən6	
階	kai1	
際	tɕi5	
陸	ləu7	
隴	loŋ3	
陳	ʈʂʰən2	
降	tɕiaŋ5	
限	ɕiɛn6	
陝	ʂan3	
陡	təu3	
院	ʯan6	
除	ʈʂʰʯ2	
險	ɕiɛn3	
陵	lin2	
陶	tʰau2	
陷	xan6	
隆	loŋ2	
隨	sei2	
隱	in3	
隔	kie7	
障	ʈʂaŋ1	
障	ʈʂaŋ5	
難	nan2	
難	nan6	
雀	tɕʰio7	
雁	iɛn6	
雄	ɕioŋ2	
雄	tei6	
集	tɕʰi6	
雇	ku5	
雍	ioŋ1	
雕	tiau1	
雨	ʯ3	
零	lin2	
雷	lei2	
雹	pʰo6	
霧	u6	
需	ɕi1	
震	ʈʂən5	
霉	mei2	
霍	xo7	
霜	ʂʯaŋ1	
霞	ɕia2	
露	ləu6	
霸	pa5	
青	tɕʰin1	
靖	tɕʰin1	
靜	tɕʰin6	
非	fei1	
面	niɛn6	
革	kie7	
靴	ʂʯe6	
鞋	xai2	
鞍	ŋon1	
鞘	tɕʰiau5	
鞭	piɛn1	
韭	tɕiəu3	
音	in1	
韵	ʯən5	
頁	ie7	
頂	tin3	
頃	tɕʰin3	
項	xaŋ6	
順	ʂʯən6	
頑	uan2	
顧	ku5	
頒	pan1	
頌	soŋ5	
預	ʯ6	
領	lin3	
頸	tɕin3	
頻	pʰin2	
穎	in3	
顆	kʰo1	
題	tʰi2	
額	ŋie7	
顛	tiɛn1	
風	foŋ1	
飄	pʰiau1	
飄	pʰiau2	
飛	fei1	
食	ʂʅ6	
餐	tsʰan1	
饥	tɕi1	
飯	fan6	
飲	in3	
飾	ʂʅ7	
飽	pau3	
餌	ʐo3	
饒	ʐau2	
餃	tɕiau3	
餅	pin3	
餓	ŋo6	
館	kon3	
餿	səu1	
饞	ʈʂʰan2	
首	ʂəu3	
香	ɕiaŋ1	
馬	ma3	
馱	tʰo2	
馴	ʂʯən2	
馳	ʈʂʰʅ2	
駁	po7	
驢	ləu2	
駛	sɿ3	
駐	ʈʂʯ5	
駝	tʰo2	
駕	tɕia5	
罵	ma6	
驕	tɕiau1	
駱	lo7	
驗	ȵiɛn6	
騎	tɕʰi2	
騙	pʰiɛn5	
騷	sau1	
騾	lo2	
骨	ku7	
高	kau1	
鬃	tsoŋ1	
鬼	kuei3	
魁	kʰuei1	
魂	xuən2	
魄	pʰe7	
魏	uei5	
魔	mo2	
魚	ʯ2	
魯	ləu3	
鮓	ʈʂa3	
鮮	ɕiɛn1	
鯉	li3	
鯽	tɕi7	
鰓	sai1	
鰍	tɕʰiəu1	
鱉	pie7	
鱗	lin2	
鳥	ȵiau3	
鳩	tɕiəu1	
雞	tɕi1	唱
鳴	min2	
鴨	ŋa7	
鴦	iaŋ1	
鴛	ʯan1	
鴿	ko7	
鵝	ŋo2	
鵡	u3	
鵲	tɕʰio7	
鵬	pʰoŋ2	
鶴	xo6	
鷺	ləu6	
鷹	in1	
鹿	ləu7	
麥	me7	
麩	fu1	
麻	ma2	
黃	xuaŋ2	
黎	li2	
黑	xe7	
默	me7	
黛	tai6	
鼎	tin3	
鼓	ku3	
鼠	ʈʂʰʯ3	
鼻	pʰi6	
齁	xəu1	
齊	tɕʰi2	
齒	ʈʂʰʅ3	
齡	lin2	
龍	loŋ2	
龜	kuei1	
