#漢字	音標	解釋
㿭	tsʰɐk7	
一	jɐt7	
丁	tɪŋ1	
七	tsʰɐt7	
丈	tsiɛŋ6	
三	ɬam1	
上	siɛŋ6	
上	siɛŋ5	
下	ha6	下面
下	ha5	白讀
不	pɐt7	
丐	kʰuɔi3	
丑	tsʰɐu2	
且	tsʰɛ2	
丕	pʰei1	
世	sɐi3	
丘	hiɐu1	
丙	pɪŋ2	
丞	sɪŋ4	
丟	tiu1	
並	pɪŋ6	
丫	ʔa1	
中	tsʊŋ1	中間
中	tsʊŋ3	中獎
丰	fʊŋ1	
串	tsʰin3	
丸	jin4	
丹	tan1	
主	tsi2	
乃	nai5	
久	kiɐu2	
麼	jiu1	
之	tsi1	
乍	tsa3	
乎	fu4	
乏	fat9	
乒	pɪŋ1	
乓	pɐŋ1	
乖	kai1	
乘	sɪŋ4	乘車
乙	jit8	
九	kiɐu2	
乞	hɐt7	
也	ja5	白读jɛ³¹²
乳	ȵui5	
乾	kuɔn1	乾燥
乾	kʰin4	乾坤
亂	lun6	
了	liu5	
予	ji5	給予
事	si6	
二	ȵi3	
于	ji1	
雲	wɐn4	
互	wu6	
五	ʔʊŋ5	
井	tsɪŋ2	
亙	kɐŋ2	
些	ɬɛ1	
亞	ʔa3	
亟	kɪk7	亟請
亟	kɪk7	亟需
亡	muɔŋ4	
亢	kʰuɔŋ3	高亢
交	kau1	
亥	huɔi6	
亦	jɪk9	
亨	hɐŋ1	
享	hiɛŋ2	
京	kɪŋ1	
亭	tʰɪŋ4	
亮	liɛŋ6	
人	ȵɐn4	
什	tsap9	什錦
什	sɐm6	什麼
仁	ȵɐn4	
仃	tɪŋ1	
仄	tsɐk7	
仆	pʊk9	
仇	sɐu4	仇人
今	kiɐm1	
介	kai3	
仍	ȵɪŋ4	
仔	tsɐi2	仔細
仔	tsɐi2	豬仔
仕	si6	
他	tʰa1	
仗	tsiɛŋ6	仗義
仗	tsiɛŋ3	打仗
付	fu6	
仙	ɬin1	
仝	tʰʊŋ4	
仞	ȵɐn6	
仟	tsʰin1	
代	tuɔi6	
令	lɪŋ6	命令
以	ji5	
仰	ȵiɛŋ5	
仲	tsʊŋ6	
件	kin6	
任	ȵɐm6	信任
任	ȵɐm6	任姓
份	fɐn6	
仿	fuɔŋ2	
企	kʰei5	
伊	ji1	
伍	ʔʊŋ5	
伏	fʊk9	
伐	fat9	
休	jɐu1	又读hiɐu⁴⁵
伙	fuɔ2	
伢	ŋa4	
伯	pɐk7	老伯
估	ku2	估計
伴	pun6	罕见pʰun³¹²
伶	lɪŋ4	
伸	sɐn1	
伺	tsei6	伺候
似	tsʰei5	又读tsʰei³³
伽	ka1	瑜伽
佃	tin4	佃作
佃	tʰin6	佃農
但	tan6	
佈	pou3	
位	wɐi6	
低	tɐi1	
住	tsi6	
佐	tsuɔ2	
佑	jɐu6	
佔	tsim3	
何	huɔ4	
佗	tʰuɔ4	
佘	sɛ4	
余	ji4	
佚	jɐt9	
佛	fɐt9	佛教
佛	fɐt7	仿佛
作	tsuɔk8	
你	nei5	
佣	jʊŋ6	
佩	pʰui3	
佬	lou2	
佰	pɐk9	
佳	kai1	
倂	pɪŋ3	
使	si2	使用
使	si3	使者
侃	huɔn2	
侄	tsɐt9	
來	luɔi4	
侈	tsʰi2	
例	lɐi6	
侍	si6	
侏	tsi1	
侖	lɐn4	
供	kʊŋ1	提供
供	kʊŋ3	供奉
依	ji1	
侮	mou5	
侯	hɐu4	
侵	tsʰɐm1	
侶	lui5	
便	pin6	便利
係	hɐi6	
促	tsʰʊk7	
俄	ŋuɔ4	
俊	tsɐn3	
俏	tsʰiu3	
俐	lei6	
俑	jʊŋ2	
俗	tsʊk9	
俘	fu1	
保	pou2	
俠	hap9	
信	ɬɐn3	
修	ɬɐu1	
俯	fu2	
倶	kʰei1	又读kei⁵²
俸	fʊŋ6	
俺	jim3	
俾	pei2	
倆	niɛŋ5	
倉	tsʰuɔŋ1	
個	kuɔ3	
倍	pʰui5	
倏	sʊk7	
們	mun4	
倒	tou3	
倒	tou2	
倔	kɐt9	
倖	hɐŋ6	
倘	tʰuɔŋ2	
候	hɐu6	
倚	ji2	
借	tsɛ3	
倡	tsʰiɛŋ1	倡優
倡	tsʰiɛŋ3	倡導
倦	kin6	
倩	ɬin6	
倪	ŋɐi4	
倫	lɐn4	
倭	wuɔ1	
値	tsɪk9	
假	ka2	假如
假	ka2	放假
偉	wɐi5	
偎	wui1	
偏	pʰin1	
偕	kai1	
做	tsou3	
停	tʰɪŋ4	
健	kin6	
側	tsɐk7	
偵	tsɪŋ1	
偶	ŋɐu5	
偸	tʰɐu1	
傀	kʰui1	傀儡
傅	fu6	師傅
傍	puɔŋ6	依山傍水
傍	pʰuɔŋ4	傍晚
傑	kit9	
傘	ɬan3	
備	pei6	
傢	ka1	
傣	tai2	
催	tsʰui1	
傭	jʊŋ4	
傲	ŋou6	
傳	tsʰin4	傳播
傳	tsin6	自傳
債	tsai3	
傷	siɛŋ1	
傻	suɔ4	
傾	kʰɪŋ1	
僅	kɐn2	
像	tsiɛŋ6	
僑	kʰiu4	
僕	pʊk9	
僚	liu4	
僞	ŋɐi6	
僥	jiu4	僬僥，短人，西南夷別名
僥	hiu1	僥倖
僧	tsɐŋ1	
僮	tsuɔŋ6	僮族
僱	ku3	
僵	kiɛŋ1	
價	ka3	
僻	pʰɪk7	
儀	ȵi4	
儂	nʊŋ4	
億	jɪk7	
儆	kɪŋ3	
儉	kim6	
儒	ji4	
儘	tsɐn6	儘管
儘	tsɐn6	儘量
償	siɛŋ4	
儡	lui5	
優	jɐu1	
儲	tsʰi2	白读tsʰou³¹²
儸	luɔ4	
儼	ȵim5	
兀	ŋɐt9	
允	wɐn5	
元	jin4	
兄	hɪŋ1	
充	tsʰʊŋ1	
兆	siu6	
兇	hʊŋ1	
先	ɬin1	
光	kuɔŋ1	
克	hɐk7	
兌	tui6	
免	miɛn5	
兒	ȵi4	
兔	tʰou3	
兜	tɐu1	
兢	kɪŋ1	
入	jɐp9	
內	nuɔi6	
全	tsʰun4	又读tsʰin³¹
兩	niɛŋ5	兩個
兩	liɛŋ2	十兩
八	pat8	
公	kʊŋ1	
六	lʊk9	
兮	jɐi5	
共	kʊŋ6	
兵	pɪŋ1	
其	kʰei4	
具	kei6	
典	tin2	
兼	kim1	
冀	kʰei3	
冉	ȵim5	
冊	tsʰɐk7	
再	tsuɔi3	
冑	tsɐu6	
冒	mou6	冒犯
冕	min5	白读miɛn³¹²
冗	jʊŋ5	
冠	kun1	衣冠
冠	kun3	冠軍
冢	tsʊŋ2	
冤	jin1	
冥	mɪŋ4	
冪	mɪk9	
冬	tʊŋ1	
冰	pɪŋ1	
冶	jɛ5	
冷	lɐŋ5	
冼	ɬin2	
冽	lit9	
準	tsɐn2	
凋	tiu1	
凌	lɪŋ4	
凍	tʊŋ3	
凝	nɪŋ4	又读ȵɪŋ³¹
几	kei2	
凡	fan4	
凰	wuɔŋ4	
凱	ʔuɔi2	
凳	tɐŋ3	
凶	hʊŋ1	
凸	tɐt9	
凹	nɐp7	
出	tsʰɐt7	
函	hɐm4	
刀	tou1	
刁	tiu1	
刃	ȵɐn6	
分	fɐn6	本分
分	fɐn1	分開
切	tsʰɐi3	一切
切	tsʰit8	急切
刊	huɔn2	
刎	mɐn5	
刑	jɪŋ4	
列	lit9	
初	tsʰuɔ1	
判	pʰun3	
別	pit9	
刨	pʰau4	
利	lei6	
刪	san1	
刮	kʰat8	又读kat³
到	tou3	
制	tsɐi3	
刷	sat8	
券	kʰin3	
刺	tsʰi3	又读tsʰɪk⁴⁵;tsʰei³³
刻	hɐk7	又读kʰɐk⁴⁵
剁	tuɔ6	
剃	tʰɐi3	
則	tsɐk7	
削	ɬiɛk8	
剋	hɐk7	
剌	lɐk9	
前	tsʰin4	
剎	sat8	
剔	tʰɪk7	
剖	pʰɐu2	
剛	kuɔŋ1	
剝	puɔk7	
剩	sɪŋ6	
剪	tsin2	
副	fu3	
割	kuɔt8	
創	tsʰuɔŋ3	創傷
創	tsʰuɔŋ3	創造
剷	tsʰan2	
剿	tsiu2	
劃	wɐk9	
劇	kʰiɛk8	
劈	pʰɪk7	
劉	lɐu4	
劍	kim3	
劑	tsɐi1	
力	lɪk9	
功	kʊŋ1	
加	ka1	
劣	lut8	
助	tsuɔ6	
努	nou5	
劫	kip8	
劭	siu6	
勁	kɪŋ6	
勃	put9	
勇	jʊŋ5	
勉	min5	白读miɛn³¹²
勒	lɐk9	
動	tʊŋ6	
勘	hɐm3	
務	mou6	
勛	fɐn1	
勝	sɪŋ1	勝任
勝	sɪŋ3	勝利
勞	lou4	勤勞
勞	lou4	慰勞
募	mou6	
勢	sɐi3	
勤	kʰɐn4	
勳	fɐn1	
勵	lɐi6	
勸	hin3	
勺	siɛk8	
勻	wɐn4	
勾	ŋɐu1	勾劃
勿	mɐt9	
包	pau1	
匆	tsʰʊŋ1	
匈	hʊŋ1	
匍	pʰou4	
匕	pʰei3	
化	fa3	
北	pɐk7	
匙	si4	鑰匙
匙	si4	茶匙，湯匙，一本作「瓷」
匠	tsiɛŋ6	
匡	huɔŋ1	又读kʰuɔŋ⁴⁵
匣	hap9	
匪	fei2	
匯	wui6	
匱	kʰui3	
匹	pʰɐt7	
匾	piɛn2	
匿	nɪk7	
區	kʰei1	區別
區	ʔɐu1	區姓
十	sɐp9	
千	tsʰin1	
卅	ɬa6	
升	sɪŋ1	
午	ʔʊŋ5	
卉	wɐi3	
半	pun3	
卑	pei1	
卒	tsɐt7	士卒
卓	tsʰiɛk8	
協	hip8	
南	nam4	
博	puɔk8	
卜	pʊk7	
占	tsim1	占卜
占	tsim3	占領
卡	kʰa3	
卦	ka3	
卯	mau5	
印	jɐn3	
危	ŋɐi4	
即	tsɪk7	
卵	lun5	
卷	kin4	白读kiɛn³²³,kʰiɛn³²³
卷	kin2	試卷
卸	ɬɛ3	
卻	kʰiɛk8	
卿	hɪŋ1	
厄	ʔɐk7	
厘	lei4	
厚	hɐu5	
原	ȵin4	
厥	kʰit8	
厭	jim3	
厲	lɐi6	
去	hei3	
參	tsʰam1	參加
參	ɬam1	三的大寫
參	sɐm1	人參
參	tsʰam1	參差
又	jɐu6	
叉	tsʰa1	
及	kiɐp9	
友	jɐu5	
反	fan2	
叔	sʊk7	
取	tsʰei2	
受	sɐu6	
叛	pun6	
叟	ɬɐu2	
叢	tsʰʊŋ4	
口	hɐu2	
古	ku2	
句	kei3	
另	lɪŋ6	
叨	tou1	叨擾
叨	tʰou1	嘮叨
叩	kʰɐu3	
只	tsi2	
叫	kiu3	
召	tsiu6	召喚
叭	pa1	
叮	tɪŋ1	
可	huɔ2	可以
史	si2	
右	jɐu6	
司	ɬei1	
叼	tiu1	
吃	hɐt7	口吃
吃	hɐt7	又读hɪk⁴⁵
各	kuɔk8	
吆	jiu1	
合	hɐp9	合格
合	kap8	(老派)地名「合水」
吉	kɐt7	
吊	tiu3	
同	tʰʊŋ4	
名	mɪŋ4	
后	hɐu6	
吏	lei6	
吐	tʰou3	
向	hiɛŋ3	
吒	tsat8	哪吒
吒	tsʰɐk7	叱吒
吔	ja1	
君	kɐn1	
吝	lɐn6	
吞	tʰɐn1	
吟	ȵɐm4	
吠	fɐi6	
否	fɐu2	否定
吧	pa1	酒吧
吧	pʰa6	語助詞
吩	fɐn1	
含	hɐm4	
吭	huɔŋ4	引吭高歌
吱	tsi1	
吳	ʔʊŋ4	
吵	tsʰou4	吵闹
吵	tsʰau2	吵耳
吶	nap9	
吸	kʰiɐp7	
吹	tsʰui1	
吻	mɐn5	
吼	hɐu2	
吾	ʔʊŋ4	
呀	ʔa1	
呂	lui5	
呃	ʔɐk7	
呆	ŋuɔi4	
呈	tsʰɪŋ4	
吿	kou3	報告
吿	kou3	忠告
呢	ni1	語氣助詞
周	tsɐu1	
呱	ka1	頂呱呱
味	mei6	
呵	huɔ1	
呻	sɐn1	白读sɐn³³
呼	fu1	
命	mɪŋ6	
咀	tsui2	
咄	tsʰut8	
咆	pʰau4	
和	wuɔ4	和諧
和	wuɔ6	唱和
咎	kɐu3	
咐	fu3	
咒	tsɐu3	
咕	ku1	
咖	ka3	
咚	tʊŋ1	
咦	ji2	
咨	tsei1	
咩	mɛ1	
咪	mei1	
咬	ŋau5	
咯	luɔ1	助詞
咳	kʰɐt7	咳嗽
咸	ham4	
咻	hui2	噢咻
咽	jin1	咽喉
哀	ʔuɔi1	
品	pɐn2	
哄	hʊŋ3	哄騙
哄	hʊŋ1	亂哄哄
哇	wa1	
哈	ha1	
哉	tsuɔi1	
哎	ʔai1	
哞	mɐu4	
員	jin4	
哥	kuɔ1	
哦	ŋuɔ4	吟哦
哦	ʔuɔ4	語氣詞
哨	sau3	
哩	lei5	英哩
哪	na5	哪裡
哪	nuɔ4	哪吒
哭	hʊk7	
哮	hau1	
哲	tsit8	
哺	pou6	
哼	hɐŋ1	哼歌
哼	hŋ6	感歎詞
哽	kɐŋ2	
唆	suɔ1	又读ɬuɔ⁴⁵
唉	ʔai1	
唐	tʰuɔŋ4	
唔	m̩4	
唧	tsɪk7	
唬	fu2	
售	sɐu6	
唯	wɐi4	唯一
唯	wɐi4	唯唯諾諾
唱	tsʰiɛŋ3	
唷	juɔ1	
唾	sui4	
啃	hɐŋ2	
啄	tiɛk8	白读tiɛŋ⁴⁵
商	siɛŋ1	
啊	ʔa1	
問	mɐn6	
啓	kʰai2	又读kɐi³²³
啕	tʰou4	
啜	tsʰut8	
啞	ʔa2	聾啞
啟	kʰai2	又读kɐi³²³
啡	fɛ1	
啤	pɛ1	
啦	la1	
啪	pʰɐk7	
啼	tʰɐi4	
啾	tsɐu1	
喂	wɐi3	又读wɐi⁵²;wei⁵²
喃	nam1	喃斋
善	sin6	
喇	la1	喇嘛
喇	la1	喇叭
喉	hɐu4	
喊	ham3	
喋	tiɐp9	
喔	ʔuɔ1	嘆詞
喘	tsʰun2	
喚	fun6	
喜	hei2	
喝	huɔt8	
喧	hin1	
喪	ɬuɔŋ1	喪事
喪	ɬuɔŋ3	喪失
喫	hɐt7	又读hɪk⁴⁵
喬	kʰiu4	
單	tan1	單純
單	sin6	單姓
喱	lei1	
喲	juɔ1	
喳	tsa1	
喵	miu1	
喩	ji6	
嗅	tsʰɐu3	
嗆	tsʰiɛŋ1	食急氣逆
嗆	tsʰiɛŋ3	嗆鼻
嗇	ɬɪk7	
嗎	ma1	助詞
嗑	hɐp7	
嗓	ɬuɔŋ2	
嗖	sɐu1	
嗚	wu1	
嗜	si3	
嗟	tsɛ1	
嗡	jʊŋ1	
嗣	tsei6	
嗤	tsʰi1	
嗦	ɬuɔ1	
嗯	ŋ̍4	又读m³¹
嗶	pɐt7	
嗽	ɬou3	
嘆	tʰan3	
嘈	tsʰou4	
嘉	ka1	
嘍	lɐu4	
嘔	ʔɐu2	嘔吐
嘗	siɛŋ4	
嘩	wa1	
嘮	lou4	
嘯	ɬiu3	
嘰	kei1	
嘲	tsau1	
嘴	tsui2	
嘹	liu4	
嘻	hei1	
嘿	hei1	嘿嘿
噓	hei1	噓寒問暖
噢	ji2	
器	hei3	
噩	ʔuɔk8	
噪	tsʰou3	
噬	sɐi6	
噴	pʰɐn3	
噸	tɐn1	
噹	tuɔŋ1	
嚀	nɪŋ4	
嚅	ji4	
嚇	hɐk7	
嚎	hou4	
嚏	tʰɐi3	
嚐	siɛŋ4	
嚕	lou1	
嚨	lʊŋ4	
嚮	hiɛŋ3	
嚴	ȵim4	
嚷	ȵiɛŋ4	
嚼	tsiɛk8	
囁	tsip8	
囂	hiu1	
囉	luɔ4	囉嗦
囉	luɔ4	嘍囉
囊	nuɔŋ4	
囑	tsʊk7	
囚	tsʰɐu4	
四	ɬei3	
回	wui4	
因	jɐn1	
囪	tsʰʊŋ1	
困	kʰɐn3	
固	ku3	
囿	jɐu6	
圃	pou2	
圇	lɐn4	
圈	kʰiɛn1	豬圈
圈	hin1	白读kʰiɛn⁴⁵
國	kɐk8	
圍	wɐi4	
園	jin4	
圓	jin4	
圖	tʰou4	
團	tʰun4	
土	tʰou2	
在	tsuɔi6	
圭	kɐi1	
圮	kei2	
地	tei6	
圳	tsɐn3	
圾	ɬɐp7	
址	tsi2	
均	kʰɐn1	
坊	fuɔŋ1	堤坊
坊	fuɔŋ1	街坊
坍	tʰan1	
坎	hɐm2	
壞	pʰui1	同「坯」
坐	tsuɔ6	白读tsʰuɔ³¹²
坑	hɐŋ1	
坡	pʰuɔ1	
坤	kʰɐn1	
坦	tʰan2	
坪	pʰɪŋ4	
坯	pʰui1	
坳	ʔau3	
坷	huɔ1	又读hɔ³²³
坼	tsʰɐk8	
垂	sui4	
垃	lɐp9	
型	jɪŋ4	
垛	tuɔ6	
垠	ŋɐn4	
垢	kʰɐu3	
垣	fun4	
垮	kʰa1	
垻	pa3	
埂	kɐŋ2	
埃	ʔuɔi1	
埋	mai4	
城	sɪŋ4	
埔	pou6	又读pʰou³³
埕	tsʰɪŋ4	
域	wɪk9	又读wɐk⁵²
埠	fɐu6	商埠，外埠
埠	pʰou6	船埠，埠頭
埡	ʔa3	
執	tsɐp7	
培	pʰui4	
基	kei1	
堂	tʰuɔŋ4	
堅	kin1	
堆	tui1	
堊	ʔuɔk8	
堡	pou2	
堤	tʰɐi4	
堪	hɐm1	
堯	jiu4	
堰	jin2	
報	pou3	
場	tsʰiɛŋ4	
堵	tou2	
塊	kʰai3	
塋	jɪŋ4	
塌	tʰap8	
塑	suɔk8	又读ɬuɔk³
塔	tʰap8	
塗	tʰou4	
塘	tʰuɔŋ4	
塚	tsʊŋ2	
塞	ɬɐk7	塞車
塢	wu1	山塢
塢	wu1	船塢
塡	tʰin4	
塵	tsʰɐn4	
塹	tsʰim3	
塾	sʊk9	
境	kɪŋ2	
墅	ɬui5	
墊	tin3	
墓	mou6	
墜	tsui6	
增	tsɐŋ1	
墟	hei1	
墨	mɐk9	
墩	tɐn1	又读tɐn³²³
墮	tuɔ6	
墳	fɐn4	
墾	hɐn2	
壁	pɪk7	
壅	jʊŋ1	
壇	tʰan4	
壑	kʰuɔk8	
壓	ʔat8	
壕	hou4	
壘	lui5	堡壘
壘	lɐt9	神荼鬱壘
壞	wai6	
壟	lʊŋ5	
壤	ȵiɛŋ4	
壩	pa3	
士	si6	
壬	ȵɐm4	
壯	tsuɔŋ3	
壹	jɐt7	
壺	wu4	
壼	wu4	
壽	sɐu6	
夏	ha6	
夕	tsɪk9	
外	ŋuɔi6	
夙	ɬʊk7	
多	tuɔ1	
夜	jɛ6	
夠	kɐu3	
夢	mʊŋ6	
夥	fuɔ2	
大	tai6	
天	tʰin1	
太	tʰai3	
夫	fu1	農夫
夭	jiu1	
央	jiɛŋ1	
夯	hɐŋ1	
失	sɐt7	
夷	ji4	
夸	kʰa1	
夾	kap9	
奄	jim2	奄奄一息
奇	kʰei4	奇怪
奈	nuɔi6	
奉	fʊŋ6	
奏	tsɐu3	
奐	wun6	
契	kʰɐi3	契約
奔	pɐn1	
奕	jɪk9	
套	tʰou3	
奘	tsuɔŋ6	
奠	tin6	
奢	tsʰɛ1	
奧	ʔou3	
奪	tut9	
奮	fɐn5	
女	nei5	
奴	nou4	
奶	nai5	
奸	kan1	
她	tʰa1	
好	hou2	友好
好	hou3	好客
如	ȵi4	
妃	fei1	
妄	muɔŋ4	
妊	ȵɐm6	
姸	ȵin4	
妒	tou3	
妓	kei6	
妖	jiu1	
妙	miu6	
妝	tsuɔŋ1	
妣	pei2	
妥	tʰuɔ5	
妨	fuɔŋ4	
妮	nei4	
妳	nei5	
妹	mui6	
妻	tsʰɐi1	
妾	tsʰip8	
姆	mou1	
姊	tsei2	
始	tsʰi2	
姍	san1	
姐	tsɛ2	
姑	ku1	
姒	tsʰei5	
姓	ɬɪŋ3	
委	wɐi2	委託,又读wɐi³¹²
姚	jiu4	
姜	kiɛŋ1	
姣	hau4	發姣
姦	kan1	
姨	ji4	
姪	tsɐt9	
姬	kei1	又读kʰei⁴⁵
姻	jɐn1	
姿	tsei1	
威	wɐi1	
娃	wa1	
娑	suɔ1	
娓	mei5	
娘	niɛŋ4	
娛	ji4	
娜	nuɔ4	婀娜
娜	nuɔ4	安娜
娟	kin1	
娠	sɐn4	
娠	sɐn4	妊娠
娣	tʰɐi5	又读tɐi⁵²
娥	ŋuɔ4	
娩	min5	白读miɛn³¹²
娶	tsʰei2	
娼	tsʰiɛŋ1	
婆	pʰuɔ4	
婉	wun2	
婊	piu2	
婚	fɐn1	
婦	fu5	
婪	lam4	
婷	tʰɪŋ4	
婺	mou6	
婿	ɬɐi3	
媒	mui4	
媚	mei4	
媧	wuɔ1	
媳	ɬɪk7	
媽	ma5	
嫁	ka3	
嫂	ɬou2	
嫉	tsɐt9	
嫌	jim4	
嫖	pʰiu4	
嫡	tɪk7	
嫣	jin1	
嫦	siɛŋ4	
嫩	nun6	
嫲	ma4	
嫻	han4	
嬉	hei1	
嬋	sin4	
嬌	kiu1	
嬤	ma1	
嬰	jɪŋ1	
嬸	sɐm2	
孀	suɔŋ1	
子	tsei2	
孔	kʰʊŋ2	又读hʊŋ³²³
孕	ȵɐn6	
字	tsei6	
存	tsʰun4	
孚	fu1	
孜	tsei1	
孝	hau3	
孟	mɐŋ6	
孢	pau1	
季	kɐi3	
孤	ku1	
孩	hai4	
孫	ɬun1	
孰	sʊk9	
孳	tsei1	
孵	fu1	白读pou⁵²
學	huɔk9	
孺	ji4	
孽	nip8	
它	tʰa1	
宅	tsɐk9	
宇	ji5	
守	sɐu3	
守	sɐu2	
安	ʔuɔn1	
宋	ɬʊŋ3	
完	jin4	
宏	fɐŋ4	
宕	tuɔŋ6	
宗	tsʊŋ1	
官	kun1	
宙	tsɐu6	
定	tɪŋ6	
宛	wun2	宛然
宜	ȵi4	
客	hɐk7	
宣	ɬin1	
室	sɐt7	
宦	wan6	
宮	kʊŋ1	
宰	tsuɔi2	
害	huɔi6	
宴	jin3	
宵	ɬiu1	
家	ka1	家人
宸	sɐn4	
容	jʊŋ4	
宿	ɬʊk7	住宿
寂	tsɪk9	又读tsɪk⁴⁵
寄	kei3	
寅	jɐn4	
密	mɐt9	
寇	kʰɐu3	
富	fu3	
寐	mei6	
寒	huɔn4	
寓	ji6	
寞	muɔk9	
察	tsʰat8	
寡	ka2	
寢	tsʰɐm2	
寤	ʔʊŋ6	
寥	liu4	
實	sɐt9	
寧	nɪŋ4	
寨	tsai6	
審	sɐm2	
寫	ɬɛ2	
寬	fun1	
寮	liu4	
寰	wan4	
寵	tsʰʊŋ2	
寶	pou2	
寸	tsʰun3	
寺	tsei6	
封	fʊŋ1	
射	sɛ6	發射
將	tsiɛŋ1	將來
將	tsiɛŋ3	將領
專	tsin1	
尉	wɐi3	太尉
尊	tsun1	
尋	tsʰɐm4	
對	tui3	
導	tou6	
小	ɬiu2	
少	siu2	多少
少	siu3	年少
尖	tsim1	
尙	siɛŋ6	
尤	jɐu4	
尬	kai3	
就	tsɐu6	
尷	kam3	
屍	si1	
尹	wɐn5	
尺	tsʰɪk7	
尼	nɐi4	
尾	mei5	
尿	niɐu6	
局	kʊk9	
屁	pʰei3	
居	kei1	
屆	kai3	
屈	kʰɐt7	
屋	ʔʊk7	
屌	tiu2	
屍	si1	
屎	si2	
屛	pʰɪŋ4	屏幕
屑	ɬit8	
展	tsin2	
屙	ʔuɔ1	
屜	tʰɐi3	
屠	tʰou4	
屢	lui5	
層	tsʰɐŋ4	
履	lei5	
屬	sʊk9	屬於
屯	tʰun4	
屯	tʰun4	又读tɐn³¹
山	san1	
屹	ŋɐt9	
岐	kʰei4	
岑	sɐm4	
岔	tsʰa3	
岡	kuɔŋ1	
巖	ŋam4	
岳	ŋuɔk9	
岷	mɐn4	
岸	ŋuɔn6	
峙	tsei6	
峨	ŋuɔ4	
峭	tsʰiu3	
峯	fʊŋ1	
島	tou2	
峻	tsɐn3	
峽	hap9	
崇	sʊŋ4	
崎	kʰei4	長崎
崎	kʰei1	崎嶇
崑	kɐn1	
崔	tsʰui1	
崖	ŋai4	
崗	kuɔŋ1	
崙	lɐn4	
崛	kɐt9	
崢	tsɐŋ1	
崩	pɐŋ1	
崽	tsɐi2	
嵋	mei4	
嵌	hɐm3	又读tsʰim³³
嵐	lam4	
嵩	ɬʊŋ1	
嵬	ŋɐi4	
嶄	tsam2	
嶇	kʰei1	
嶗	lou4	
嶙	lɐn4	
嶸	wɪŋ4	
嶺	lɪŋ5	
巍	ŋɐi4	
巒	lun4	
巓	tin1	
巖	ŋam4	
川	tsʰin1	
州	tsɐu1	
巡	tsʰɐn4	
巢	tsʰau4	
工	kʊŋ1	
左	tsuɔ2	
巧	hau2	又读kʰiu³²³
巨	kei6	
巫	mou4	
差	tsʰa1	參差
差	tsʰai1	出差
差	tsʰa1	差別
己	kei2	
已	ji5	
巳	tsei6	
巴	pa1	
巷	huɔŋ6	
巾	kɐn1	
市	si5	
布	pou3	
帆	fan4	
希	hei1	
帕	pʰɐk7	
帖	tʰip8	
帛	pɐk9	
帝	tɐi3	
帥	sui3	
師	ɬei1	
席	tsɪk9	
帳	tsiɛŋ3	
帶	tai3	
帷	wɐi4	
常	siɛŋ4	
帽	mou6	
幅	fʊk7	
幔	man6	
幕	muɔk8	
幟	tsɪk7	又读tsʰi³³
幢	tʊŋ6	量詞
幣	pɐi6	
幫	puɔŋ1	
干	kuɔn1	
平	pʰɪŋ4	
年	nin4	
幷	pɪŋ6	
幸	hɐŋ6	
幹	kuɔn3	
幻	wan6	
幼	jɐu3	
幽	jɐu1	
幾	kei2	幾個
幾	kei1	幾乎
莊	tsuɔŋ1	
庇	pei3	
牀	tsʰuɔŋ4	
序	tsei6	
底	tɐi2	
店	tim3	
庚	kɐŋ1	
府	fu2	
度	tou6	度量衡
度	tuɔk9	量度
座	tsuɔ6	
庫	fu3	
庭	tʰɪŋ4	
庵	ʔɐm1	
庶	si3	
康	huɔŋ1	
庸	jʊŋ4	
廁	tsʰi3	又读tsʰei³³
廂	ɬiɛŋ1	
廈	ha6	
廉	lim4	
廊	luɔŋ4	
廓	kʰuɔk8	
廖	liu6	
廚	tsʰi4	
廝	ɬei1	
廟	miu6	
廠	tsʰuɔŋ2	
廢	fɐi3	
廣	kuɔŋ2	
廬	lou4	
廳	tʰɪŋ1	
延	jin4	
廷	tʰɪŋ4	
建	kin3	
廿	ȵa6	
弄	nʊŋ6	
弈	jɪk9	
弊	pɐi6	
式	sɪk7	
弓	kʊŋ1	
弔	tiu3	
引	jɐn5	
弗	fɐt9	
弘	wɐŋ4	又读fɐŋ³¹
弛	tsʰi4	
弟	tɐi6	
弦	jin4	
弧	wu4	
弩	nou5	
弭	nei5	
弱	ȵiɛk9	
張	tsiɛŋ1	
強	kiɛŋ4	強壯
強	kʰiɛŋ5	勉強
彆	pit9	
彈	tan4	彈劾
彈	tʰan6	彈丸
彌	nei4	
彎	wan1	
彗	wɐi6	
彙	wui6	
彝	ji4	
形	jɪŋ4	
彤	tʰʊŋ4	
彥	ȵin6	
彩	tsʰuɔi2	
彪	piu1	
彬	pɐn1	
彭	pʰɐŋ4	
彰	tsiɛŋ1	
影	jɪŋ2	
彷	pʰuɔŋ4	彷徨
彷	fuɔŋ2	仿佛
役	wɪk9	
彼	pʰei2	
彿	fɐt9	
往	wuɔŋ5	
征	tsɪŋ1	
待	tuɔi6	
很	hɐn2	
徉	jiɛŋ4	
徊	wui4	
律	lɐt9	
後	hɐu6	
徐	tsʰei4	
徑	kɪŋ3	
徒	tʰou4	
得	tɐk7	
徘	pʰai4	
徙	ɬai2	
徛	ji2	
徜	siɛŋ4	
從	tsʰʊŋ4	從容
從	tsʰʊŋ4	跟從
御	ji6	
徨	wuɔŋ4	
復	fʊk9	又读fʊk⁴⁵
復	fʊk7	回復
循	tsʰɐn4	
徬	pʰuɔŋ4	
微	mei4	
徵	tsɪŋ1	徵求
德	tɐk7	
徹	tsʰit8	
徽	fɐi1	
心	ɬɐm1	
必	pit8	
忌	kei6	
忍	ȵɐn2	
忐	tʰam2	
忑	tʰɪk7	
志	tsi3	
忘	muɔŋ4	
忙	muɔŋ4	
忠	tsʊŋ1	
忪	tsʊŋ1	怔忪
忪	ɬʊŋ1	惺忪
快	fai3	
忱	sɐm4	
念	nim6	
忽	fɐt7	
忿	fɐn5	又读fɐn⁵²
怎	tsɐm2	
怒	nou6	
怔	tsɪŋ1	
怕	pʰa3	
怖	pou3	
思	ɬei1	思想
思	ɬei1	意思
怠	tuɔi6	
怡	ji4	
急	kiɐp7	
性	ɬɪŋ3	
怨	jin3	
怪	kai3	
怯	hip8	
怵	tsɐt7	
恁	ȵɐm4	
恃	si6	又读tsʰi³¹²
恆	hɐŋ4	
恍	fuɔŋ2	
恐	hʊŋ2	又读kʰʊŋ³²³
恕	si3	
恙	jiɛŋ6	
恢	fui1	
恣	tsei1	恣睢
恤	ɬɐt7	
恥	tsʰi2	
恨	hɐn6	
恩	jɐn1	
恬	tʰim4	
恭	kʊŋ1	
息	ɬɪk7	
恰	hɐp7	
恿	jʊŋ2	
悄	tsʰiu1	
悅	jit9	
悉	ɬɪk7	
悍	huɔn5	
悔	fui3	
悚	ɬʊŋ2	
悟	ʔʊŋ6	
悠	jɐu4	
患	wan6	
您	nei5	
悱	fei2	
悲	pei1	
悴	tsʰui5	又读tsʰui³³
悵	tsʰiɛŋ3	
悶	mun6	
悸	kɐi3	
悼	tou6	
悽	tsʰɐi1	
情	tsʰɪŋ4	
惆	tsʰɐu4	
惋	wun2	
惑	wɐk9	
惕	tʰɪk7	
惘	muɔŋ5	
惚	fɐt7	
惜	ɬɪk7	
惟	wɐi4	
惠	wɐi6	
惡	wu3	可惡
惡	ʔuɔk8	惡毒
惦	tim3	
惰	tuɔ6	
惱	nou5	
想	ɬiɛŋ2	
惶	wuɔŋ4	
惹	jɛ5	
惺	ɬɪŋ1	
惻	tsʰɐk7	
愁	sɐu4	
愈	ji6	
愉	ji4	
意	ji3	
愕	ŋuɔk9	
愚	ji4	
愛	ʔuɔi3	
愜	hip8	
感	kam2	又读kɐm³²³
愧	kʰɐi3	
愫	ɬou3	
愴	tsʰuɔŋ2	
愷	ʔuɔi2	
慄	lɐt9	
慈	tsʰei4	
態	tʰai3	
慌	fuɔŋ1	
愼	sɐn6	
慕	mou6	
慘	tsʰam2	
慚	tsʰam4	
慢	man6	
慣	kan3	
慧	wɐi6	
慨	kʰuɔi3	
慫	ɬʊŋ2	
慮	lei6	
慰	wɐi3	
慶	hɪŋ3	
慷	kʰuɔŋ1	
慾	jʊk9	
憂	jɐu1	
憊	pʰai3	
憋	pit8	
憎	tsɐŋ1	
憐	lin4	
憑	pʰɐŋ4	
憔	tsʰiu4	
憚	tan6	
憤	fɐn5	
憧	tsʰʊŋ1	
憨	kɐm2	
憩	hei3	
憫	mɐn5	
憬	kɪŋ2	
憲	hin3	
憶	jɪk7	
憾	ham6	
懂	tʊŋ2	
懇	hɐn2	
懈	hai6	
應	jɪŋ1	應該
應	jɪŋ3	回應,白读ʔɪŋ³³
懊	ʔou3	
懦	nuɔ6	
懲	tsʰɪŋ4	
懵	mʊŋ5	
懶	lan5	
懷	wai4	
懸	jin4	
懼	kei6	
懾	sip8	
懿	ji5	
戀	lun5	又读lin³¹²
戈	kʰuɔ1	
戊	mɐu6	
戌	ɬɐt7	
戍	si6	
戎	jʊŋ4	
成	sɪŋ4	
我	ŋuɔ5	
戒	kai3	
或	wɐk9	
戚	tsʰɪk7	
戟	kɪk7	
截	tsit9	
戮	lʊk9	
戰	tsin3	
戲	hei3	
戳	tsʰiɛk8	
戴	tai3	
戶	wu6	
戽	fu3	
房	fuɔŋ4	
所	suɔ2	
扁	piɛn2	扁平
扇	sin3	
扈	wu6	
扉	fei1	
手	sɐu2	
才	tsʰuɔi4	
扎	tsat8	
扒	pʰa4	扒飯
打	ta2	
打	ta1	量词
扔	ȵɪŋ4	
托	tʰuɔk8	
扣	kʰɐu3	
扭	nɐu2	
扮	pan6	
扯	tsʰɛ2	
扳	pan1	
扳	pan1	扳手
扶	fu4	
批	pʰɐi1	
扼	ʔɐk7	
找	tsau2	
承	sɪŋ4	
技	kei6	
抄	tsʰau1	
抉	kʰit8	
把	pa2	
抑	jɪk7	
抒	si1	
抓	tsa1	白读ȵa⁴⁵
投	tʰɐu4	
抖	tɐu2	
抗	kʰuɔŋ3	
折	tsit8	骨折
折	sit9	折本
抨	pʰɪŋ4	
披	pʰei1	
抬	tʰuɔi4	
抱	pʰou5	
抵	tɐi2	
抹	mut8	塗抹
抹	mat8	抹檯
押	ʔat8	
抽	tsʰɐu1	
抿	mɐn5	
拂	fɐt9	白读pʰɐt⁵²
拄	tsi2	
拆	tsʰɐk7	
拇	mou5	
拈	tsin1	拈花惹草
拉	lai1	
拋	pʰau1	
拌	pun6	
拍	pʰɐk7	
拎	lɪŋ1	
拐	kai2	
拑	kʰiɐm4	
拒	kʰei5	
拓	tʰuɔk8	開拓
拓	tʰuɔk8	拓本
拔	pat9	
拖	tʰuɔ1	
拗	ʔau2	动词
拘	kʰei1	
拙	tsʰut8	
招	tsiu1	
拜	pai3	
括	kʰut8	
拭	sɪk7	
拮	kit8	
拯	tsɪŋ2	又读tsʰɪŋ³²³
拱	kʊŋ2	
拳	kʰin4	
拴	san1	
拷	hau1	
拼	pʰɪŋ1	
拾	sɐp9	
拿	na4	
持	tsʰi4	
指	tsi2	
按	ʔuɔn3	
挑	tʰiu1	挑水,白读tʰiɐu⁴⁵
挖	wat8	
挨	ʔai1	又读ʔɐi⁴⁵
挪	nuɔ4	
挫	tsʰuɔ3	
振	tsɐn3	
挺	tʰɪŋ5	
挽	wan2	
挾	hip9	
捅	tʰʊŋ2	
捆	kʰɐn2	
捉	tsʊk7	白读tsuɔk³
捋	lut8	
捌	pat8	
捍	huɔn5	
捏	niɛt9	
捐	kin1	
捕	pou6	
捧	fʊŋ2	
捨	sɛ2	
据	kʰei3	
捱	ŋai4	
捲	kin2	白读kiɛn³²³;ʔiɛn³²³
捶	tsʰui4	
捷	tsip9	
捺	nat9	又读nap⁵²
掀	hin1	
掂	tim6	
掃	ɬou3	
掇	tsʰut8	
授	sɐu6	
掉	tiu6	
掌	tsiɛŋ2	
掏	tʰou4	
掐	hap8	
排	pʰai4	
掘	kɐt9	
掙	tsɐŋ1	掙脫
掙	tsɐŋ6	掙錢
掛	kʰa3	
掠	liɛk9	
採	tsʰuɔi2	
探	tʰam3	
掣	tsɐi3	
接	tsip8	
控	huŋ3	
推	tʰui1	
掩	jim2	
措	tsʰou3	
掬	kʊk7	
揀	kan2	
揉	jɐu4	
揍	tsɐu3	
描	miu4	
提	tʰɐi4	
插	tsʰap8	
揖	jɐp7	
揚	jiɛŋ4	
換	wun6	
揠	ʔat8	
握	ʔɐk7	
揣	tsʰun2	
揩	hai1	
揭	kʰit8	
揮	fɐi1	
援	jin4	又读wun³¹
搆	kʰɐu3	
損	ɬun2	
搏	puɔk8	
搐	tsʰʊk7	
搓	tsʰuɔ1	
搔	ɬou1	
搖	jiu4	
搗	tou2	
搜	ɬɐu2	
搞	kau2	
搥	tsʰui4	
搧	sin3	
搬	pun1	
搭	tap8	
搶	tsʰiɛŋ2	
搶	tsʰiɛŋ1	
搽	tsʰa4	
摒	pɪŋ2	
摔	ɬɐt7	
摘	tsɐk9	
摞	luɔ2	
摟	lɐu5	
摧	tsʰui1	
摩	muɔ1	
摯	tsi3	
摳	kʰɐu1	
摸	muɔ1	
摹	mou4	
摺	tsip8	
摻	tsʰam1	
撅	kʰit8	
撇	pʰit8	
撈	lou1	捞面
撈	lau1	打捞
撐	tsʰɐŋ3	
撒	ɬat8	
撓	ȵau1	
撕	ɬei1	
撞	tsuɔŋ6	
撤	tsʰit8	
撥	put8	
撩	liɐu4	
撫	fu2	
撬	kiu6	
播	puɔ3	
撮	tsʰut8	
撰	tsan6	
撲	pʰuɔk8	又读pʰʊk⁴⁵
撳	kɐm6	又读kiɐm⁵²
撼	ham6	
撿	kim2	
擁	jʊŋ2	
擂	lui4	
擄	lou5	
擅	sin6	
擇	tsɐk9	白读tuɔk⁵²
擊	kɪk7	
擋	tuɔŋ2	阻擋
操	tsʰou1	早操
操	tsʰou1	操行
擎	kʰɪŋ4	
擒	kʰiɐm4	
擔	tam1	擔水
擔	tam3	重擔
據	kʰei3	
擠	tsɐi1	
擣	tou2	
擤	ɬɐŋ3	
擦	tsʰat8	
擬	ji5	
擱	kuɔk8	
擲	tsɐk9	
擴	kʰuɔŋ3	
擺	pai2	
擻	ɬɐu2	抖擻
擾	jiu2	
攀	pʰan1	
攆	niɛn2	
攏	lʊŋ5	
攔	lan4	
攘	ȵiɛŋ5	攘除
攙	tsʰam1	
攜	kʰɐi4	
攝	sip8	
攣	lun4	
攤	tʰan1	
攪	kau2	
攬	lam5	
支	tsi1	
收	sɐu1	
攸	jɐu4	
改	kuɔi2	
攻	kʊŋ1	
放	fuɔŋ3	
政	tsɪŋ3	
故	ku3	
效	hau6	
敏	mɐn5	
救	kiɐu3	
敖	ŋou4	
敗	pai6	
敘	tsei6	
敎	kau3	教室
敝	pɐi6	
敞	tsʰuɔŋ2	
敢	kɐm2	
散	ɬan2	散文
散	ɬan3	散步
敦	tɐn1	
敬	kɪŋ3	
敲	hau1	
整	tsɪŋ2	
敵	tɪk9	
敷	fu1	
數	ɬou2	~數
數	ɬou3	數字
斂	lim5	
斃	pɐi6	
文	mɐn4	文字
斌	pɐn1	
斐	fei2	
斑	pan1	
斕	lan4	
斗	tɐu2	
料	liu6	
斛	fʊk9	
斜	tsʰɛ4	
斟	tsɐm1	
斤	kɐn1	
斥	tsʰɪk7	
斧	fu2	白读pou³²³
斬	tsam2	
斯	ɬei1	
新	ɬɐn1	
斷	tun6	恩斷義絕
斷	tun6	診斷
斷	tʰun5	白讀
方	fuɔŋ1	
於	ji1	
施	si1	
旁	pʰuɔŋ4	
旅	lei5	
旋	sin4	
族	tsʊk9	
旗	kʰei4	
既	kei3	
日	ȵɐt9	
旦	tan3	元旦
旦	tan3	花旦
旨	tsi2	
早	tsou2	
旬	tsʰɐn4	
旭	jʊk7	
旱	huɔn5	
旺	wuɔŋ6	
昂	ŋuɔŋ4	
昆	kʰɐn1	
昇	sɪŋ1	
昊	hou6	
昌	tsʰiɛŋ1	
明	mɪŋ4	
昏	fɐn1	
易	ji6	容易
易	jɪk9	交易
昔	ɬɪk7	
星	ɬɪŋ1	
映	jɪŋ2	
春	tsʰɐn1	
昧	mei6	
昨	tsuɔk9	
昭	tsʰiu1	
是	si6	
昱	jʊk7	
時	si4	
晃	fuɔŋ2	
晉	tsɐn3	
晌	hiɛŋ2	
晏	ʔan3	
曬	sai3	
晚	man5	
晝	tsɐu3	
晤	ʔʊŋ6	
晦	fui3	
晨	sɐn4	
普	pʰou2	
景	kɪŋ2	
晰	ɬɪk7	
晴	tsʰɪŋ4	
晶	tsɪŋ1	
智	tsi3	
晾	luɔŋ6	
暄	hin1	
暇	ha6	
暈	wɐn4	頭暈
暉	fɐi1	
暑	si2	
暖	nun5	
暗	ʔɐm3	
暝	mɪŋ4	
暢	tsʰiɛŋ3	
暨	kʰei3	
暫	tsam6	
暮	mou6	
暱	nɪk7	
暴	pou6	凶暴
曆	lɪk9	
曉	hiu2	
曖	ʔuɔi2	
曙	si5	
曜	jiu6	
曠	kʰuɔŋ3	
曦	hei1	
曩	nuɔŋ4	
曬	sai3	
曰	jit8	
曲	kʰʊk7	
曳	jɐi6	
更	kɐŋ1	更改
更	kɐŋ1	三更半夜
更	kɐŋ3	更加
書	si1	
曹	tsʰou4	
曼	man6	
曾	tsɐŋ1	曾孫
曾	tsʰɐŋ4	曾經
替	tʰɐi3	
最	tsui3	
會	wui6	會面
會	wui6	會計
會	wui5	懂得,又读wɐi³¹²
月	ȵit9	
有	jɐu5	
朋	pʰɐŋ4	
服	fʊk9	
朔	suɔk8	
朗	luɔŋ5	
望	muɔŋ6	
朝	tsiu1	朝夕
朝	tsʰiu4	朝廷
期	kʰei4	日期
朦	mʊŋ4	
朧	lʊŋ4	
木	mʊk9	
未	mei6	
末	mut9	
本	pun2	
札	tsat8	
朮	sɐt9	
朱	tsi1	
朴	pʰuɔk8	
朵	tuɔ2	
朽	lɐu5	
杆	kuɔn1	
杈	tsʰa1	
杉	tsʰam3	
李	lei5	
杏	hɐŋ6	
材	tsʰuɔi4	
村	tsʰun1	
杖	tsiɛŋ6	
杜	tou6	
杞	kei2	
束	tsʰʊk7	
杠	kʊŋ3	杠杆
杠	kuɔŋ3	单杠
杭	huɔŋ4	
杯	pui1	
杰	kit9	
東	tʊŋ1	
杳	miu5	
杵	tsʰi5	
杷	pʰa4	
松	tsʰʊŋ4	
板	pan2	
枇	pʰi4	
枉	wuɔŋ2	
析	ɬɪk7	
枒	ŋa4	
枕	tsɐm2	枕頭
枕	tsɐm3	枕戈待旦
林	lɐm4	
枚	mui4	
果	kuɔ2	
枝	tsi1	
枯	kʰu1	
枴	kai2	
架	ka3	
枷	ka1	
枸	kɐu2	
柄	pɪŋ3	
柏	pɐk7	
某	mɐu5	
柑	kɐm1	
柒	tsʰɐt7	
染	ȵim5	
柔	jɐu4	
柚	jɐu6	
柢	tɐi2	
査	tsʰa4	檢查
査	tsa1	查姓
柬	kan2	
柯	kʰuɔ1	
柱	tsʰi5	
柳	lɐu5	
柴	tsʰai4	
柵	tsʰɐk7	木柵
柵	san1	柵極
柿	si6	
栓	san1	
栗	lɐt9	
校	hau6	學校
校	kau3	校對
栩	hei2	
株	tsi1	
核	hɐt9	
根	kɐn1	
格	kɐk7	
栽	tsuɔi1	
桀	kit9	
桂	kɐi3	
桃	tʰou4	
桅	wɐi4	
框	huɔŋ1	又读kʰuɔŋ⁴⁵
案	ʔuɔn3	
桌	tsʰiɛk8	又读tsuɔk³
桐	tʰʊŋ4	
桑	suɔŋ1	又读ɬuɔŋ⁴⁵
桓	fun4	
桔	kɐt7	桔梗
桔	kit8	桔柣
桕	kʰɐu5	
桶	tʰʊŋ2	
桿	kuɔn1	
梁	liɛŋ4	
梅	mui4	
梓	tsei2	
梗	kɐŋ2	
條	tʰiu4	
梢	sau1	
梧	ʔʊŋ4	
梨	lei4	
梭	suɔ1	
梯	tʰɐi1	
械	hai6	
梳	suɔ1	
梵	fan6	
棄	hei3	
棉	min4	
棋	kʰei4	
棍	kɐn3	
棒	pʰɐŋ5	
棕	tsʊŋ1	
棗	tsou2	
棘	kɪk7	
棚	pʰɐŋ4	
棟	tʊŋ3	
棠	tʰuɔŋ4	
棧	tsan6	
森	sɐm1	
棱	lɪŋ4	
棲	tsʰɐi1	
棵	kʰuɔ1	
棺	kun1	
椅	ji2	
植	tsɪk9	
椎	tsui1	鐵椎又读ȵui⁴⁵
椎	tsui1	脊椎
椏	ʔa1	
椒	tsiu1	
椰	jɛ4	
椴	tun6	
椿	tsʰɐn1	
楊	jiɛŋ4	
楓	fʊŋ1	
楔	ɬiɐp8	
楚	tsʰuɔ2	
楝	lin6	
楞	lɪŋ4	楞角
楠	nam4	
楣	mei4	
楨	tsɪŋ1	
業	ȵip9	
極	kɪk9	
楷	kai1	楷書
概	kʰuɔi3	
楡	ji4	
榔	luɔŋ4	
榕	jʊŋ4	
榛	tsɐn1	
榜	puɔŋ2	
榨	tsa3	
榫	ɬɐn2	
榭	tsɛ6	
榮	wɪŋ4	
榴	lɐu4	
榻	tʰap8	
構	kʰɐu3	
槌	tsʰui4	
槍	tsʰiɛŋ1	
槎	tsʰa4	
槐	wai4	
槓	kuɔŋ3	
槳	tsiɛŋ2	
槽	tsʰou4	
槿	kɐn2	
樁	tsuɔŋ1	
樂	ŋuɔk9	音樂
樂	luɔk9	快樂
樅	tsʊŋ1	
樊	fan4	
樓	lɐu4	
標	piu1	
樞	si1	
樟	tsiɛŋ1	
模	mou4	
樣	jiɛŋ6	
樵	tsʰiu4	
樸	pʰuɔk8	
樹	si6	
樺	wa4	
樽	tsun1	
橄	kɐm2	
橋	kʰiu4	
橘	kɐt7	
橙	tsʰɐŋ4	
橛	kit8	木橛子
橛	kʰit9	兩橛
機	kei1	
橡	tsiɛŋ6	
橢	tʰuɔ5	
橫	wɐŋ4	
檀	tʰan4	
檔	tuɔŋ2	
檢	kim2	
檬	mʊŋ1	
檯	tʰuɔi4	
檳	pɐn1	
檸	nɪŋ4	
檻	kʰam5	門檻
櫃	kɐi6	
櫓	lou5	
櫚	lui5	
櫛	tsit8	
櫥	tsʰi4	
櫸	kei2	
櫻	jɪŋ1	
欄	lan4	
權	kʰin4	
欖	lam5	
欠	him3	
次	tsʰei3	
欣	jɐn1	
欲	jʊk9	
欺	hei1	
欽	jɐm1	又读hiɐm⁴⁵
款	fun2	
歇	hit8	
歉	hip8	
歌	kuɔ1	
歎	tʰan3	
歐	ʔɐu1	
歡	fun1	
止	tsi2	
正	tsɪŋ1	正月
正	tsɪŋ3	正午
此	tsʰei2	
步	pou6	
武	mou5	
歧	kʰei4	
歪	wai1	
歲	ɬui3	
歷	lɪk9	
歸	kɐi1	
歹	tai2	
死	ɬei2	
殃	jiɛŋ1	
殉	ɬɐn3	
殊	si4	
殖	tsɪk9	
殘	tsʰan4	
殞	wɐn5	
殫	tan1	
殮	lim5	
殯	pɐn1	
殲	tsʰim1	
段	tun6	
殷	jɐn1	殷切
殷	jɐn1	殷紅
殺	sai3	殺哀
殺	sat8	殺敵
殼	huɔk8	
殿	tin6	
毀	fɐi2	
毅	ŋɐi6	
毆	ʔɐu1	
毋	mou4	
母	mou5	
每	mui5	
毒	tʊk9	
毓	jʊk7	
比	pei2	比鄰
比	pei2	比較
毛	mou4	
毫	hou4	
毬	kʰiɐu4	
毯	tʰam2	
毽	kin6	
氈	tsin1	
氏	si6	姓氏
民	mɐn4	
氓	muɔŋ4	
氛	fɐn1	
氣	hei3	
氤	jɐn1	
氧	jiɛŋ5	
氨	uɔn1	
氫	hɪŋ1	
氮	tam6	
氯	lʊk9	
水	sui2	
永	wɪŋ5	
氾	fan3	氾濫
汀	tʰɪŋ1	
汁	tsɐp7	
求	kʰiɐu4	
汊	tsʰa1	
汐	tsɪk9	
汕	san3	
汕	san3	汕頭
汗	huɔn6	流汗
汙	wu1	
汝	ȵi5	
汞	kʊŋ3	
江	kuɔŋ1	
池	tsʰi4	
污	wu1	
汪	wuɔŋ1	
汰	tʰai3	
汲	kʰiɐp7	
汴	pin6	
決	kʰit8	
汽	hei3	
沁	jɐm3	又读ɬɐm³¹²
沃	jʊk7	
沈	sɐm2	
沉	tsʰɐm4	
沌	tɐn6	
沐	mʊk9	
沒	mut9	
沓	tʰap9	又读tʰap³
沖	tsʰʊŋ1	
沙	sa1	
沛	pʰui3	
沫	mut9	
沮	tsui2	沮喪
沱	tʰuɔ4	
河	huɔ4	
沸	fɐi3	俗读fɐt⁵²
油	jɐu4	
治	tsi6	
沼	tsiu2	
沽	ku1	
沾	tsim1	
沿	jin4	
況	kʰuɔŋ3	
泄	ɬit8	
泉	tsʰin4	
泊	puɔk9	
泌	pei3	
法	fat8	
泛	fan3	
泡	pʰau3	浸泡
泡	pʰau1	燈泡
泡	pʰɐu5	白讀
波	puɔ1	
泣	jɐp7	
泥	nɐi4	泥土
注	tsi3	
泯	mɐn5	
泰	tʰai3	
泱	jiɛŋ1	
泳	wɪŋ6	
泵	pɐm1	
洄	wui4	
洇	jɐn1	
洋	jiɛŋ4	
洗	ɬɐi2	
洛	luɔk8	
洞	tʊŋ6	
津	tsɐn1	
洪	hʊŋ4	
洲	tsɐu1	
洶	hʊŋ1	
活	wut9	
洽	hɐp7	
派	pʰai3	
流	lɐu4	
浙	tsit8	
浚	tsɐn3	
浣	wun5	
浦	pʰou2	
浩	hou6	
浪	luɔŋ6	波浪
浮	fɐu4	白读pʰou³¹
浴	jʊk9	
海	huɔi2	
浸	tsɐm3	
涂	tʰou4	
涅	nip9	
涇	kɪŋ1	
消	ɬiu1	
涉	sip8	
涓	kin1	
涔	sɐm4	
涕	tʰɐi3	又读tʰɐi³¹²
涯	ŋai4	
液	jɪk9	
涵	hɐm4	
涼	liɛŋ4	
淅	ɬɪk7	
淆	ŋau4	
淇	kʰei4	
淋	lɐm4	
淌	tʰuɔŋ2	
淑	sʊk9	
淒	tsʰɐi1	
淘	tʰou4	
淙	tsʊŋ1	
淚	lui6	
淡	tam6	冷淡
淡	tʰam5	白讀
淤	ji1	又读ji³²³
淨	tsɪŋ6	
淪	lɐn4	
淫	ȵɐm4	
淬	tsʰui3	
淮	wai4	
深	sɐm1	
淳	sɐn4	
淵	jin1	
混	kɐn6	
淹	jim1	
淺	tsʰiɛn2	
添	tʰim1	
淸	tsʰɪŋ1	
渙	fun6	
減	kam2	
渝	ji4	
渠	kʰei4	
渡	tou6	
渣	tsa1	白读ȵa⁴⁵
渤	put9	
渦	wuɔ1	漩渦
測	tsʰɐk7	
渭	wɐi6	
港	kuɔŋ2	
渲	ɬin3	
渴	huɔt8	
游	jɐu4	
渺	miu5	
渾	wɐn4	渾人，雄渾
湃	pai3	
湄	mei4	
湊	tsʰɐu3	
湍	tsʰun1	
湖	wu4	
湘	ɬiɛŋ1	
湛	tsam3	又读tsam⁵²
湧	jʊŋ2	
湮	jɐn1	
湯	tʰuɔŋ1	
溉	kʰuɔi3	
源	ȵin4	
準	tsɐn2	
溜	lɐu1	
溝	kʰɐu1	
溢	jɐt9	
溪	kʰɐi1	
溫	wɐn1	
溯	suɔk8	
溶	jʊŋ4	
溺	nɪk9	溺死
溼	sɐp7	
滂	pʰuɔŋ4	
滄	tsʰuɔŋ1	
滅	mit9	
滋	tsei1	
滌	tɪk9	
滎	jɪŋ4	
滑	wat9	滑稽
滑	wat9	光滑
滔	tʰou1	
滕	tʰɐŋ4	
滬	wu6	
滯	tsɐi6	
滲	sɐm3	
滴	tɪk7	
滷	lou5	
滸	fu2	
滾	kan2	
滿	mun5	
漁	ȵi4	
漂	pʰiu1	漂泊
漂	pʰiu3	漂亮
漆	tsʰɐt7	
漉	lʊk7	
漏	lɐu6	
漓	lei4	
演	jin2	
漚	ʔɐu3	
漠	muɔk8	
漢	huɔn3	
漣	lin4	
漩	ɬin4	
漪	ji1	
漫	man6	
漬	tsɪk7	
漱	sɐu3	
漲	tsiɛŋ3	
漳	tsiɛŋ1	
漸	tsim6	逐漸
漾	jiɛŋ6	
漿	tsiɛŋ1	
潁	wɪŋ6	
潑	pʰut8	
潔	kit8	
潘	pʰun1	
潛	tsʰim4	
潢	wuɔŋ4	
潤	ȵɐn6	
潦	liu4	潦倒
潭	tʰam4	
潮	tsʰiu4	
潰	kʰui3	
潲	sau3	
潺	san4	
澀	kiɐp10	
澄	tsʰɪŋ4	
澇	lou6	
澈	tsʰit8	
澎	pʰɐŋ4	
澗	kan3	
澡	tsʰou3	
澤	tsɐk9	
澱	tin6	
澳	ʔou3	
澹	tam6	
激	kɪk7	
濁	tsuɔk9	
濃	nʊŋ4	白读ȵʊŋ³¹
濕	sɐp7	
濘	nɪŋ6	
濛	mʊŋ4	
濟	tsɐi3	救濟
濠	hou4	
濤	tʰou4	又读tʰou⁴⁵
濫	lam6	
濬	tsɐn3	
濱	pɐn1	
濺	tsin6	飛濺
濾	lui6	
瀅	jɪŋ4	
瀆	tʊk9	
瀉	ɬɛ3	
瀏	lɐu4	
瀑	pʊk9	
瀘	lou4	
瀚	huɔn6	
瀛	jɪŋ4	
瀝	lɪk7	瀝乾
瀟	ɬiu1	
瀨	lai6	
瀰	nei4	
瀾	lan4	
灌	kun3	
灑	sa2	又读ɬa³²³
灘	tʰan1	
灣	wan1	
火	fuɔ2	
灰	fui1	
竈	tsou3	
灸	kiɐu3	
灼	tsʰiɛk8	
災	tsuɔi1	
炊	tsʰui1	
炎	jim4	人名读jim⁵²
炒	tsʰau2	
炕	kʰuɔŋ3	
炙	tsɪk1	
炫	jin4	
炬	kei6	
炭	tʰan3	
炮	pʰau3	炮彈
炮	pʰau3	
炯	kʰɪŋ2	
炳	pɪŋ2	
炸	tsa3	
烈	lit9	
烊	jiɛŋ4	
烏	wu1	
烘	hʊŋ3	
烙	luɔk8	
烤	hau1	
烯	hei1	
烷	jin2	
烹	pʰɐŋ1	
烽	fʊŋ1	
焉	jin4	心不在焉
焉	jin1	焉知非福
焊	huɔn6	
焙	pui6	又读pʰui³¹
焚	fɐn4	
無	mou4	
焦	tsiu1	
焯	tsʰiɛk8	
焰	jim6	
然	ȵin4	
煉	lin6	
煌	wuɔŋ4	
煎	tsin1	
煒	wɐi5	
煙	jin1	
煞	sat8	
煤	mui4	
煥	fun6	
煦	hei1	
照	tsiu3	
煩	fan4	
煮	tsi2	
煲	pou1	
煽	sin3	
熄	ɬɪk7	
熊	hʊŋ4	
熏	fɐn1	
熒	jɪŋ4	
熔	jʊŋ4	
煕	hei1	
熟	sʊk9	
熨	tʰuɔŋ3	熨斗。訓讀「燙」
熬	ŋou4	白读ŋou⁵²
熱	ȵit9	
熹	hei1	
熾	tsi3	又读tsʰɪk⁴⁵
燃	ȵin4	
燄	jim6	
燈	tɐŋ1	
燉	tɐn3	
燎	liu4	
燐	lɐn4	
燒	siu1	
燕	jin3	燕子
燕	jin1	燕國
燙	tʰuɔŋ3	
燜	mun6	
營	jɪŋ4	又读wɪŋ³¹
燥	tsʰou3	
燦	tsʰan3	
燧	ɬui6	
燭	tsʊk7	
燻	fɐn1	
爆	pau3	
爍	lɪk7	
爐	lou4	
爛	lan6	
爪	tsau2	
爬	pʰa4	
爭	tsɐŋ1	
爲	wɐi4	作爲
爲	wɐi6	爲了
爵	tsiɛk8	
父	fu6	
爸	pa1	
爹	tɛ1	
爺	jɛ4	
爽	suɔŋ2	
爾	ȵi5	
牀	tsʰuɔŋ4	
牆	tsʰiɛŋ4	
片	pʰin3	白读pʰiɛn³³
版	pan2	
牌	pʰai4	
牒	tiɐp9	
牘	tʊk9	
牙	ŋa4	
牛	ŋɐu4	
牟	mɐu4	
牠	tʰa1	
牡	mau5	
牢	lou4	
牧	mʊk9	
物	mɐt9	
牯	ku2	
牲	sɐŋ1	
牴	tɐi2	
牸	tsei6	
特	tɐk9	
牽	hin1	
犀	ɬɐi1	
犁	lɐi4	
犍	kin6	
犒	kʰou3	
犢	tʊk9	
犧	hei1	
犬	hin2	
犯	fan6	
狀	tsuɔŋ6	
狂	kʰiɛŋ4	
狄	tɪk9	
狐	wu4	
狒	fɐi3	又读fɐt⁵²
狗	kɐu2	
狠	hɐn2	
狡	kau2	
狩	sɐu3	
狸	lei4	
狹	hap9	
狼	luɔŋ4	
狽	pui3	
猖	tsʰiɛŋ1	
猙	tsɐŋ1	
猛	mɐŋ5	
猜	tsʰai1	
猝	tsʰut9	
猢	wu4	
猩	ɬɪŋ1	
猴	hɐu4	
猶	jɐu4	
猾	wat9	
猿	jin4	
獁	ma5	
獃	ŋuɔi4	
獄	jʊk9	
獅	ɬei1	
獎	tsiɛŋ2	
獗	kʰit8	
獠	liu4	
獨	tʊk9	
獰	nɪŋ4	
獲	wuɔk8	
獵	liɐp9	
獷	kʰuɔŋ3	
獸	tsʰɐu3	又读sɐu³³
獻	hin3	
獼	nei4	
玄	jin4	
率	ɬɐt7	率領
率	lɐt9	效率
玉	ȵʊk9	
王	wuɔŋ4	國王
玖	kiɐu2	
玩	wan2	玩弄
玩	wan2	去玩
玫	mui4	
玲	lɪŋ4	
玷	tim3	
玻	puɔ1	
珀	pʰɐk7	
珊	san1	
珍	tsɐn1	
珠	tsi1	
班	pan1	
珮	pʰui3	
現	jin6	
球	kʰiɐu4	
琅	luɔŋ4	
理	lei5	
琇	ɬɐu3	
琉	lɐu4	
琛	sɐm1	
琢	tiɛk8	
琥	fu2	
琦	kʰei4	
琪	kʰei4	
琳	lɐm4	
琴	kʰiɐm4	
琵	pʰi4	
琶	pʰa4	
瑋	wɐi5	
瑕	ha4	
瑙	nou5	
瑚	wu4	
瑛	jɪŋ1	
瑜	ji4	
瑞	ɬui6	
瑟	ɬɐt7	
瑣	ɬuɔ2	
瑤	jiu4	
瑩	jɪŋ4	
瑪	ma5	
瑯	luɔŋ4	
瑰	kɐi3	玫瑰
瑰	kɐi3	瑰麗
瑾	kɐn2	
璀	tsʰui1	
璃	lei4	琉璃
璃	lei1	玻璃又读lei³¹
璇	ɬin4	
璋	tsiɛŋ1	
璐	lou6	
璜	wuɔŋ4	
璧	pɪk7	
璨	tsʰan3	
環	wan4	
璽	ɬai2	
瓊	kʰɪŋ4	
瓏	lʊŋ4	
瓜	ka1	
瓢	pʰiɐu4	
瓣	pan6	
瓤	niɛŋ4	
瓦	ŋa5	
甁	pʰɪŋ4	
瓷	tsʰei4	
甄	tsɐn1	
甌	ʔɐu1	
甕	ʔʊŋ3	
甘	kɐm1	
甚	sɐm6	
甜	tʰim4	
生	sɐŋ1	
產	tsʰan2	
甥	sɐŋ1	
甦	ɬou1	
用	jʊŋ6	
甩	lɐt7	
甫	pʰou2	杜甫
甬	jʊŋ2	
田	tʰin4	
由	jɐu4	
甲	kap8	
申	sɐn1	
男	nam4	
甸	tin6	
畀	pei2	
界	kai3	
畏	wɐi3	
畔	pun6	
留	lɐu4	
畜	tsʰʊk7	
畝	mɐu5	
畢	pɐt7	
略	liɛk9	
番	fan1	
畫	wa6	圖畫
畫	wɐk9	畫圖
異	ji6	
當	tuɔŋ1	當然
當	tuɔŋ3	適當
畸	kʰei1	
疆	kiɛŋ1	
疇	tsʰɐu4	
疊	tip9	
疏	suɔ1	疏通
疑	ji4	又读ȵi³¹
疚	kiɐu3	
疣	jɐu4	
疤	pa1	
疫	wɪk9	
疲	pʰei4	
疹	tsʰɐn2	
疼	tʰʊŋ3	疼愛
疾	tsɐt9	
痂	ka1	
病	pɪŋ6	
症	tsɪŋ3	
痊	tsʰin4	
痔	tsi3	
痕	hɐn4	
痘	tɐu6	
痛	tʰʊŋ3	
痠	ɬun1	
痢	lei6	
痣	tsi3	
痰	tʰam4	
痱	pui6	
癡	tsʰi1	
痹	pei3	
痺	pei3	
瘀	ji1	
瘋	fʊŋ1	
瘍	jiɛŋ4	
瘓	fun6	
瘕	ha1	
瘖	jɐm1	
瘟	wɐn1	
瘠	tsɪk7	
瘡	tsʰuɔŋ1	
瘤	lɐu4	
瘦	ɬɐu3	
瘧	ȵiɛk9	
瘴	tsiɛŋ1	
療	liu4	
癌	ŋam4	
癒	ji6	
癖	pʰɪk7	
癟	pit9	
癡	tsʰi1	
癢	jiɛŋ5	
癤	tsit8	
癥	tsɪŋ3	
癩	lai6	
癬	ɬin2	
癮	jɐn5	
癱	tʰan1	
癲	tin1	
癸	kɐi3	
登	tɐŋ1	
發	fat8	
白	pɐk9	
百	pɐk7	
皂	tsou6	
的	tɪk7	
皆	kai1	
皇	wuɔŋ4	
皎	kau2	
皓	hou6	
皖	wun2	
皚	ʔuɔi2	
皮	pʰei4	
皰	pʰau3	
皺	tsɐu3	白读ȵɐu³³
皿	mɪŋ5	
盂	ji4	
盃	pui1	
盅	tsʊŋ1	
盆	pʰun4	
盈	jɪŋ4	
益	jɪk7	
盎	ʔuɔŋ3	
盒	hɐp9	
盔	kʰui1	又读kɐi⁴⁵
盛	sɪŋ6	旺盛
盜	tou6	
盞	tsan2	
盟	mɐŋ4	
盡	tsɐn6	
監	kam1	監獄
監	kam3	太監
盤	pʰun4	
盧	lou4	
盪	tuɔŋ6	
目	mʊk9	
盯	tɪŋ1	
盲	mɐŋ4	
直	tsɪk9	
相	ɬiɛŋ1	互相
相	ɬiɛŋ3	相貌
盹	tɐn2	
盼	pʰan3	
盾	tʰɐn5	
省	sɐŋ2	省城
省	ɬɪŋ2	反省
眇	miu5	
眈	tam1	
眉	mei4	
看	huɔn3	看守
看	huɔn3	看待
眞	tsɐn1	
眠	min4	
眨	tsap8	又读tsam³²³
眯	mɐi3	又读mi⁴⁵
眶	kʰuɔŋ1	又读huɔŋ⁴⁵
眷	kin3	
眸	mɐu4	
眺	tʰiu3	
眼	ŋan5	
眾	tsʊŋ3	
睇	tʰɐi2	
睏	kʰɐn3	
睛	tsɪŋ1	
睜	tsʰɐŋ3	
睞	luɔi6	
睡	sui6	
督	tʊk7	
睦	mʊk9	
睪	kou1	睪丸
睫	tsip9	
睬	tsʰuɔi2	
睹	tou2	
睽	kʰɐi4	
睿	jui6	
瞄	miu4	
瞇	mei4	
瞌	hɐp7	
瞑	mɪŋ5	
瞞	mun4	
瞠	tʰuɔŋ2	
瞥	pʰit8	
瞧	tsʰiu4	
瞪	tɐŋ4	
瞬	sɐn3	
瞭	liu4	瞭望
瞭	liu4	明瞭
瞰	kɐm2	
瞳	tʰʊŋ4	
瞻	tsim1	
瞼	kim2	
矇	mʊŋ4	
矗	tsʰʊk7	
矚	tsʊk7	
矛	mau4	
矜	kɪŋ1	
矢	tsʰi2	
矣	ji5	
知	tsi1	知道
知	tsi3	知識
矩	kʰei2	又读kei³²³
短	tun2	
矮	ʔɐi2	又读ʔai³²³
矯	kiu2	
石	sɪk9	
矽	tsɪk9	
砂	sa1	
砌	tsʰɐi3	又读tsʰei³³
砍	hɐm2	
硏	ȵin4	又读ŋan³¹
砝	fat8	
砰	pʰɪŋ4	
砲	pʰau3	
破	pʰuɔ3	
砸	tsap9	
硃	tsi1	
硅	kɐi1	
硓	lou5	
硝	ɬiu1	
硫	lɐu4	
硬	ŋɐŋ6	
硯	ȵin6	
硼	pʰɐŋ4	
碌	lʊk7	
碎	ɬui3	
碑	pei1	
碗	wun2	
碘	tin2	
碟	tiɐp9	
碣	kʰit8	
碧	pɪk7	
碩	siɛk9	又读siɛk³
碰	pʰʊŋ3	
碳	tʰan3	
確	kʰuɔk8	
碼	ma5	
碾	niɛn2	又读ŋan³²³
磁	tsʰei4	
磅	puɔŋ4	磅礴
磅	pʰuɔŋ6	重量單位
磊	lui5	
磋	tsʰuɔ1	
磐	pʰun4	
磚	tsin1	
磡	hɐm1	又读hɐm³³
磨	muɔ6	
磨	muɔ4	
磯	kei1	
磷	lɐn4	
磺	wuɔŋ4	
礁	tsiu1	
礎	tsʰuɔ2	
礙	ŋuɔi6	
礦	kʊŋ2	
礫	lɪk7	
礴	puɔk9	
示	si6	
社	sɛ5	
祀	tsei6	
祁	kʰei4	
祂	tʰa1	
祇	tsi2	同「只有」的「只」
祈	kʰei4	
祉	tsi2	
祐	jɐu6	
祕	pei3	
祖	tsou2	
祝	tsʊk7	
神	sɐn4	
祟	sʊŋ4	
祠	tsʰei4	
祥	tsʰiɛŋ4	
票	pʰiu3	
祭	tsɐi3	
祿	lʊk9	
禁	kiɐm3	禁止
禁	kʰiɐm1	禁著
禍	wuɔ6	
禎	tsɪŋ1	
福	fʊk7	
禦	ji6	
禧	hei1	
禪	sin4	禪師
禪	sin6	禪讓
禮	lɐi5	
禱	tou2	
禹	ji5	
禺	ji4	
禽	kʰiɐm4	
禾	wuɔ4	
禿	tʰʊk7	
秀	ɬɐu3	
私	ɬei1	
秉	pɪŋ2	
秋	tsʰɐu1	
科	fuɔ1	
秒	miu5	
秘	pei3	
租	tsou1	
秤	tsʰɪŋ3	地秤
秤	pʰɪŋ4	天秤
秦	tsʰɐn4	
秧	jiɛŋ1	
秩	tit9	
移	ji4	
稀	hei1	
稅	sui3	
稈	kuɔn2	
程	tsʰɪŋ4	
稍	sau2	
稔	niɐm1	
稚	tsi3	
稜	lɪŋ4	
稞	kʰuɔ1	
稟	pɐn2	
稠	tsʰɐu4	
種	tsʊŋ2	種子
種	tsʊŋ3	種植
稱	tsʰɪŋ1	稱呼
稱	tsʰɪŋ3	稱職
稷	tsɪk7	
稻	tou6	
稼	ka3	
稿	kou2	
穀	kʊk7	
穆	mʊk9	
穌	ɬou1	
積	tsɪk7	
穎	wɪŋ6	
穗	ɬui6	
穢	wɐi3	
穩	wɐn2	
穫	wuɔk9	
穴	jit9	
究	kiɐu3	
空	hʊŋ1	
穿	tsʰin1	
突	tɐt9	
窄	tsɐk7	
窈	jiu2	
窒	tsɐt9	
窕	tiu6	
窖	kau3	
窗	tsʰuɔŋ1	
窘	kʰɐn3	
窟	kʰɐt7	
窣	ɬɐt7	
窩	wuɔ1	
窪	wa1	
窮	kʰʊŋ4	
窯	jiu4	
窸	ɬɪk7	
窺	kʰɐi1	
窿	lʊŋ1	
竄	tsʰun3	
竅	kʰiu3	
竇	tɐu6	
竊	sit8	
立	lɐp9	
站	tsam6	
竟	kɪŋ6	又读kɪŋ³²³
章	tsiɛŋ1	
竣	tsɐn3	
童	tʰʊŋ4	
竭	kʰit8	
端	tun1	
競	kɪŋ6	
竹	tsʊk7	
竺	tsʊk7	
竿	kuɔn1	
笆	pa1	
笑	ɬiu3	
笙	sɐŋ1	
笛	tiɛk9	
笠	lɐp7	
符	fu4	
笨	pɐn6	
第	tɐi6	
筆	pɐt7	
等	tɐŋ2	
筋	kɐn1	
筍	ɬɐn2	
筏	fat9	
筐	huɔŋ1	又读kʰuɔŋ⁴⁵
筑	tsʊk7	
筒	tʰʊŋ4	
答	tap8	
策	tsʰɐk7	
筱	ɬiu1	
筵	jin4	
筷	kʰai3	
箍	kʰu1	
箏	tsɐŋ1	
箔	puɔk9	
箕	kei1	
算	ɬun3	
管	kun2	
箭	tsin3	
箱	ɬiɛŋ1	
箸	tsi6	
節	tsit8	
範	fan6	
篇	pʰin1	
築	tsʊk7	
篙	kou1	
篛	jiɛk9	
篝	kɐu1	
篡	san3	
篤	tʊk7	
篩	sɐi1	
篷	pʰʊŋ4	
篾	mit9	
簇	tsʰʊk7	
簍	lɐu5	
簡	kan2	
簧	wuɔŋ4	
簪	tsam1	
簫	ɬiu1	
簷	jim4	
簸	puɔ2	
簽	tsʰim1	
簾	lim4	
簿	pou6	
籃	lam4	
籌	tsʰɐu4	
籍	tsɪk9	
籐	tʰɐŋ4	
籟	lai6	
籠	lʊŋ4	
籤	tsʰim1	
籬	lei4	
籮	luɔ4	
籲	ji6	
米	mɐi5	
籽	tsei2	
粉	fɐn2	
粑	pa1	
粒	nɐp7	
粕	pʰɐk7	
粗	tsʰou1	
粘	nim1	
粟	ɬʊk7	
粥	tsʊk7	
粱	liɛŋ4	
粵	jit9	
粹	tsʰui3	
粼	lɐn4	
糉	tsʊŋ3	
精	tsɪŋ1	
粿	kuɔ2	
糅	jɐu4	
糊	wu4	
糍	tsʰei4	
糕	kou1	
糖	tʰuɔŋ4	
糗	tsʰɐu3	
糙	tsʰou3	
糜	mei4	
糞	fɐn3	
糟	tsou1	
糠	huɔŋ1	
糧	liɛŋ4	
糯	nuɔ6	
糰	tʰun4	
糴	tɪk9	
系	hɐi6	
糾	tɐu2	
紀	kei2	
紂	tsɐu6	
約	jiɛk8	
紅	hʊŋ4	紅色
紉	ȵɐn6	
紊	mɐn5	
紋	mɐn4	
納	nap9	
紐	nɐu2	
紓	si1	
純	sɐn4	
紗	sa1	
紙	tsi2	
級	kʰiɐp7	
紛	fɐn1	
素	ɬou3	
紡	fuɔŋ2	
索	ɬuɔk8	
紫	tsei2	
紮	tsat8	
累	lui5	累積
累	lui6	受累;連累
累	lui5	果實累累，同「纍」
細	ɬɐi3	
紳	sɐn1	
紹	siu6	
絀	tsʰut8	
終	tsʊŋ1	
絃	jin4	
組	tsou2	
絆	pun6	
結	kit8	
絕	tsit9	
絛	tʰou1	
絞	kau2	
絡	luɔk8	
給	kʰiɐp7	
絨	jʊŋ4	
絮	ɬei5	
統	tʰʊŋ2	
絲	ɬei1	
絳	kuɔŋ3	
絹	kin3	
綁	puɔŋ2	
綑	kʰɐn2	
經	kɪŋ1	
綜	tsʊŋ1	
綠	lʊk9	
綢	tsʰɐu4	
維	wɐi4	
綱	kuɔŋ1	
網	muɔŋ5	
綴	tsui6	點綴
綵	tsʰuɔi2	
綸	lɐn4	垂綸
綸	kan1	綸巾
綺	ji2	
綻	tsan6	
綽	tsʰiɛk8	
綾	lɪŋ4	
綿	min4	
緊	kɐn2	
緋	fei2	
緖	ɬui5	
線	ɬin3	
緝	tsʰɐp7	
緞	tun6	
締	tɐi3	
緡	mɐn4	
緣	jin4	
編	pʰin1	
緩	fun6	又读fun³¹ ;wun³¹
緬	min5	
緯	wɐi5	
緲	miu5	
練	lin6	
緻	tsi3	
縈	jɪŋ4	
縊	ʔɐi3	
縐	tsɐu3	
縛	fuɔk9	
縟	jʊk9	
縣	jin6	
縫	fʊŋ4	裁縫
縫	fʊŋ4	裂縫
縮	sʊk7	又读ɬʊk⁴⁵
縱	tsʊŋ3	放縱
縴	hin1	
縷	lɐu5	
縹	pʰiu1	
總	tsʊŋ2	
績	tsɪk7	
繁	fan4	
繃	pɐŋ1	繃帶
繆	mɐu6	繆論
繆	mɐu4	未雨綢繆
織	tsɪk7	
繕	sin6	
繚	liu4	
繞	jiu2	又读ȵiu³¹²;jiu³¹²
繡	ɬɐu3	
繩	sɪŋ4	
繪	kʰui3	
繫	hɐi6	聯繫
繭	kin2	
繮	kiɛŋ1	
繳	kiu2	
繹	jɪk9	
繼	kɐi3	
繽	pɐn1	
纂	san3	
續	tsʊk9	
纍	lui5	
纏	tsʰin4	
纓	jɪŋ1	
纖	tsʰim1	
纜	lam6	
缸	kuɔŋ1	
缺	hit8	
缽	put8	
罄	hɪŋ3	
罅	la3	又读lɛ³³
罈	tʰam4	
罌	ʔɐŋ1	
罐	kun3	
罕	huɔn5	
罡	kuɔŋ1	
罩	tsau3	
罪	tsui6	
置	tsi3	
罰	fat9	
署	tsʰi5	
罵	ma6	
罷	pa6	
罹	lei4	
羅	luɔ4	
羈	kei1	
羊	jiɛŋ4	
羌	kiɛŋ1	
美	mei5	
羔	kou1	
羚	lɪŋ4	
羞	ɬɐu1	
羣	kʰɐn4	
羨	ɬin6	
義	ȵi6	
羲	hei1	
羹	kɐŋ1	
羽	ji5	
羿	ŋɐi6	
翁	jʊŋ1	
翅	tsʰi3	
翌	jɪk9	
習	tsɐp9	
翔	tsʰiɛŋ4	
翟	tsɐk9	翟姓
翠	tsʰui3	
翡	fei2	
翦	tsin2	
翩	pʰin1	
翰	huɔn6	
翱	ŋou4	
翹	kʰiu4	翹首
翹	kʰiu3	白读kʰiɐu³³
翻	fan1	
翼	jɪk9	
耀	jiu6	
老	lou5	
考	hau2	
者	tsɛ2	
而	ȵi4	
耍	sa2	
耐	nuɔi6	
耕	kɐŋ1	
耗	hou3	
耘	wɐn4	
耙	pʰa4	
耳	ȵi5	
耶	jɛ4	
耷	tap8	
耽	tam1	
耿	kɐŋ2	
聆	lɪŋ4	
聊	liu4	
聒	kʰut8	
聖	ɬɪŋ3	
聘	pʰɪŋ3	
聚	tsei6	
聞	mɐn4	
聯	lun4	又读lin³¹
聰	tsʰʊŋ1	
聲	ɬɪŋ1	
聳	ɬʊŋ2	
聶	nip8	
職	tsɪk7	
聽	tʰɪŋ3	聽力
聽	tʰɪŋ3	聽任
聾	lʊŋ4	
肅	ɬʊk7	
肆	ɬei3	肆意
肆	ɬei3	四的大寫
肇	siu6	
肉	ȵʊk9	
肋	lɐk9	
肌	kei1	
肖	tsʰiu3	生肖
肖	ɬiu1	姓肖
肚	tʰou5	
肛	kuɔŋ1	
肝	kuɔn1	
股	ku2	
肢	tsi1	
肥	fei4	
肩	kin1	
肪	fuɔŋ1	
肯	hɐŋ2	
育	jʊk9	
肺	fɐi3	
胃	wɐi6	
背	pui3	背書
背	pui3	背後
胎	tʰuɔi1	
胖	pun6	肥胖
胚	pʰui1	
胛	kap8	
胝	tsi1	
胞	pau1	
胡	wu4	
胥	ɬɐi1	
胭	jin1	
胰	ji4	
胱	kuɔŋ1	
胳	kuɔk8	
胸	hʊŋ1	
胺	ʔuɔn1	
能	nɐŋ4	
脂	tsi1	
脅	hip9	
脆	tsʰui3	
脈	mɐk9	
脊	tsɪk7	
脖	put9	
脣	sɐn4	
脩	ɬɐu1	
脫	tʰut8	
脯	pʰou2	胸脯,又读fu³²³
脯	pʰou2	肉脯,又读fu³²³
脹	tsiɛŋ3	
脾	pʰei4	
腆	tin2	
腋	jɪk9	
腌	jip8	白读
腎	sɐn5	
腐	fu6	
腑	fu2	
腔	huɔŋ1	
腕	wun2	
腥	ɬɪŋ1	
腦	nou5	
腫	tsʊŋ2	
腮	ɬuɔi1	
腰	jiu1	
腳	kiɛk8	
腸	tsʰiɛŋ4	
腹	fʊk7	
腺	ɬin3	
腿	tʰui2	
膀	puɔŋ4	膀胱
膀	pʰuɔŋ2	肩膀
膊	puɔk8	
膏	kou1	
膚	fu1	
膛	tʰuɔŋ4	
膜	muɔk8	膜拜
膜	muɔk8	薄膜
膝	ɬɐt7	
膠	kau1	
膨	pʰɐŋ4	
膩	nɐi6	又读nei⁵²
膳	sin6	
膺	jɪŋ1	
膽	tam2	
膿	nʊŋ4	
臀	tʰɐn4	
臂	pei3	
臆	jɐt7	
臉	lim5	
臊	tsʰou3	
臍	tsʰi4	
臏	pɐn3	
臘	lap9	
臟	tsuɔŋ6	
臣	sɐn4	
臥	ŋuɔ6	
臧	tsuɔŋ1	
臨	lɐm4	
自	tsei6	
臭	tsʰɐu3	
至	tsi3	
致	tsi3	
臺	tʰuɔi4	
臻	tsɐn1	
臼	kau3	又读kiɐu⁵²;kʰiɐu³¹²
舀	jiu5	
舂	tsʊŋ1	
舅	kʰiɐu5	
與	ji5	
與	ji5	我與你
與	ji5	參與
興	hɪŋ1	興旺
興	hɪŋ3	助興
舉	kei2	
舊	kiɐu6	
舌	sit9	
舍	sɛ3	宿舍
舍	sɛ2	舍生取義
舒	si1	
舔	tʰim2	
舛	tsʰun2	
舜	sɐn6	
舞	mou5	
舟	tsɐu1	
航	huɔŋ4	
舫	fuɔŋ2	
般	pun1	一般
般	pun1	般若
舵	tʰuɔ4	
舶	pɐk9	
船	sin4	
艇	tʰɪŋ5	
艘	ɬɐu2	
艙	tsʰuɔŋ1	
艦	lam6	
良	liɛŋ4	
艱	kan1	
色	sɪk7	
艷	jim6	
艾	ʔai3	白读ŋɔi⁵²
芋	wu6	
芒	muɔŋ4	光芒
芒	muɔŋ1	芒果
芙	fu4	
芝	tsi1	
芡	him3	
芥	kai3	
芬	fɐn1	
芭	pa1	
花	fa1	
芳	fuɔŋ1	
芷	tsi2	
芸	wɐn4	
芹	kʰɐn4	
芽	ŋa4	
苑	jin2	
苒	ȵim5	
苔	tʰuɔi4	青苔
苔	tʰuɔi4	舌苔
苗	miu4	
苙	lɐp7	
苛	huɔ1	
苞	pau1	
苟	kɐu2	
若	jiɛk9	假若
苦	fu2	
英	jɪŋ1	
苻	fu4	
茁	tsʰut8	
茂	mɐu6	
范	fan6	
茄	kʰa1	雪茄
茄	kʰɛ4	茄瓜
茅	mau4	
茉	mut9	
茜	ɬɐi1	
茫	muɔŋ4	
茱	tsi1	
茴	wui4	
茵	jɐn1	
茶	tsʰa4	
茸	jʊŋ4	
茹	ȵi4	
茼	tʰʊŋ4	
荀	tsʰɐn4	
草	tsʰou2	
荊	kɪŋ1	
薦	tsin3	
荒	fuɔŋ1	
荔	lɐi6	又读lai⁵²
荳	tɐu6	
荷	huɔ4	荷花
荷	huɔ4	負荷
荻	tɪk9	
莉	lei6	
莊	tsuɔŋ1	
莎	suɔ1	莎草
莎	sa1	莎士比亞
莓	mui4	
莖	hɐŋ4	
莘	ɬɐn1	
莞	wun2	莞爾
莞	kun2	莞草
莞	kun2	東莞
莠	jɐu5	
莢	kap8	
莧	hiɛn6	
莫	muɔk9	
莽	muɔŋ5	
菁	tsɪŋ1	
菇	ku1	
菊	kʊk7	
菌	kʰɐn5	
菖	tsʰiɛŋ1	
菜	tsʰuɔi3	
菟	tʰou3	
菠	puɔ1	
菩	pʰou4	
菫	kɐn2	
華	wa4	中華
華	wa4	華山
菱	lɪŋ4	
菲	fei1	芳菲
菲	fei2	菲薄
菸	jin1	
萃	tsʰui3	
萄	tʰou4	
萊	luɔi4	
萋	tsʰɐi1	
萌	mɐŋ4	
萍	pʰɪŋ4	
萎	wɐi2	又读wɐi³¹²
萬	man6	
萱	ɬin1	
萸	ji4	
落	luɔk9	落下
葆	pou2	
葉	jip9	
著	tsi3	顯著
著	tsiɛk8	著衫
著	tsiɛk9	著涼
葛	kuɔt8	又读kuɔk³
葡	pʰou4	
董	tʊŋ2	
葦	wɐi5	
葫	wu4	
葬	tsuɔŋ3	
葵	kʰɐi4	
葷	fɐn1	
蒂	tɐi3	
蒐	ɬɐu2	
蒙	mʊŋ4	
蒜	ɬun3	
蒲	pʰou4	
蒸	tsɪŋ1	
蒹	kim1	
蒼	tsʰuɔŋ1	
蒿	hou1	
蓄	tsʰʊk7	
蓆	tsɪk9	
蓉	jʊŋ4	
蓊	jʊŋ2	
蓋	kuɔi3	杯蓋
蓋	kuɔi3	覆蓋
蓑	suɔ1	
蓓	pʰui5	
蓬	pʰʊŋ4	
蓮	lin4	
蔑	mit9	
蔓	man6	蔓菁
蔓	man6	藤蔓
蔔	pɐk9	
蔗	tsɛ3	
蔚	wɐi3	
蔡	tsʰuɔi3	
蔣	tsiɛŋ2	
蔥	tsʰʊŋ1	
蔬	suɔ1	
蔭	jɐm1	
蔻	kʰɐu3	
蔽	pɐi3	
蕉	tsiu1	
蕊	ȵui5	
蕙	wɐi6	
蕨	kʰit8	
蕩	tuɔŋ6	
蕪	mou4	
蕭	ɬiu1	
蕾	lui4	
薄	puɔk9	
薇	mei4	
薑	kiɛŋ1	
薔	tsʰiɛŋ4	
薛	ɬit8	
薦	tsin3	
薩	ɬat8	
薪	ɬɐn1	
薯	si4	
薰	fɐn1	
藉	tsɪk9	
藍	lam4	
藏	tsʰuɔŋ4	收藏
藏	tsuɔŋ6	寶藏
藐	miu5	
藕	ŋɐu5	
藝	ŋɐi6	
藤	tʰɐŋ4	
藥	jiɛk9	
藩	fan1	
藪	ɬɐu2	
藹	ʔuɔi2	
藺	lɐn6	
藻	tsou2	
藿	kʰuɔk8	
蘆	lou4	
蘇	ɬou1	
蘊	wɐn6	
蘋	pʰɪŋ4	
蘚	ɬin2	
蘭	lan4	
蘸	tsam3	
蘿	luɔ4	
虎	fu2	
虐	ȵiɛk9	
虔	kʰin4	
處	tsʰi2	處理
處	tsʰi3	住處
虛	hei1	
虜	lou5	
虞	ji4	
號	hou4	哀號
號	hou6	號碼
虧	kʰɐi1	
虹	hʊŋ4	
虻	muɔŋ4	
蚊	mɐn4	白读mɐn⁴⁵
蚌	pʰuɔŋ5	
蚓	jɐn5	
蚜	ŋa4	
蚣	kʊŋ1	
蚤	tsou2	
蚪	tɐu2	
蚯	kʰɐu4	
蚵	huɔ4	
蛀	tsi3	
蛆	tsʰei1	
蛇	sɛ4	毒蛇
蛉	lɪŋ4	
蛋	tan6	
蛔	wui4	
蛙	wa1	
蛛	tsi1	
蛟	kau2	
蛤	kɐp7	圓蛤
蛭	tsi3	
蛹	jʊŋ2	
蛻	tʰui3	
蛾	ŋuɔ4	
蜀	sʊk9	
蜂	fʊŋ1	
蜃	sɐn5	
蜇	tsit8	
蜈	ʔʊŋ4	
蜋	luɔŋ4	
蜒	jin4	
蜓	tʰɪŋ4	
蜘	tsi1	
蜜	mɐt9	
蜢	mɐŋ5	
蜥	ɬɪk7	
蜴	jɪk9	
蜷	kin2	
蜻	tsɪŋ1	
蜿	jin1	
蝌	kʰuɔ1	
蝕	sɪk9	
蝗	wuɔŋ4	
蝙	pʰin1	
蝟	wɐi6	
蝠	fʊk7	
蝦	ha1	蝦仁
蝨	ɬɐt7	
蝴	wu4	
蝶	tiɐp9	
蝸	wuɔ1	
螂	luɔŋ4	
螃	pʰuɔŋ4	
融	jʊŋ4	
螞	ma5	螞蟻
螞	ma5	螞蚱
螟	mɪŋ4	
螢	jɪŋ4	
螯	ŋou4	
螳	tʰuɔŋ4	
螺	luɔ4	
螽	tsʊŋ1	
蟀	ɬɐt7	
蟄	kɪk7	
蟋	ɬɪk7	
蟎	mun5	
蟑	tsiɛŋ1	
蟒	muɔŋ5	
蟠	pʰun4	
蟥	wuɔŋ4	
蟬	sim4	
蟲	tsʰʊŋ4	
蟹	hai5	
蟻	ŋɐi5	
蠅	jɪŋ4	
蠍	kʰit8	
蠓	mʊŋ4	
蠔	hou4	
蠕	ji4	
蠟	lap9	
蠢	tsʰɐn2	
蠣	lɐi6	
蠶	tsʰam4	
蠻	man4	
血	hit8	
衆	tsʊŋ3	
行	hɐŋ4	步行
行	hɐŋ4	行路
行	hɐŋ4	品行
行	huɔŋ4	銀行
行	huɔŋ4	行行
衍	jin2	
術	sɐt9	
街	kai1	
衙	ŋa4	
衛	wɐi6	
衝	tsʰʊŋ1	衝鋒
衝	tsʰʊŋ1	衝勁
衡	hɐŋ4	
衣	ji1	衣服
表	piu2	
衫	sam1	
衰	sui1	衰老
衲	nap9	
衷	tsʊŋ1	
袁	jin4	
袋	tuɔi6	
袍	pʰou4	
袒	tʰan2	
袖	tsɐu6	
袤	mɐu6	
被	pei5	棉被
被	pʰei6	被動
袱	fʊk9	
裁	tsʰuɔi4	
裂	lit8	
裏	lei5	
裔	jui6	
裕	ji6	
裘	kʰiɐu4	
裙	kʰɐn4	
補	pou2	
裝	tsuɔŋ1	
裡	lei5	
裱	piu2	
裳	siɛŋ4	
裴	fei2	
裸	luɔ2	
裹	kuɔ2	
製	tsɐi3	
褂	ka3	
複	fʊk7	
褐	huɔt8	
褒	pɐu1	
褓	pou2	
褥	jʊk9	
褪	tʰui3	褪色
褪	tʰɐn3	褪落來
褲	fu3	
褶	tsip8	皺褶
襄	ɬiɛŋ1	
襖	ʔou3	
襟	kʰiɐm1	
襪	mat9	
襯	tsʰɐn3	
襲	tsɐp9	
西	ɬɐi1	
要	jiu1	要求
要	jiu3	要點
覃	tsʰɐn4	覃姓
覆	fʊk7	
見	kin3	看見
規	kʰɐi1	
覓	mɪk9	
視	si6	
親	tsʰɐn1	親人
親	tsʰɐn3	親家
覲	kɐn2	
覷	tsʰui3	
覺	kau3	睡覺
覺	kuɔk8	直覺
覽	lam5	
觀	kun1	參觀
觀	kun1	道觀
角	kuɔk8	
解	hai6	解姓
解	kai2	解決
觸	tsʰʊk7	
言	ȵin4	
訂	tɪŋ6	
訃	pʊk7	
計	kɐi3	
訊	ɬɐn3	
訌	hʊŋ3	
討	tʰou2	
訓	fɐn3	
訕	san3	
訖	hɐt7	
託	tʰuɔk8	
記	kei3	
訛	ŋuɔ4	
訝	ŋa6	
訟	tsʊŋ6	
訣	kʰit8	
訪	fuɔŋ2	
設	tsʰit8	
許	hei2	
訴	ɬou3	
訶	huɔ1	
診	tsʰɐn2	
註	tsi3	
詆	tɐi2	
詏	au3	詏交
詐	tsa3	
詔	tsiu3	
評	pʰɪŋ4	
詛	tsui2	
詞	tsʰei4	
詠	wɪŋ6	
詡	hei2	
詢	tsʰɐn4	
試	si3	
詩	si1	
詫	tsʰa3	
詬	kʰɐu3	
詭	kɐi2	
詮	tsʰin4	
詰	kʰit3	
話	wa6	
該	kuɔi1	
詳	tsʰiɛŋ4	
詹	tsim1	
詼	fui1	
誇	kʰa1	
誌	tsi3	
認	ȵɐn6	
誓	sɐi6	
誕	tan3	
誘	jɐu5	
語	ȵi5	語言
誠	sɪŋ4	
誡	kai3	
誣	mou4	
誤	ʔʊŋ6	
誦	tsʊŋ6	
誨	fui3	
說	sui3	以言服人
說	sit8	講
誰	sui4	
課	kʰuɔ3	
誹	fei2	
誼	ȵi4	
調	tiu4	調味
調	tiu6	調動，又读tiu³¹
諄	tsɐn1	
談	tʰam4	
請	tsʰɪŋ2	
諒	liɛŋ6	
論	lɐn6	討論
論	lɐn4	論語
諛	ji4	
諜	tiɐp9	
諤	ŋuɔk9	
諦	tɐi3	
諧	hai4	
諫	kan3	
諭	ji6	
諮	tsei1	
諱	wɐi5	
諳	ʔɐm1	
諷	fʊŋ3	
諸	tsi1	
諺	ȵin6	
諾	nuɔk9	
謀	mɐu4	
謂	wɐi6	
謄	tʰɐŋ4	
謊	fuɔŋ1	
謎	mɐi6	
謐	mɐt9	
謔	jiɛk9	
謗	puɔŋ3	
謙	him1	
講	kuɔŋ2	
謝	tsɛ6	
謠	jiu4	
謬	mɐu6	
謳	ʔɐu1	
謹	kɐn2	
謾	man6	
譁	wa1	
證	tsɪŋ3	
譏	kei1	
識	sɪk7	認識
譚	tʰam4	
譜	pʰou2	
警	kɪŋ2	
譬	pʰei3	
譯	jɪk9	
議	ȵi5	
譴	hin2	
護	wu6	
譽	ji6	
讀	tʊk9	朗讀
變	pin3	
讓	ȵiɛŋ6	
讚	tsan3	
谷	kʊk7	山谷
谿	kʰɐi1	
豁	kʰut8	
豆	tɐu6	
豈	hei2	
豉	si6	
豊	lɐi5	
豌	wun2	
豎	si6	
豐	fʊŋ1	
豔	jim6	
豚	tʰun4	
象	tsiɛŋ6	
豪	hou4	
豫	ji6	
豬	tsi1	
豹	pau3	
豺	tsʰai4	
貂	tiu1	
貌	mɐu6	
貓	miɐu1	
貝	pui3	
貞	tsɪŋ1	
負	fu6	
財	tsʰuɔi4	
貢	kʊŋ3	
貧	pʰɐn4	
貨	fuɔ3	
販	fan3	
貪	tʰam1	
貫	kun3	
責	tsɐk8	
貯	tsʰi5	
貳	ȵi6	
貴	kɐi3	
貶	pin2	罕见pin³²³
買	mai5	
貸	tʰai3	
費	fɐi3	
貼	tʰip8	
貽	ji4	
貿	mɐu6	
賀	huɔ6	
賂	lou6	
賄	kʰui5	又读kʰui³³;fui³²³
賅	kuɔi1	
資	tsei1	
賈	ka2	賈姓
賊	tsʰɐk9	
賑	tsɐn3	
賒	sɛ1	
賓	pɐn1	
賜	tsʰei3	
賞	siɛŋ2	
賠	pʰui4	
賢	jin4	
賣	mai6	
賤	tsin6	
賦	fu3	
質	tsɐt7	人質
質	tsɐt7	物質
賬	tsiɛŋ3	
賭	tou2	
賴	lai6	
賺	tsan6	
購	kʰɐu3	
賽	tsʰuɔi3	
贅	tsui6	
贈	tsɐŋ6	
贊	tsan3	
贏	jɪŋ4	
贓	tsuɔŋ1	
贖	sʊk9	
贛	kʊŋ3	江西省的簡稱
赤	tsʰɪk7	
赦	sɛ3	
赫	hɐk7	
走	tsɐu2	
赳	kɐu2	
赴	fu6	
起	hei2	
趁	tsʰɐn3	
超	tsʰiu1	
越	jit9	
趕	kuɔn2	
趙	tsiu6	
趟	tʰuɔŋ3	
趣	tsʰei3	
趨	tsʰei1	
足	tsʊk7	足跡
趴	pʰa1	
趾	tsi2	
跋	pat9	
跌	tit8	
跎	tʰuɔ4	
跑	pʰau2	
跚	san1	
跛	pɐi1	站立時重心偏於某一足上
跛	pɐi1	
跛	pɐi1	白讀
距	kʰei5	
跟	kɐn1	
跡	tsɪk7	
跤	kau1	
跨	kʰa1	
跪	kɐi6	
路	lou6	
跳	tʰiu3	
跺	tuɔ2	
踊	jʊŋ5	
踏	tap9	
踐	tsin6	又读tsʰin³¹²
踝	wai4	
踞	kʰei3	
踢	tʰɪk7	
踩	tsʰai2	白读ȵai³²³
踮	tim3	
踱	tuɔk9	
踴	jʊŋ2	
踵	tsʊŋ2	
蹂	jɐu4	
蹄	tʰɐi4	
蹈	tou6	舞蹈
蹈	tʰou1	重蹈覆辙
蹉	tsʰuɔ1	
蹊	kʰɐi1	
蹋	tʰap9	
蹟	tsɪk7	
蹤	tsʊŋ1	
蹦	pɐŋ1	
蹧	tsou1	
蹬	tɐŋ6	
蹲	tun1	
蹺	kʰiu3	白读kʰiɐu³³
蹼	pʊk9	
躁	tsʰou3	
躇	i4	
躊	tsʰɐu4	
躍	jiɛk9	
躡	nip8	
身	sɐn1	
躬	kʊŋ1	
躲	tuɔ2	
躺	tʰuɔŋ2	
軀	kʰei1	
車	kei1	車馬炮
車	tsʰɛ1	汽車
軌	kɐi2	
軍	kɐn1	
軒	hin1	
軔	ȵɐn6	
軛	ʔɐk7	
軟	ȵin5	
軸	tsʊk9	
軻	kʰuɔ1	
軾	sɪk7	
較	kau3	白读kɐu³³
載	tsuɔi2	一年半載
載	tsuɔi3	記載
輓	wan2	
輔	fu6	
輕	hɪŋ1	
輛	liɛŋ5	
輜	tsei1	
輝	fɐi1	
輟	tsʰut8	
輩	pui3	
輪	lɐn4	
輯	tsʰɐp7	
輸	si1	
輻	fʊk7	
輾	tsin2	輾轉
輾	niɛn5	輾穀
輿	ji4	
轄	hɐt9	又读hat⁵²
轅	jin4	
轆	lʊk7	
轉	tsin2	轉變
轉	tsin3	自轉
轍	tsʰit8	
轎	kiu6	
轟	kʰɐŋ1	
辛	ɬɐn1	
辜	ku1	
辣	lat9	
辦	pan6	
辨	pin6	
辭	tsʰei4	
辮	pin1	
辯	pin6	
辰	sɐn4	
辱	jʊk9	
農	nʊŋ4	
迂	ji1	
迄	ŋɐt8	
迅	ɬɐn3	
迎	ȵɪŋ4	
近	kʰɐn5	白讀
近	kɐn6	靠近
返	fan2	
迢	tʰiu4	
迤	ji5	斜行延伸
迥	kʰɪŋ2	
迦	ka1	
迪	tɪk9	
迫	pɪk7	
迭	tit9	
述	sɐt9	
迴	wui4	
迷	mɐi4	
逬	pɪŋ3	
迺	nai5	
追	tsui1	
退	tʰui3	
送	ɬʊŋ3	
逃	tʰou4	
逅	hɐu6	
逆	ŋɪk9	
逋	pou1	
逍	ɬiu1	
透	tʰɐu3	
逐	tsʊk9	
途	tʰou4	
逕	kɐŋ3	
逗	tɐu6	
這	tsɛ2	
通	tʰʊŋ1	
逝	sɐi6	
逞	tsʰɪŋ2	
速	tsʰʊk7	
造	tsou6	造訪
造	tsou6	製造
逢	fʊŋ4	
連	lin4	
逮	tɐi6	
週	tsɐu1	
進	tsɐn3	
逵	kʰɐi4	
逸	jɐt9	
逼	pɪk7	
逾	ji6	
遁	tɐn6	
遂	ɬui6	
遇	ji6	
遊	jɐu4	
運	wɐn6	
遍	pʰin3	
過	kuɔ3	
遐	ha4	
遑	wuɔŋ4	
遒	tsʰɐu4	
道	tou6	
達	tat9	
違	wɐi4	
遙	jiu4	
遛	lɐu1	
遜	ɬun3	
遞	tɐi6	
遠	jin5	遠方
遢	tʰap8	
遣	hin2	
遨	ŋou4	
適	sɪk7	
遭	tsou1	
遮	tsɛ1	
遲	tsʰi4	
遴	lɐn4	
遵	tsun1	
遷	tsʰin1	
選	ɬin2	
遺	wɐi4	遺失
遼	liu4	
遽	kei6	
避	pei6	
邀	jiu1	
邁	mai6	
邂	hai5	
邃	ɬui6	
還	wan4	
邈	miu2	
邊	pin1	白读piɛn⁴⁵
邋	lat8	
邏	luɔ4	
邑	jɐp7	
郉	jɪŋ4	
那	na5	那個
那	nuɔ4	地名
邦	puɔŋ1	
邪	tsʰɛ4	
邱	hiɐu1	
邵	siu6	
邸	tɐi2	
郁	jʊk7	
郊	kau1	
郞	luɔŋ4	
郝	kʰuɔk8	
郡	kɐn6	
部	pou6	
郭	kuɔk8	
郵	jɐu4	
都	tou1	
鄂	ŋuɔk9	
鄕	hiɛŋ1	
鄒	tsɐu1	
鄙	pʰei2	
鄧	tɐŋ6	
鄭	tsɪŋ6	
鄰	lɐn4	
酉	jɐu5	
酋	tsʰɐu4	
酌	tsiɛk8	又读tsʰiɛk³
配	pʰui3	
酒	tsɐu2	
酣	hɐm1	
酥	ɬou1	
酪	luɔk8	乳酪
酪	luɔk8	杏仁酪
酬	tsʰɐu4	
酵	hau1	
酶	mui5	
酷	hʊk9	
酸	ɬun1	
醃	jim1	白读jip³
醇	sɐn4	
醉	tsui3	
醋	tsʰou3	
醐	wu4	
醒	ɬɪŋ2	
醚	mɐi6	
醜	tsʰɐu2	
醞	wɐn6	
醫	ji1	
醬	tsiɛŋ3	
醮	tsiu1	
醺	fɐn1	
釀	ȵiɛŋ6	
釁	hɐn3	
采	tsʰuɔi2	
釉	jɐu6	
釋	ɬɪk7	
里	lei5	
重	tsʰʊŋ4	重新
重	tsʰʊŋ5	重量
重	tsʊŋ6	重要
野	jɛ5	
量	liɛŋ4	測量
量	liɛŋ6	重量
釐	lei4	釐定
金	kiɐm1	
釗	tsʰiu1	
釘	tɪŋ1	
釜	fu2	
針	tsɐm1	
釣	tiu3	
釵	tsʰa1	
鈀	pʰa4	
鈉	nap9	
鈍	tʰɐn5	
鈔	tsʰau3	
鈕	nɐu2	
鈞	kʰɐn1	
鈣	kʰuɔi3	
鈴	lɪŋ4	
鈸	pat9	
鈾	jɐu4	
鉅	kei6	
鉑	pʰɐk7	
鉗	kʰiɐm4	
鉛	jin4	
鉢	put8	
鉤	ŋɐu1	
鉸	kau3	
鉻	kuɔk8	
銀	ŋɐn4	
銅	tʰʊŋ4	
銑	ɬin2	
銘	mɪŋ4	
銜	ham4	又读hɐm³¹
銲	huɔn6	
銳	jui6	
銷	ɬiu1	
銼	tsʰuɔ3	
鋁	lui5	
鋇	pui3	
鋒	fʊŋ1	
鋤	tsʰuɔ4	
鋦	kʊk9	
鋪	pʰou3	店鋪
鋪	pʰou1	鋪張
鋰	lei2	
鋸	kei3	
鋼	kuɔŋ3	
錄	lʊk9	
錐	tsui1	白读ȵui⁴⁵
錕	kʰɐn1	
錘	tsʰui4	鐵錘，稱錘
錠	tɪŋ6	
錢	tsʰin4	
錦	kiɐm2	
錨	mau4	
錫	ɬɪk7	
錮	ku3	
錯	tsʰuɔ3	錯誤
錯	tsʰuɔ3	交錯
錳	mɐŋ5	
錶	piu1	
鍁	hin1	
鍊	lin6	
鍋	wuɔ1	
鍍	tou6	
鍘	tsap9	
鍛	tun6	
鍥	kʰit8	
鍵	kin6	
鍾	tsʊŋ1	
鎂	mei5	
鎊	puɔŋ6	
鎔	jʊŋ4	
鎖	ɬuɔ2	
鎗	tsʰiɛŋ1	
鎚	tsʰui4	
鎧	ʔuɔi2	
鎬	kou2	
鎭	tsɐn3	
鏇	ɬin4	
鏈	lin6	
鏗	hɐŋ1	
鏘	tsʰiɛŋ1	
鏟	tsʰan2	
鏡	kɪŋ3	
鏢	piu1	
鏤	lɐu5	
鏽	ɬɐu3	
鐐	liu4	
鐘	tsʊŋ1	
鐙	tɐŋ1	
鐮	lim4	
鐲	ʔɐk7	训读
鐳	lui4	
鐵	tʰit8	
鐸	tuɔk9	
鐺	tsʰɐŋ1	瓦鐺
鐺	tʰuɔŋ1	鐺鐺
鑄	tsi3	
鑊	wuɔk9	
鑑	kam3	
鑒	kam3	
鑫	jɐm1	
鑰	jiɛk9	
鑲	ɬiɛŋ1	
鑷	nip8	白读niɐp³
鑼	luɔ4	
鑽	tsun3	
鑿	tsuɔk9	
長	tsiɛŋ2	長大
長	tsʰiɛŋ4	長久
門	mun4	
閂	san1	
閃	sim2	
閉	pɐi3	
開	huɔi1	
閎	wɐŋ4	
閏	ȵɐn6	
閑	han4	
閒	han4	
間	kan1	空間
間	kan3	間接
閘	tsap9	
閣	kuɔk8	
閨	kɐi1	
閩	mɐn5	
閱	jit9	
閹	jim1	
閻	ȵim4	
闆	pan2	
闊	fut8	
闌	lan4	
闐	tʰin4	
闔	hɐp9	
闕	kʰit8	
闖	tsʰuɔŋ2	
關	kan1	
闡	tsʰin4	
闢	pʰɪk7	
阜	fɐu6	
阡	tsʰin1	
阮	ȵin5	
阱	tsɪŋ6	
防	fuɔŋ4	
阻	tsuɔ2	
阿	ʔuɔ1	阿諛奉承
阿	ʔa3	阿伯
陀	tʰuɔ4	
陂	pei1	
附	fu6	
陋	lɐu6	
陌	mɐk9	
降	huɔŋ4	投降,老派koŋ³³
降	kuɔŋ3	降落
限	han6	
陛	pɐi6	
陝	sim2	
陡	tɐu2	
院	jin6	
陣	tsɐn6	
除	tsʰi4	
陪	pʰui4	
陰	jɐm1	
陳	tsʰɐn4	
陵	lɪŋ4	
陶	tʰou4	陶瓷
陷	ham6	
陸	lʊk9	
陽	jiɛŋ4	
隅	ji4	
隆	lʊŋ4	
隊	tui6	
隋	tsʰui4	
階	kai1	
隔	kɐk7	
隕	wɐn5	
隘	ʔɐi3	
隙	kʰɪk7	
際	tsɐi3	
障	tsiɛŋ3	
隧	ɬui6	
隨	tsʰui4	
險	him2	
隱	jɐn5	
隴	lʊŋ5	
隸	tɐi6	
隻	tsɪk8	
雀	tsʰiɛk8	
雁	ŋan6	
雄	hʊŋ4	
雅	ŋa5	
集	tsɐp9	
雇	ku3	
雌	tsʰi1	
雍	jʊŋ1	
雕	tiu1	
雖	ɬui1	
雙	suɔŋ1	
雛	tsʰuɔ1	
雜	tsap9	
雞	kɐi1	
離	lei4	
難	nan4	困難
難	nan6	難民
雨	ji5	落雨
雪	ɬit8	
雯	mɐn4	
雲	wɐn4	
零	lɪŋ4	
雷	lui4	
雹	pʰau1	又读pau⁴⁵;又读puɔk⁵²
電	tin6	
需	ɬei1	
霄	ɬiu1	
霆	tʰɪŋ4	
震	tsɐn3	
黴	mui4	
霍	kʰuɔk8	
霎	sap8	
霏	fei1	
霓	ŋɐi4	
霖	lɐm4	
霜	suɔŋ1	
霞	ha4	
霧	mou6	
露	lou6	
霸	pa3	
霹	pʰɪk7	
霾	mai4	
靂	lɪk7	
靈	lɪŋ4	
靑	tsʰɪŋ1	
靖	tsɪŋ6	
靛	tin6	
靜	tsɪŋ6	
非	fei1	
靠	kʰɐu3	又读kʰou³³
靡	mei4	
面	min6	
靦	min2	靦腆
靨	jip8	
革	kɐk7	
靴	hɛ1	
靶	pa3	
鞅	jiɛŋ1	
鞋	hai4	
鞍	ʔuɔn1	
鞏	kʊŋ2	
鞘	tsʰiu3	
鞠	kʊk7	
鞭	piɛn1	又读pin⁴⁵
韁	kiɛŋ1	
韋	wɐi5	
韌	ȵɐn6	
韓	huɔn4	
韭	kiɐu2	
音	jɐm1	
韶	siu4	
韻	wɐn6	
響	hiɛŋ2	
頁	jip9	
頂	tɪŋ2	
頃	kʰɪŋ2	
項	huɔŋ6	
順	sɐn6	
須	ɬei1	
頌	tsʊŋ6	
預	ji6	
頑	ŋan4	
頒	pan1	
頓	tɐn6	安頓
頗	pʰuɔ2	
領	lɪŋ5	
頡	kʰit8	
頤	ji4	
頭	tʰɐu4	
頰	kap8	
頸	kɪŋ2	
頹	tʰui4	
頻	pʰɐn4	
頹	tʰui4	
顆	kʰuɔ2	
題	tʰɐi4	
額	ŋɐk9	
顎	ŋuɔk9	
顏	ŋan4	
願	ȵin6	
顚	tin1	
類	lui6	
顧	ku3	
顫	tsin3	
顯	hin2	
顰	pʰɐn4	
顱	lou4	
風	fʊŋ1	
颱	tʰuɔi4	
颳	kat8	
颶	kei6	
颼	ɬɐu1	
飄	pʰiu1	
飆	piu1	
飈	piu1	
飛	fei1	
食	sɪk9	
飢	kei1	
飪	ȵɐm6	
飯	fan6	
飮	ȵɐm2	飲水
飴	ji4	
飼	tsei6	
飽	pau2	
飾	sɪk7	
餃	kau2	
餠	pɪŋ2	
餉	hiɛŋ2	
養	jiɛŋ5	
餌	ȵi5	又读nei³¹²
餐	tsʰan1	
餑	put9	
餒	lui5	
餓	ŋuɔ6	
餘	ji4	
餚	ŋau4	
餛	wɐn4	
餡	hɐm6	
館	kun2	
餵	wɐi3	
餽	kʰui3	
饃	muɔk8	
饅	man6	
饈	ɬɐu1	
饉	kɐn2	
饋	kʰui3	
饑	kei1	
饒	jiu4	
饗	hiɛŋ2	
饞	tsʰam4	
首	sɐu2	
香	hiɛŋ1	
馨	hɪŋ1	
馬	ma5	
馭	ji6	
馮	fʊŋ4	馮姓
馱	tʰuɔ4	
馳	tsʰi4	
馴	fɐn3	
駁	puɔk8	
駐	tsi3	
駒	kʰei1	
駕	ka3	
駙	fu6	
駛	sɐi2	
駝	tʰuɔ4	
駟	ɬei3	
駭	huɔi4	
駱	luɔk8	
駿	tsɐn3	
騁	tsʰɪŋ2	
騎	kʰei4	騎馬,罕见kʰɛ³¹
騎	kʰei4	鐵騎
騙	pʰin3	
騫	hin1	
騰	tʰɐŋ4	
騷	ɬou1	
騾	luɔ4	
驀	mɐk9	
驅	kʰei1	
驍	hiu2	
驕	kiu1	
驗	nim6	
驚	kɪŋ1	
驛	jɪk9	
驟	tsau6	
驢	lou4	
骨	kɐt7	
骯	ʔuɔŋ1	
骸	huɔi4	
骼	luɔk8	
髀	pʰei4	
髏	lɐu4	
髒	tsuɔŋ1	
髓	ɬuɔi2	
體	tʰɐi2	
髙	kou1	
髦	mou1	
髮	fat8	
髯	ȵim5	
髻	kɐi3	
鬃	tsʊŋ1	
鬆	ɬʊŋ1	
鬍	wu4	
鬚	ɬou1	
鬟	wan4	
鬢	pɐn3	
鬥	tɐu3	
鬧	nau6	
鬱	wɐt7	
鬼	kɐi2	又读kvɐi³²³
魁	kʰui1	
魂	wɐn4	
魄	pʰɐk7	魂魄
魄	pʰɐk7	落魄
魅	mei6	
魏	ŋɐi6	
魔	muɔ1	
魚	ȵi4	
魯	lou5	
魷	jɐu4	
鮎	niɐm4	
鮑	pau1	鮑魚
鮭	kɐi1	
鮮	ɬin1	鮮美
鮮	ɬin1	鮮有
鯉	lei5	
鯊	sa1	
鯤	kʰɐn1	
鯧	tsʰiɛŋ1	
鯨	kʰɪŋ4	
鯪	lɪŋ4	
鯽	tsɐk7	
鰓	ɬuɔi1	
鰭	kʰei4	
鰱	lin4	
鰻	man4	
鰾	piu1	
鱉	pit8	
鱗	lɐn4	
鱷	ŋuɔk9	
鳥	niɐu5	
鳩	kɐu1	
鳳	fʊŋ6	
鳴	mɪŋ4	
鳶	jin1	
鴉	ʔa1	
鴕	tʰuɔ4	
鴛	jin1	
鴦	jiɛŋ1	
鴨	ʔap8	
鴻	hʊŋ4	
鴿	kap8	
鵑	kin1	
鵝	ŋuɔ4	
鵡	mou5	
鵪	ʔɐm1	
鵬	pʰɐŋ4	
鵰	tiu1	
鵲	tsiɛk8	
鶉	tʰɐn4	鵪鶉，鵪鶉蛋
鶯	ʔɐŋ1	
鶴	huɔk9	
鷂	jiu6	
鷗	ʔɐu1	
鷥	si1	
鷲	tsɐu6	
鷹	jɪŋ1	
鷺	lou6	
鸕	lou4	
鸚	jɪŋ1	
鸛	kun3	
鸞	lun4	
鹵	lou5	
鹹	ham4	
鹼	kan2	
鹽	jim4	
鹿	lʊk9	
麋	mei4	
麒	kʰei4	
麓	lʊk7	
麗	lɐi6	
麟	lɐn4	
麥	mɐk9	
麴	kʰʊk7	
麵	min6	
麻	ma4	
麼	muɔ1	
麾	fɐi1	
黃	wuɔŋ4	
黎	lɐi4	
黏	nim1	
黑	hɐk7	
黔	kʰim4	
默	mɐk9	
黛	tuɔi6	
黝	jɐu2	
點	tim2	
黢	tsɐn3	
黨	tuɔŋ2	
黯	ʔɐm3	
黴	mui4	
鼎	tɪŋ2	
鼓	ku2	
鼠	si2	
鼴	jin2	
鼻	pei6	
鼾	huɔn4	
齊	tsʰɐi4	整齊
齋	tsai1	
齒	tsʰi2	
齡	lɪŋ4	
齣	tsʰɐt7	
齦	ŋɐn4	
齶	ŋuɔk9	
龍	lʊŋ4	
龐	pʰuɔŋ4	
龜	kʰɐi1	
龜	kɐn1	
龜	kɐi1	
𡋯	put9	
