字	罗马字	拟音	注
□	pi[2]	pi[2]	~□□pɔ2pet7:蝙蝠
陛	pi[3]	pi[3]	~下
比	pi[3]	pi[3]	
避	pi[6]	pi[6]	
批	p'i[1]	pʰi[1]	信件；~准
披	p'i[1]	pʰi[1]	
疕	p'i[3]	pʰi[3]	痂
鄙	p'i[3]	pʰi[3]	
米	mi[3]	mi[3]	
美	mi[3]	mi[3]	
明	mi[3]	mi[3]	2～旦：明天
□	mi[3]	mi[3]	~乇：什么
池	ti[2]	ti[2]	
底	ti[3]	ti[3]	1水～：水里；～来：进来
抵	ti[3]	ti[3]	
□	ti[3]	ti[3]	~~：刚
底	ti[6]	ti[6]	3～农：谁
弟	ti[6]	ti[6]	1兄
啼	t'i[2]	tʰi[2]	哭
耻	t'i[3]	tʰi[3]	
剃	t'i[5]	tʰi[5]	
离	li[2]	li[2]	脱~
篱	li[2]	li[2]	
璃	li[2]	li[2]	玻~
旅	li[3]	li[3]	1~行
李	li[3]	li[3]	□pʰu3～：李子
里	li[3]	li[3]	千～
理	li[3]	li[3]	
旅	li[6]	li[6]	2~行团
例	li[6]	li[6]	
离	li[6]	li[6]	~开，～婚
支	chi[1]	tʃi[1]	
肢	chi[1]	tʃi[1]	
之	chi[1]	tʃi[1]	
芝	chi[1]	tʃi[1]	
只	chi[3]	tʃi[3]	~要
紫	chi[3]	tʃi[3]	
脂	chi[3]	tʃi[3]	
姊	chi[3]	tʃi[3]	
旨	chi[3]	tʃi[3]	
指	chi[3]	tʃi[3]	2戒~
子	chi[3]	tʃi[3]	1哨~
籽	chi[3]	tʃi[3]	
止	chi[3]	tʃi[3]	
址	chi[3]	tʃi[3]	
□	chi[3]	tʃi[3]	2这
祭	chi[5]	tʃi[5]	
际	chi[5]	tʃi[5]	
制	chi[5]	tʃi[5]	压~
取	ch'i[3]	tʃʰi[3]	2偷～
侈	ch'i[3]	tʃʰi[3]	
矢	ch'i[3]	tʃʰi[3]	
齿	ch'i[3]	tʃʰi[3]	2
□	ch'i[3]	tʃʰi[3]	冻～：冻疮
刺	ch'i[5]	tʃʰi[5]	1名词；动词
翅	ch'i[5]	tʃʰi[5]	鱼~
施	si[1]	si[1]	
匙	si[2]	si[2]	汤~
暑	si[3]	si[3]	避～
死	si[3]	si[3]	1
始	si[3]	si[3]	
世	si[5]	si[5]	
势	si[5]	si[5]	
嗜	si[6]	si[6]	
鸡	ki[1]	ki[1]	
闺	ki[1]	ki[1]	
规	ki[1]	ki[1]	
□	ki[1]	ki[1]	~□keu2头发：卷发
鲑	ki[2]	ki[2]	咸~：咸鱼
矩	ki[3]	ki[3]	规～
麂	ki[3]	ki[3]	
己	ki[3]	ki[3]	克~
计	ki[5]	ki[5]	
继	ki[5]	ki[5]	
桂	ki[5]	ki[5]	～花，~肉
季	ki[5]	ki[5]	
□	ki[6]	ki[6]	~感：易感，sentimental
稽	k'i[1]	kʰi[1]	滑~
启	k'i[3]	kʰi[3]	
齿	k'i[3]	kʰi[3]	1喙～：牙齿
起	k'i[3]	kʰi[3]	
契	k'i[5]	kʰi[5]	
御	ngi[3]	ŋi[3]	
耳	ngi[3]	ŋi[3]	2~机
拟	ngi[3]	ŋi[3]	
艺	ngi[6]	ŋi[6]	
谊	ngi[6]	ŋi[6]	
义	ngi[6]	ŋi[6]	
议	ngi[6]	ŋi[6]	
儿	hi[2]	hi[2]	2囝～：儿子，孤～
喜	hi[3]	hi[3]	
废	hi[5]	hi[5]	
肺	hi[5]	hi[5]	
戏	hi[5]	hi[5]	
费	hi[5]	hi[5]	
系	hi[6]	hi[6]	
系	hi[6]	hi[6]	~统
慧	hi[6]	hi[6]	
雨	∅i[3]	ʔi[3]	2下～。书面语
倚	∅i[3]	ʔi[3]	
椅	∅i[3]	ʔi[3]	
已	∅i[3]	ʔi[3]	
以	∅i[3]	ʔi[3]	
与	yi[3]	yi[3]	
菩	pu[2]	pu[2]	
葡	pu[2]	pu[2]	~萄
□	pu[2]	pu[2]	量词，朵
□	pu[2]	pu[2]	～蝇：苍蝇
补	pu[3]	pu[3]	
捕	pu[3]	pu[3]	拘~
斧	pu[3]	pu[3]	～头
布	pu[5]	pu[5]	布料；~□tʃʰɛn2：插秧
布	pu[5]	pu[5]	
怖	pu[5]	pu[5]	
簿	pu[6]	pu[6]	
部	pu[6]	pu[6]	
步	pu[6]	pu[6]	
麸	p'u[1]	pʰu[1]	1麦～
潽	p'u[1]	pʰu[1]	溢出
扶	p'u[2]	pʰu[2]	1推
谱	p'u[3]	pʰu[3]	琴~
普	p'u[3]	pʰu[3]	
脯	p'u[3]	pʰu[3]	~肉
□	p'u[3]	pʰu[3]	~李：李子
摸	mu[1]	mu[1]	
模	mu[2]	mu[2]	
夫	mu[3]	mu[3]	1丈~农：男人
某	mu[3]	mu[3]	
母	mu[3]	mu[3]	2做～农：女人，~亲
墓	mu[5]	mu[5]	
慕	mu[6]	mu[6]	
雾	mu[6]	mu[6]	1
厨	tu[2]	tu[2]	
躲	tu[3]	tu[3]	～避
赌	tu[3]	tu[3]	
堵	tu[3]	tu[3]	
肚	tu[3]	tu[3]	腹~：肚子
□	tu[3]	tu[3]	路
土	t'u[3]	tʰu[3]	
鲁	lu[3]	lu[3]	
橹	lu[3]	lu[3]	
掳	lu[3]	lu[3]	
□	lu[3]	lu[3]	□ku3~:勒索
珠	chu[1]	tʃu[1]	2金～
做	chu[3]	tʃu[3]	2～母农：女人
祖	chu[3]	tʃu[3]	
组	chu[3]	tʃu[3]	
阻	chu[3]	tʃu[3]	
主	chu[3]	tʃu[3]	1~意
子	chu[3]	tʃu[3]	2～爵
注	chu[5]	tʃu[5]	~释
铸	chu[5]	tʃu[5]	
楚	ch'u[3]	tʃʰu[3]	2清～
此	ch'u[3]	tʃʰu[3]	
戍	ch'u[5]	tʃʰu[5]	房子
输	su[1]	su[1]	赢~
死	su[3]	su[3]	2
使	su[3]	su[3]	2假～史
狐	ku[2]	ku[2]	1~狸
果	ku[3]	ku[3]	
古	ku[3]	ku[3]	
估	ku[3]	ku[3]	
股	ku[3]	ku[3]	
鼓	ku[3]	ku[3]	
牯	ku[3]	ku[3]	
诂	ku[3]	ku[3]	
□	ku[3]	ku[3]	~lu3:勒索
□	ku[3]	ku[3]	茶～：茶壶
过	ku[5]	ku[5]	~来
句	ku[5]	ku[5]	
锅	k'u[1]	kʰu[1]	1砂~，铁~
戈	k'u[1]	kʰu[1]	
科	k'u[1]	kʰu[1]	
窠	k'u[1]	kʰu[1]	过~：脱臼
苦	k'u[3]	kʰu[3]	
课	k'u[5]	kʰu[5]	
五	ngu[3]	ŋu[3]	2~官
伍	ngu[3]	ŋu[3]	退~
午	ngu[3]	ŋu[3]	
忤	ngu[3]	ŋu[3]	
卧	ngu[6]	ŋu[6]	
误	ngu[6]	ŋu[6]	
悟	ngu[6]	ŋu[6]	
靴	hu[1]	hu[1]	
麸	hu[1]	hu[1]	2麦～
和	hu[2]	hu[2]	~尚，温～
禾	hu[2]	hu[2]	
虎	hu[3]	hu[3]	
府	hu[3]	hu[3]	
货	hu[5]	hu[5]	
祸	hu[6]	hu[6]	
雨	hu[6]	hu[6]	1
锅	bu[1]	wu[1]	2小~：铁锅，sartén
舞	bu[3]	wu[3]	
武	bu[3]	wu[3]	
抚	bu[3]	wu[3]	
芋	bu[6]	wu[6]	~卵：芋头
女	nüi[3]	nyi[3]	
汝	nüi[3]	nyi[3]	你
煮	chüi[3]	tʃyi[3]	
主	chüi[3]	tʃyi[3]	2~义
水	chüi[3]	tʃyi[3]	校补，便于匹配
沝	chüi[3]	tʃyi[3]	水。本文中写作“水”
□	chüi[3]	tʃyi[3]	~娘囝：女儿
鼠	ch'üi[3]	tʃʰyi[3]	
取	ch'üi[3]	tʃʰyi[3]	1~利，~消
茄	küi[2]	kyi[2]	辣~匏：辣椒
举	küi[3]	kyi[3]	
语	ngüi[3]	ŋyi[3]	
许	hüi[3]	hyi[3]	2~愿：那
爬	pa[2]	pa[2]	
笆	pa[2]	pa[2]	1篱~
笆	pa[3]	pa[3]	2篱～
把	pa[3]	pa[3]	
靶	pa[3]	pa[3]	
饱	pa[3]	pa[3]	1食～：吃饱
霸	pa[5]	pa[5]	
坝	pa[5]	pa[5]	
耙	pa[6]	pa[6]	
罢	pa[6]	pa[6]	～手
脬	p'a[1]	pʰa[1]	□lim6~籽：睾丸
怕	p'a[5]	pʰa[5]	
帕	p'a[5]	pʰa[5]	
泡	p'a[5]	pʰa[5]	水~：皮肤病之一
□	ma[1]	ma[1]	～阄：抓阄
蟆	ma[2]	ma[2]	
猫	ma[2]	ma[2]	
马	ma[3]	ma[3]	
码	ma[3]	ma[3]	
骂	ma[5]	ma[5]	
爸	ma[6]	ma[6]	郎～：父亲
□	ta[1]	ta[1]	干燥
焦	ta[1]	ta[1]	校补，便于匹配：干燥
茶	ta[2]	ta[2]	
打	ta[3]	ta[3]	
他	t'a[1]	tʰa[1]	
□	na[2]	na[2]	解大小便
早	na[3]	na[3]	2今~：今天
□	na[6]	na[6]	只，仅
□	na[6]	na[6]	但是
渣	cha[1]	tʃa[1]	
查	cha[1]	tʃa[1]	动词，检～
早	cha[3]	tʃa[3]	1
诈	cha[5]	tʃa[5]	
炸	cha[5]	tʃa[5]	爆~
蚱	cha[5]	tʃa[5]	~蜢
叉	ch'a[1]	tʃʰa[1]	
差	ch'a[1]	tʃʰa[1]	~不多
□	ch'a[2]	tʃʰa[2]	柴
樵	ch'a[2]	tʃʰa[2]	校补，便于匹配柴
柴	ch'a[2]	tʃʰa[2]	校补，便于匹配：柴
炒	ch'a[3]	tʃʰa[3]	
纱	sa[1]	sa[1]	
砂	sa[1]	sa[1]	2
痧	sa[1]	sa[1]	2
家	ka[1]	ka[1]	
加	ka[1]	ka[1]	
佳	ka[1]	ka[1]	
交	ka[1]	ka[1]	1~椅：椅子
胶	ka[1]	ka[1]	1
铰	ka[1]	ka[1]	~刀：剪刀
假	ka[3]	ka[3]	虚~
绞	ka[3]	ka[3]	
假	ka[5]	ka[5]	放~
架	ka[5]	ka[5]	
嫁	ka[5]	ka[5]	
价	ka[5]	ka[5]	
驾	ka[5]	ka[5]	
教	ka[5]	ka[5]	～书
今	ka[5]	ka[5]	2～早：今天
咬	ka[6]	ka[6]	
骹	k'a[1]	kʰa[1]	脚
□	nga[1]	ŋa[1]	杈
牙	nga[2]	ŋa[2]	
芽	nga[2]	ŋa[2]	
衙	nga[2]	ŋa[2]	
讶	nga[6]	ŋa[6]	
蛤	ha[2]	ha[2]	~蟆
虾	ha[2]	ha[2]	
孝	ha[5]	ha[5]	1做～：带孝
厦	ha[6]	ha[6]	大~
下	ha[6]	ha[6]	1~雨。书面语
夏	ha[6]	ha[6]	~至
鸦	∅a[1]	ʔa[1]	～片
哑	∅a[3]	ʔa[3]	
拗	∅a[3]	ʔa[3]	1折断
下	∅a[6]	ʔa[6]	地~
下	∅a[6]	ʔa[6]	1~来
下	∅a[6]	ʔa[6]	蜀~：一下
诽	pai[2]	pai[2]	~谤
摆	pai[3]	pai[3]	
襬	pai[3]	pai[3]	
拜	pai[5]	pai[5]	
败	pai[6]	pai[6]	
派	p'ai[5]	pʰai[5]	
埋	mai[2]	mai[2]	
□	mai[5]	mai[5]	坏
迈	mai[6]	mai[6]	
台	tai[2]	tai[2]	烛~
□	tai[2]	tai[2]	埋
滓	tai[3]	tai[3]	油~：油粕
带	tai[5]	tai[5]	
碓	tai[5]	tai[5]	
大	tai[6]	tai[6]	2~人，~学
待	tai[6]	tai[6]	
代	tai[6]	tai[6]	2世~
逮	tai[6]	tai[6]	
事	tai[6]	tai[6]	1
胎	t'ai[1]	tʰai[1]	
苔	t'ai[1]	tʰai[1]	喙舌～：舌苔
梯	t'ai[1]	tʰai[1]	楼～𥭘筛子
痴	t'ai[1]	tʰai[1]	1风～：大风
腿	t'ai[3]	tʰai[3]	
态	t'ai[5]	tʰai[5]	
太	t'ai[5]	tʰai[5]	
汰	t'ai[5]	tʰai[5]	
泰	t'ai[5]	tʰai[5]	
耐	nai[6]	nai[6]	
来	lai[2]	lai[2]	2将~
雷	lai[2]	lai[2]	1~霆
赖	lai[6]	lai[6]	
癞	lai[6]	lai[6]	
懒	lai[6]	lai[6]	2~惰
灾	chai[1]	tʃai[1]	
栽	chai[1]	tʃai[1]	
斋	chai[1]	tʃai[1]	2
才	chai[2]	tʃai[2]	奴～
材	chai[2]	tʃai[2]	
财	chai[2]	tʃai[2]	
裁	chai[2]	tʃai[2]	
脐	chai[2]	tʃai[2]	腹～：肚脐
□	chai[2]	tʃai[2]	眉～：眉毛
宰	chai[3]	tʃai[3]	
再	chai[5]	tʃai[5]	
载	chai[5]	tʃai[5]	满～
债	chai[5]	tʃai[5]	
在	chai[6]	tʃai[6]	
寨	chai[6]	tʃai[6]	
猜	ch'ai[1]	tʃʰai[1]	
采	ch'ai[3]	tʃʰai[3]	
彩	ch'ai[3]	tʃʰai[3]	
采	ch'ai[3]	tʃʰai[3]	喝～
睬	ch'ai[3]	tʃʰai[3]	
菜	ch'ai[5]	tʃʰai[5]	
师	sai[1]	sai[1]	～父
狮	sai[1]	sai[1]	
屎	sai[3]	sai[3]	
使	sai[3]	sai[3]	1
驶	sai[3]	sai[3]	～船
婿	sai[5]	sai[5]	
该	kai[1]	kai[1]	
阶	kai[1]	kai[1]	
□	kai[1]	kai[1]	嗉子
改	kai[3]	kai[3]	
解	kai[3]	kai[3]	2注~
盖	kai[5]	kai[5]	
芥	kai[5]	kai[5]	1~辣子
界	kai[5]	kai[5]	
戒	kai[5]	kai[5]	
诫	kai[5]	kai[5]	
开	k'ai[1]	kʰai[1]	2~陈
凯	k'ai[3]	kʰai[3]	
慨	k'ai[5]	kʰai[5]	慷～
概	k'ai[5]	kʰai[5]	
介	ngai[5]	ŋai[5]	~绍
芥	ngai[5]	ŋai[5]	2～菜
碍	ngai[6]	ŋai[6]	
孩	hai[2]	hai[2]	
谐	hai[2]	hai[2]	
骇	hai[2]	hai[2]	
□	hai[2]	hai[2]	陶器
海	hai[3]	hai[3]	
咳	hai[3]	hai[3]	一种叹词
害	hai[6]	hai[6]	
骸	hai[6]	hai[6]	
哀	∅ai[1]	ʔai[1]	
倚	∅ai[3]	ʔai[3]	靠
爱	∅ai[5]	ʔai[5]	2～欲
蔼	∅ai[5]	ʔai[5]	
拐	kuai[3]	kuai[3]	
怪	kuai[5]	kuai[5]	
快	k'uai[5]	kʰuai[5]	2～乐
怀	huai[2]	huai[2]	
槐	huai[2]	huai[2]	
坏	huai[6]	huai[6]	
歪	buai[1]	wuai[1]	
包	pau[1]	pau[1]	
□	pau[1]	pau[1]	老~：柚子
胞	pau[2]	pau[2]	
抛	p'au[1]	pʰau[1]	
跑	p'au[2]	pʰau[2]	
炮	p'au[5]	pʰau[5]	
爆	p'au[5]	pʰau[5]	～裂
茅	mau[2]	mau[2]	
貌	mau[6]	mau[6]	
□	tau[1]	tau[1]	戍边~：附近
投	tau[2]	tau[2]	
罩	tau[5]	tau[5]	
昼	tau[5]	tau[5]	1下～：下午
豆	tau[6]	tau[6]	
痘	tau[6]	tau[6]	
脰	tau[6]	tau[6]	~管：脖子
偷	t'au[1]	tʰau[1]	
头	t'au[2]	tʰau[2]	
透	t'au[5]	tʰau[5]	
□	t'au[5]	tʰau[5]	用毒药毒害致死
毒	t'au[5]	tʰau[5]	校补，便于匹配：用毒药毒害致死
闹	nau[6]	nau[6]	
□	lau[1]	lau[1]	老虎
萝	lau[2]	lau[2]	2～卜
楼	lau[2]	lau[2]	1～梯
流	lau[2]	lau[2]	1~汗
留	lau[2]	lau[2]	1
□	lau[2]	lau[2]	~□lɛ5:肮脏
□	lau[5]	lau[5]	~泻：拉肚子
老	lau[6]	lau[6]	1
漏	lau[6]	lau[6]	1
糟	chau[1]	tʃau[1]	1
巢	chau[2]	tʃau[2]	
剿	chau[2]	tʃau[2]	
糟	chau[2]	tʃau[2]	2~蹋
抓	chau[3]	tʃau[3]	2
灶	chau[5]	tʃau[5]	
操	ch'au[1]	tʃʰau[1]	
抄	ch'au[1]	tʃʰau[1]	
吵	ch'au[3]	tʃʰau[3]	
臭	ch'au[5]	tʃʰau[5]	
扫	sau[5]	sau[5]	～地
哨	sau[5]	sau[5]	
嗽	sau[5]	sau[5]	
交	kau[1]	kau[1]	2
郊	kau[1]	kau[1]	
校	kau[1]	kau[1]	～阅
沟	kau[1]	kau[1]	
钩	kau[1]	kau[1]	
猴	kau[2]	kau[2]	
搅	kau[5]	kau[5]	
教	kau[5]	kau[5]	2~训
较	kau[5]	kau[5]	
够	kau[5]	kau[5]	1
□	kau[5]	kau[5]	到
□	kau[5]	kau[5]	三~日：三个月
厚	kau[6]	kau[6]	
□	k'au[1]	kʰau[1]	阄
□	k'au[2]	kʰau[2]	刮
聱	ngau[2]	ŋau[2]	
藕	ngau[6]	ŋau[6]	
薅	hau[1]	hau[1]	～草：除草
孝	hau[5]	hau[5]	2
效	hau[6]	hau[6]	
后	hau[6]	hau[6]	2~生
号	∅au[2]	ʔau[2]	胡刀切哭
拗	∅au[5]	ʔau[5]	2不顺
后	∅au[6]	ʔau[6]	1～门
了	leau[3]	leau[3]	2一目~然
排	pe[2]	pɛ[2]	
牌	pe[2]	pɛ[2]	
簰	pe[2]	pɛ[2]	筏子
□	pe[2]	pɛ[2]	□jiɔŋ2~:田鸡
𠜱	p'e[1]	pʰɛ[1]	削
□	p'e[3]	pʰɛ[3]	面~：脸颊
稗	p'e[5]	pʰɛ[5]	
买	me[3]	mɛ[3]	
卖	me[6]	mɛ[6]	
□	me[6]	mɛ[6]	不会
低	te[1]	tɛ[1]	
堤	te[2]	tɛ[2]	
提	te[2]	tɛ[2]	2~议
题	te[2]	tɛ[2]	
底	te[3]	tɛ[3]	2鞋～
帝	te[5]	tɛ[5]	
弟	te[6]	tɛ[6]	2徒～
第	te[6]	tɛ[6]	
递	te[6]	tɛ[6]	
提	t'e[2]	tʰɛ[2]	
体	t'e[3]	tʰɛ[3]	
替	t'e[5]	tʰɛ[5]	
泥	ne[2]	nɛ[2]	
尼	ne[2]	nɛ[2]	释迦牟~
奶	ne[3]	nɛ[3]	娘～：母亲，伯~：伯母
犁	le[2]	lɛ[2]	
厘	le[2]	lɛ[2]	
礼	le[3]	lɛ[3]	
□	le[5]	lɛ[5]	□lau2～：肮脏
厉	le[6]	lɛ[6]	
励	le[6]	lɛ[6]	
丽	le[6]	lɛ[6]	
隶	le[6]	lɛ[6]	
遮	che[1]	tʃɛ[1]	
斋	che[1]	tʃɛ[1]	1
齐	che[2]	tʃɛ[2]	~全；汝～农：你们
济	che[5]	tʃɛ[5]	
笊	che[5]	tʃɛ[5]	～篱
□	che[5]	tʃɛ[5]	苎丝
所	se[3]	sɛ[3]	厕~
洗	se[3]	sɛ[3]	
玺	se[3]	sɛ[3]	
硒	se[3]	sɛ[3]	
细	se[5]	sɛ[5]	
□	se[6]	sɛ[6]	多
街	ke[1]	kɛ[1]	
解	ke[3]	kɛ[3]	1动词
疥	ke[5]	kɛ[5]	
个	ke[6]	kɛ[6]	1的
溪	k'e[1]	kʰɛ[1]	
□	k'e[3]	kʰɛ[3]	啃
快	k'e[5]	kʰɛ[5]	1
倪	nge[2]	ŋɛ[2]	
鞋	∅e[2]	ʔɛ[2]	
矮	∅e[3]	ʔɛ[3]	
□	∅e[5]	ʔɛ[5]	看
解	∅e[6]	ʔɛ[6]	会,助动词
个	∅e[6]	ʔɛ[6]	2的；轻声
爹	tie[1]	tiɛ[1]	
□	tie[1]	tiɛ[1]	~官：公公
蛎	tie[6]	tiɛ[6]	牡蛎
□	t'ie[5]	tʰiɛ[5]	追，赶
□	lie[6]	liɛ[6]	筛子
□	chie[2]	tʃiɛ[2]	~□ne6：自己
姐	chie[3]	tʃiɛ[3]	
纸	chie[3]	tʃiɛ[3]	
蔗	chie[5]	tʃiɛ[5]	
藉	chie[6]	tʃiɛ[6]	～口
车	ch'ie[1]	tʃʰiɛ[1]	坐~，水~
奢	ch'ie[1]	tʃʰiɛ[1]	
斜	ch'ie[2]	tʃʰiɛ[2]	1
且	ch'ie[3]	tʃʰiɛ[3]	
□	ch'ie[5]	tʃʰiɛ[5]	传染
赊	sie[1]	siɛ[1]	
邪	sie[2]	siɛ[2]	
斜	sie[2]	siɛ[2]	2
蛇	sie[2]	siɛ[2]	
佘	sie[2]	siɛ[2]	～客
写	sie[3]	siɛ[3]	
舍	sie[3]	siɛ[3]	
泻	sie[5]	siɛ[5]	
舍	sie[5]	siɛ[5]	
赦	sie[5]	siɛ[5]	
舍	sie[6]	siɛ[6]	施~
谢	sie[6]	siɛ[6]	
射	sie[6]	siɛ[6]	神夜切
麝	sie[6]	siɛ[6]	
迦	kie[1]	kiɛ[1]	释～牟尼
枷	kie[2]	kiɛ[2]	
寄	kie[5]	kiɛ[5]	
岐	k'ie[2]	kʰiɛ[2]	赛～：地名
徛	k'ie[5]	kʰiɛ[5]	1陡
徛	k'ie[6]	kʰiɛ[6]	2站立；～戍：盖房子。阳去
鹅	ngie[2]	ŋiɛ[2]	
艾	ngie[5]	ŋiɛ[5]	
外	ngie[6]	ŋiɛ[6]	1～爿：外边
蚁	ngie[6]	ŋiɛ[6]	
爷	yie[2]	yiɛ[2]	
耶	yie[2]	yiɛ[2]	~稣
野	yie[3]	yiɛ[3]	
墅	yie[3]	yiɛ[3]	别~
也	yie[6]	yiɛ[6]	
夜	yie[6]	yiɛ[6]	
□	yie[6]	yiɛ[6]	~种：撒种
浮	p'eu[2]	pʰɛu[2]	2轻~
谋	meu[2]	mɛu[2]	
牟	meu[2]	mɛu[2]	释迦~尼
茂	meu[6]	mɛu[6]	
雕	teu[1]	tɛu[1]	
条	teu[2]	tɛu[2]	
调	teu[2]	tɛu[2]	1~换
愁	teu[2]	tɛu[2]	
斗	teu[5]	tɛu[5]	
读	teu[6]	tɛu[6]	句~
调	teu[6]	tɛu[6]	1歌曲的调
搂	leu[2]	lɛu[2]	
褛	leu[2]	lɛu[2]	褴~
寮	leu[2]	lɛu[2]	
楼	leu[2]	lɛu[2]	2步哨~
髅	leu[2]	lɛu[2]	
料	leu[6]	lɛu[6]	1肥料
漏	leu[6]	lɛu[6]	2
陋	leu[6]	lɛu[6]	
奏	cheu[5]	tʃɛu[5]	
皱	cheu[5]	tʃɛu[5]	
凑	ch'eu[5]	tʃʰɛu[5]	
搜	seu[1]	sɛu[1]	
胶	keu[1]	kɛu[1]	2
构	keu[5]	kɛu[5]	
够	keu[5]	kɛu[5]	2足～
□	keu[5]	kɛu[5]	挂
扣	k'eu[5]	kʰɛu[5]	
后	heu[6]	hɛu[6]	3～边
后	heu[6]	hɛu[6]	皇～
候	heu[6]	hɛu[6]	
复	heu[6]	hɛu[6]	～兴
婆	po[2]	pɔ[2]	
袍	po[2]	pɔ[2]	
□	po[2]	pɔ[2]	□pi2~□pet7：蝙蝠
宝	po[3]	pɔ[3]	
保	po[3]	pɔ[3]	
堡	po[3]	pɔ[3]	
播	po[5]	pɔ[5]	传~
报	po[5]	pɔ[5]	
□	po[5]	pɔ[5]	狂风
抱	po[6]	pɔ[6]	
波	p'o[1]	pʰɔ[1]	
坡	p'o[1]	pʰɔ[1]	
玻	p'o[1]	pʰɔ[1]	～璃
暴	p'o[6]	pʰɔ[6]	～风，～虐
魔	mo[2]	mɔ[2]	
毛	mo[2]	mɔ[2]	
耄	mo[2]	mɔ[2]	
□	mo[2]	mɔ[2]	无，没有
母	mo[3]	mɔ[3]	1雌，鸭～：母鸭；虱~：虱子
帽	mo[6]	mɔ[6]	
冒	mo[6]	mɔ[6]	
多	to[1]	tɔ[1]	
刀	to[1]	tɔ[1]	
驼	to[2]	tɔ[2]	
陀	to[2]	tɔ[2]	
砣	to[2]	tɔ[2]	
驮	to[2]	tɔ[2]	拿
逃	to[2]	tɔ[2]	
淘	to[2]	tɔ[2]	
倒	to[3]	tɔ[3]	躺
祷	to[3]	tɔ[3]	
到	to[5]	tɔ[5]	
倒	to[5]	tɔ[5]	～草：反刍
惰	to[6]	tɔ[6]	
道	to[6]	tɔ[6]	
盗	to[6]	tɔ[6]	
导	to[6]	tɔ[6]	
桃	t'o[2]	tʰɔ[2]	
讨	t'o[3]	tʰɔ[3]	
套	t'o[5]	tʰɔ[5]	
挪	no[2]	nɔ[2]	2
萄	no[2]	nɔ[2]	葡~
脑	no[3]	nɔ[3]	
恼	no[3]	nɔ[3]	
懦	no[6]	nɔ[6]	
啰	lo[1]	lɔ[1]	~嗦
罗	lo[2]	lɔ[2]	
锣	lo[2]	lɔ[2]	
萝	lo[2]	lɔ[2]	1~卜
牢	lo[2]	lɔ[2]	
劳	lo[2]	lɔ[2]	
痨	lo[2]	lɔ[2]	
朵	lo[3]	lɔ[3]	耳~
老	lo[3]	lɔ[3]	2～实
栳	lo[3]	lɔ[3]	鞋~：针线筐
做	cho[5]	tʃɔ[5]	1
左	cho[6]	tʃɔ[6]	
坐	cho[6]	tʃɔ[6]	2静~
座	cho[6]	tʃɔ[6]	
皂	cho[6]	tʃɔ[6]	
造	cho[6]	tʃɔ[6]	
搓	ch'o[1]	tʃʰɔ[1]	
操	ch'o[1]	tʃʰɔ[1]	
草	ch'o[3]	tʃʰɔ[3]	2粮～
错	ch'o[5]	tʃʰɔ[5]	错误
梭	so[1]	sɔ[1]	
唆	so[1]	sɔ[1]	
骚	so[1]	sɔ[1]	
槽	so[2]	sɔ[2]	
锁	so[3]	sɔ[3]	
燥	so[5]	sɔ[5]	雨~：雨停
歌	ko[1]	kɔ[1]	
哥	ko[1]	kɔ[1]	
高	ko[1]	kɔ[1]	
篙	ko[1]	kɔ[1]	
膏	ko[1]	kɔ[1]	
糕	ko[1]	kɔ[1]	
□	ko[2]	kɔ[2]	~lɔn2吞：囫囵吞
稿	ko[3]	kɔ[3]	
□	ko[3]	kɔ[3]	~□lø3：小孩儿
个	ko[5]	kɔ[5]	4～体
告	ko[5]	kɔ[5]	
各	ko[5]	kɔ[5]	1～农：别人。阴去
苛	k'o[1]	kʰɔ[1]	
可	k'o[3]	kʰɔ[3]	
考	k'o[3]	kʰɔ[3]	
洘	k'o[3]	kʰɔ[3]	□tʃʰɛn2~：田渴
拷	k'o[5]	kʰɔ[5]	
靠	k'o[5]	kʰɔ[5]	
铐	k'o[5]	kʰɔ[5]	
俄	ngo[2]	ŋɔ[2]	
熬	ngo[2]	ŋɔ[2]	
嚣	ngo[2]	ŋɔ[2]	
我	ngo[3]	ŋɔ[3]	
饿	ngo[6]	ŋɔ[6]	
傲	ngo[6]	ŋɔ[6]	
鏊	ngo[6]	ŋɔ[6]	
何	ho[2]	hɔ[2]	
荷	ho[2]	hɔ[2]	~兰
豪	ho[2]	hɔ[2]	~猪
壕	ho[2]	hɔ[2]	
好	ho[3]	hɔ[3]	形容词
好	ho[5]	hɔ[5]	动词
贺	ho[6]	hɔ[6]	
号	ho[6]	hɔ[6]	～码
阿	∅o[1]	ʔɔ[1]	~顺
河	∅o[2]	ʔɔ[2]	
袄	∅o[3]	ʔɔ[3]	
奥	∅o[5]	ʔɔ[5]	
澳	∅o[5]	ʔɔ[5]	
簸	puo[5]	puɔ[5]	～箕
破	p'uo[5]	pʰuɔ[5]	
磨	muo[2]	muɔ[2]	动词
麻	muo[2]	muɔ[2]	一种植物
痲	muo[2]	muɔ[2]	出~
舵	tuo[6]	tuɔ[6]	
大	tuo[6]	tuɔ[6]	1
拖	t'uo[1]	tʰuɔ[1]	
挪	nuo[2]	nuɔ[2]	1
箩	luo[2]	luɔ[2]	
了	luo[3]	luɔ[3]	1助词
抓	chuo[1]	tʃuɔ[1]	1～阄
沙	suo[1]	suɔ[1]	
砂	suo[1]	suɔ[1]	1
痧	suo[1]	suɔ[1]	1
鲨	suo[1]	suɔ[1]	
洒	suo[3]	suɔ[3]	
瓜	kuo[1]	kuɔ[1]	
寡	kuo[3]	kuɔ[3]	
剐	kuo[3]	kuɔ[3]	
个	kuo[5]	kuɔ[5]	3单～
挂	kuo[5]	kuɔ[5]	
卦	kuo[5]	kuɔ[5]	
夸	k'uo[1]	kʰuɔ[1]	
跨	k'uo[1]	kʰuɔ[1]	
艐	k'uo[5]	kʰuɔ[5]	船搁浅
□	k'uo[5]	kʰuɔ[5]	靠
花	huo[1]	huɔ[1]	
华	huo[2]	huɔ[2]	～丽
铧	huo[2]	huɔ[2]	
化	huo[5]	huɔ[5]	
□	huo[5]	huɔ[5]	那么
瓦	buo[6]	wuɔ[6]	
画	buo[6]	wuɔ[6]	
话	buo[6]	wuɔ[6]	
□	moi[6]	mɔi[6]	~□liʔ7了：没有了
堆	toi[1]	tɔi[1]	
对	toi[5]	tɔi[5]	
□	toi[5]	tɔi[5]	块
□	toi[5]	tɔi[5]	哪里
□	toi[5]	tɔi[5]	□tɛn2~:地方
代	toi[6]	tɔi[6]	1后～
袋	toi[6]	tɔi[6]	
推	t'oi[1]	tʰɔi[1]	
退	t'oi[5]	tʰɔi[5]	
□	noi[2]	nɔi[2]	~核:睾丸
内	noi[6]	nɔi[6]	
螺	loi[2]	lɔi[2]	
雷	loi[2]	lɔi[2]	2
擂	loi[2]	lɔi[2]	
□	loi[6]	lɔi[6]	钻，动词
最	choi[5]	tʃɔi[5]	
罪	choi[6]	tʃɔi[6]	
催	ch'oi[1]	tʃʰɔi[1]	
碎	ch'oi[5]	tʃʰɔi[5]	1
衰	soi[1]	sɔi[1]	
赛	soi[5]	sɔi[5]	～岐：地名；～台
碎	soi[5]	sɔi[5]	2
帅	soi[5]	sɔi[5]	
坐	soi[6]	sɔi[6]	1
盔	k'oi[1]	kʰɔi[1]	
诙	k'oi[1]	kʰɔi[1]	～谐
爱	∅oi[5]	ʔɔi[5]	1要
□	poe[2]	pœ[2]	~□lœk8钻：钻，一种工具
苎	toe[6]	tœ[6]	
驴	loe[2]	lœ[2]	
鑢	loe[5]	lœ[5]	
助	choe[6]	tʃœ[6]	
初	ch'oe[1]	tʃʰœ[1]	
妻	ch'oe[1]	tʃʰœ[1]	
□	ch'oe[2]	tʃʰœ[2]	倒，斟
楚	ch'oe[3]	tʃʰœ[3]	1清~
梳	soe[1]	sœ[1]	
疏	soe[1]	sœ[1]	
蔬	soe[1]	sœ[1]	
西	soe[1]	sœ[1]	
犀	soe[1]	sœ[1]	
□	soe[5]	sœ[5]	耖
□	k'oe[2]	kʰœ[2]	傻
□	ngoe[2]	ŋœ[2]	□liŋ3~:老鹰
哈	hoe[2]	hœ[2]	张口呼气
喉	hoe[2]	hœ[2]	~咙
□	hoe[6]	hœ[6]	～名：外号
蓖	pei[1]	pe[1]	～麻
碑	pei[1]	pe[1]	
卑	pei[1]	pe[1]	
婢	pei[1]	pe[1]	
脾	pei[2]	pe[2]	
痹	pei[5]	pe[5]	
秘	pei[5]	pe[5]	
泌	pei[5]	pe[5]	
敝	pei[6]	pe[6]	
弊	pei[6]	pe[6]	
币	pei[6]	pe[6]	
被	pei[6]	pe[6]	介词
备	pei[6]	pe[6]	
篦	pei[6]	pe[6]	~梳：篦子
悲	p'ei[1]	pʰe[1]	
菲	p'ei[1]	pʰe[1]	~薄
皮	p'ei[2]	pʰe[2]	2顽～
疲	p'ei[2]	pʰe[2]	
譬	p'ei[5]	pʰe[5]	
屁	p'ei[5]	pʰe[5]	2
鼻	p'ei[5]	pʰe[5]	
迷	mei[2]	me[2]	
糜	mei[2]	me[2]	2~粥：稀饭
弥	mei[2]	me[2]	
眉	mei[2]	me[2]	
维	mei[2]	me[2]	
唯	mei[2]	me[2]	
遗	mei[2]	me[2]	
微	mei[2]	me[2]	
薇	mei[2]	me[2]	蔷~
媚	mei[6]	me[6]	
寐	mei[6]	me[6]	
□	mei[6]	me[6]	～水底：潜水
沕	mei[6]	me[6]	校补，便于匹配：～水底：潜水
知	tei[1]	te[1]	
蜘	tei[1]	te[1]	
迟	tei[2]	te[2]	
戴	tei[5]	te[5]	动词
智	tei[5]	te[5]	
致	tei[5]	te[5]	
置	tei[5]	te[5]	
地	tei[6]	te[6]	
治	tei[6]	te[6]	政~
黐	t'ei[1]	tʰe[1]	粘
苔	t'ei[2]	tʰe[2]	青~
提	t'ei[2]	tʰe[2]	3
持	t'ei[2]	tʰe[2]	
呢	nei[2]	ne[2]	布料之一
□	nei[5]	ne[5]	猫~：猫
腻	nei[6]	ne[6]	细~：小心
二	nei[6]	ne[6]	
□	nei[6]	ne[6]	□tʃiɛ2~:自己
来	lei[2]	le[2]	1
梨	lei[2]	le[2]	
狸	lei[2]	le[2]	
利	lei[5]	le[5]	1～息
利	lei[6]	le[6]	2余~
俐	lei[6]	le[6]	伶~
至	chei[5]	tʃe[5]	
志	chei[5]	tʃe[5]	
志	chei[5]	tʃe[5]	
字	chei[6]	tʃe[6]	
鳃	ch'ei[1]	tʃʰe[1]	
雌	ch'ei[1]	tʃʰe[1]	
痴	ch'ei[1]	tʃʰe[1]	2
市	ch'ei[6]	tʃʰe[6]	
私	sei[1]	se[1]	1
蛳	sei[1]	se[1]	
尸	sei[1]	se[1]	
司	sei[1]	se[1]	
丝	sei[1]	se[1]	
诗	sei[1]	se[1]	
鹚	sei[2]	se[2]	
时	sei[2]	se[2]	
鲥	sei[2]	se[2]	
四	sei[5]	se[5]	1
试	sei[5]	se[5]	考~
是	sei[6]	se[6]	
示	sei[6]	se[6]	
视	sei[6]	se[6]	
寺	sei[6]	se[6]	
枝	kei[1]	ke[1]	树~
技	kei[1]	ke[1]	
飢	kei[1]	ke[1]	
肌	kei[1]	ke[1]	
基	kei[1]	ke[1]	
箕	kei[1]	ke[1]	
讥	kei[1]	ke[1]	
机	kei[1]	ke[1]	
饥	kei[1]	ke[1]	2
奇	kei[2]	ke[2]	出～
其	kei[2]	ke[2]	
期	kei[2]	ke[2]	
旗	kei[2]	ke[2]	
棋	kei[2]	ke[2]	
麒	kei[2]	ke[2]	
祈	kei[2]	ke[2]	
纪	kei[5]	ke[5]	
记	kei[5]	ke[5]	
既	kei[5]	ke[5]	
妓	kei[6]	ke[6]	
忌	kei[6]	ke[6]	
㩻	k'ei[1]	kʰe[1]	倾斜
欺	k'ei[1]	kʰe[1]	
骑	k'ei[2]	kʰe[2]	
虮	k'ei[2]	kʰe[2]	渠希切蚂蟥
器	k'ei[5]	kʰe[5]	
弃	k'ei[5]	kʰe[5]	
气	k'ei[5]	kʰe[5]	
汽	k'ei[5]	kʰe[5]	
柿	k'ei[6]	kʰe[6]	
宜	ngei[2]	ŋe[2]	
仪	ngei[2]	ŋe[2]	
疑	ngei[2]	ŋe[2]	
耳	ngei[6]	ŋe[6]	1～朵
牺	hei[1]	he[1]	
禧	hei[1]	he[1]	
希	hei[1]	he[1]	
稀	hei[1]	he[1]	
飞	hei[1]	he[1]	2～报
非	hei[1]	he[1]	
□	hei[5]	he[5]	那里
伊	∅ei[1]	ʔe[1]	他
医	∅ei[1]	ʔe[1]	
衣	∅ei[1]	ʔe[1]	～裳
依	∅ei[1]	ʔe[1]	
移	∅ei[2]	ʔe[2]	
姨	∅ei[2]	ʔe[2]	
意	∅ei[5]	ʔe[5]	
翳	∅ei[5]	ʔe[5]	
易	∅ei[6]	ʔe[6]	容～
异	∅ei[6]	ʔe[6]	
而	yei[2]	je[2]	
味	bei[6]	we[6]	
剖	p'eiu[3]	pʰeu[3]	
亩	meiu[3]	meu[3]	
丢	teiu[1]	teu[1]	
橱	teiu[2]	teu[2]	
抖	teiu[3]	teu[3]	
昼	teiu[5]	teu[5]	2～寝
宙	teiu[5]	teu[5]	
住	teiu[6]	teu[6]	1
□	teiu[6]	teu[6]	稻子
粙	teiu[6]	teu[6]	校补，便于匹配：稻子
抽	t'eiu[1]	tʰeu[1]	
稠	t'eiu[2]	tʰeu[2]	~密
绸	t'eiu[2]	tʰeu[2]	
筹	t'eiu[2]	tʰeu[2]	
踌	t'eiu[2]	tʰeu[2]	~躇
柱	t'eiu[6]	tʰeu[6]	
揉	neiu[2]	neu[2]	
□	leiu[1]	leu[1]	尾～：尾巴
流	leiu[2]	leu[2]	2～星
留	leiu[2]	leu[2]	2～心
硫	leiu[2]	leu[2]	
瘤	leiu[2]	leu[2]	
篓	leiu[3]	leu[3]	
珠	cheiu[1]	tʃeu[1]	1目～：眼睛
周	cheiu[1]	tʃeu[1]	
州	cheiu[1]	tʃeu[1]	
洲	cheiu[1]	tʃeu[1]	
鸟	cheiu[3]	tʃeu[3]	1
蛀	cheiu[5]	tʃeu[5]	
咒	cheiu[5]	tʃeu[5]	
就	cheiu[6]	tʃeu[6]	
秋	ch'eiu[1]	tʃʰeu[1]	
鞦	ch'eiu[1]	tʃʰeu[1]	~韆
树	ch'eiu[5]	tʃʰeu[5]	1
须	seiu[1]	seu[1]	1喙~：胡子
修	seiu[1]	seu[1]	
羞	seiu[1]	seu[1]	
收	seiu[1]	seu[1]	
泅	seiu[2]	seu[2]	
仇	seiu[2]	seu[2]	报～
酬	seiu[2]	seu[2]	
售	seiu[2]	seu[2]	
绣	seiu[5]	seu[5]	
兽	seiu[5]	seu[5]	
□	seiu[5]	seu[5]	窝
受	seiu[6]	seu[6]	
绶	seiu[6]	seu[6]	
袖	seiu[6]	seu[6]	
寿	seiu[6]	seu[6]	
授	seiu[6]	seu[6]	
求	keiu[2]	keu[2]	
球	keiu[2]	keu[2]	
□	keiu[2]	keu[2]	居住
□	keiu[2]	keu[2]	□ki1～头发：卷发
狗	keiu[3]	keu[3]	走~
苟	keiu[3]	keu[3]	
救	keiu[5]	keu[5]	
究	keiu[5]	keu[5]	
臼	keiu[6]	keu[6]	2脱～
旧	keiu[6]	keu[6]	
口	k'eiu[3]	kʰeu[3]	～头语
偶	ngeiu[3]	ŋeu[3]	
休	heiu[1]	heu[1]	
欧	∅eiu[1]	ʔeu[1]	
优	∅eiu[1]	ʔeu[1]	
忧	∅eiu[1]	ʔeu[1]	
幽	∅eiu[1]	ʔeu[1]	
呕	∅eiu[3]	ʔeu[3]	
幼	∅eiu[5]	ʔeu[5]	～年
摇	yeiu[2]	jeu[2]	2
柔	yeiu[2]	jeu[2]	
尤	yeiu[2]	jeu[2]	
邮	yeiu[2]	jeu[2]	
由	yeiu[2]	jeu[2]	
油	yeiu[2]	jeu[2]	
游	yeiu[2]	jeu[2]	
游	yeiu[2]	jeu[2]	
犹	yeiu[2]	jeu[2]	
扰	yeiu[3]	jeu[3]	
友	yeiu[3]	jeu[3]	
又	yeiu[6]	jeu[6]	
右	yeiu[6]	jeu[6]	
佑	yeiu[6]	jeu[6]	
釉	yeiu[6]	jeu[6]	
标	piu[1]	piu[1]	
镖	piu[1]	piu[1]	
表	piu[3]	piu[3]	
飘	p'iu[1]	pʰiu[1]	
漂	p'iu[1]	pʰiu[1]	~流
薸	p'iu[2]	pʰiu[2]	浮萍
嫖	p'iu[2]	pʰiu[2]	
漂	p'iu[5]	pʰiu[5]	~亮
票	p'iu[5]	pʰiu[5]	
苗	miu[2]	miu[2]	
描	miu[2]	miu[2]	
渺	miu[3]	miu[3]	
秒	miu[3]	miu[3]	
庙	miu[6]	miu[6]	
妙	miu[6]	miu[6]	
鹞	miu[6]	miu[6]	1纸～：风筝
谬	miu[6]	miu[6]	
朝	tiu[1]	tiu[1]	明～鸟：一种鸟
招	tiu[1]	tiu[1]	1
调	tiu[2]	tiu[2]	2～阳花：向日葵，～和
吊	tiu[5]	tiu[5]	
钓	tiu[5]	tiu[5]	
兆	tiu[6]	tiu[6]	
召	tiu[6]	tiu[6]	1圣～
调	tiu[6]	tiu[6]	2～转过来
超	t'iu[1]	tʰiu[1]	
挑	t'iu[1]	tʰiu[1]	～唆
跳	t'iu[5]	tʰiu[5]	
鸟	niu[3]	niu[3]	2～类
纽	niu[3]	niu[3]	
尿	niu[6]	niu[6]	
疗	liu[2]	liu[2]	
□	liu[2]	liu[2]	□~：玩儿
了	liu[3]	liu[3]	
柳	liu[3]	liu[3]	
料	liu[6]	liu[6]	2~理
焦	chiu[1]	tʃiu[1]	
礁	chiu[1]	tʃiu[1]	
招	chiu[1]	tʃiu[1]	2~牌
帚	chiu[3]	tʃiu[3]	
少	chiu[3]	tʃiu[3]	数量小
酒	chiu[3]	tʃiu[3]	
召	chiu[5]	tʃiu[5]	2圣～
照	chiu[5]	tʃiu[5]	
锹	ch'iu[1]	tʃʰiu[1]	
丑	ch'iu[3]	tʃʰiu[3]	
手	ch'iu[3]	tʃʰiu[3]	
笑	ch'iu[5]	tʃʰiu[5]	
椒	siu[1]	siu[1]	辣～，胡～。擦音声母
消	siu[1]	siu[1]	
硝	siu[1]	siu[1]	
销	siu[1]	siu[1]	
峭	siu[1]	siu[1]	~壁
烧	siu[1]	siu[1]	
箫	siu[1]	siu[1]	
啸	siu[1]	siu[1]	
小	siu[3]	siu[3]	
守	siu[3]	siu[3]	
首	siu[3]	siu[3]	
鞘	siu[5]	siu[5]	
肖	siu[5]	siu[5]	~像
绍	siu[6]	siu[6]	
骄	kiu[1]	kiu[1]	
桥	kiu[2]	kiu[2]	
侨	kiu[2]	kiu[2]	
狡	kiu[3]	kiu[3]	～猾
皎	kiu[3]	kiu[3]	～洁
久	kiu[3]	kiu[3]	
叫	kiu[5]	kiu[5]	
轿	kiu[6]	kiu[6]	
巧	k'iu[3]	kʰiu[3]	
窍	k'iu[5]	kʰiu[5]	
绕	ngiu[2]	ŋiu[2]	旋~
侥	hiu[1]	hiu[1]	~幸
晓	hiu[3]	hiu[3]	
妖	hiu[1]	hiu[1]	
腰	hiu[1]	hiu[1]	
摇	hiu[2]	hiu[2]	1
谣	hiu[2]	hiu[2]	
窑	hiu[2]	hiu[2]	
舀	hiu[3]	hiu[3]	
有	hiu[3]	hiu[3]	2~限
诱	hiu[3]	hiu[3]	引~
要	hiu[5]	hiu[5]	重~
耀	hiu[6]	hiu[6]	
鹞	hiu[6]	hiu[6]	2纸~:风筝
匏	pou[2]	po[2]	
饱	pou[3]	po[3]	2～和
富	pou[5]	po[5]	1
伏	pou[6]	po[6]	孵
浮	p'ou[2]	pʰo[2]	1
□	p'ou[2]	pʰo[2]	用油炸
卯	mou[3]	mo[3]	
都	tou[1]	to[1]	副词
都	tou[1]	to[1]	名词
图	tou[2]	to[2]	
徒	tou[2]	to[2]	
途	tou[2]	to[2]	
涂	tou[2]	to[2]	2~釉
斗	tou[3]	to[3]	墨～
妒	tou[5]	to[5]	
肚	tou[6]	to[6]	小～：动物的胃
度	tou[6]	to[6]	
渡	tou[6]	to[6]	
镀	tou[6]	to[6]	
涂	t'ou[2]	tʰo[2]	1泥土
妥	t'ou[3]	tʰo[3]	~当
敨	t'ou[3]	tʰo[3]	擤
兔	t'ou[5]	tʰo[5]	
吐	t'ou[5]	tʰo[5]	~痰
吐	t'ou[5]	tʰo[5]	呕吐
奴	nou[2]	no[2]	
怒	nou[6]	no[6]	
芦	lou[2]	lo[2]	
炉	lou[2]	lo[2]	
鸬	lou[2]	lo[2]	
颅	lou[2]	lo[2]	
轳	lou[2]	lo[2]	
露	lou[5]	lo[5]	～水
卤	lou[6]	lo[6]	
路	lou[6]	lo[6]	
赂	lou[6]	lo[6]	
租	chou[1]	tʃo[1]	
资	chou[1]	tʃo[1]	
滋	chou[1]	tʃo[1]	
瓷	chou[2]	tʃo[2]	
慈	chou[2]	tʃo[2]	
爪	chou[3]	tʃo[3]	
走	chou[3]	tʃo[3]	跑，～狗
自	chou[6]	tʃo[6]	~由
粗	ch'ou[1]	tʃʰo[1]	
草	ch'ou[3]	tʃʰo[3]	1～鞋
醋	ch'ou[5]	tʃʰo[5]	
刺	ch'ou[5]	tʃʰo[5]	2~激
次	ch'ou[5]	tʃʰo[5]	
苏	sou[1]	so[1]	
稣	sou[1]	so[1]	耶~
斯	sou[1]	so[1]	
私	sou[1]	so[1]	2~情
师	sou[1]	so[1]	
思	sou[1]	so[1]	~想
辞	sou[2]	so[2]	
词	sou[2]	so[2]	
素	sou[5]	so[5]	
诉	sou[5]	so[5]	
数	sou[5]	so[5]	动词
数	sou[5]	so[5]	～目
赐	sou[5]	so[5]	
四	sou[5]	so[5]	2文房~宝
肆	sou[5]	so[5]	放～
思	sou[5]	so[5]	意～
似	sou[6]	so[6]	
祀	sou[6]	so[6]	
士	sou[6]	so[6]	
伺	sou[6]	so[6]	～候
事	sou[6]	so[6]	2～情
孤	kou[1]	ko[1]	
姑	kou[1]	ko[1]	
菇	kou[1]	ko[1]	
骷	kou[1]	ko[1]	
枯	kou[1]	ko[1]	
□	kou[1]	ko[1]	～虮：蚂蟥
糊	kou[2]	ko[2]	1糨糊
垢	kou[3]	ko[3]	
九	kou[3]	ko[3]	
故	kou[5]	ko[5]	
固	kou[5]	ko[5]	
顾	kou[5]	ko[5]	
□	kou[5]	ko[5]	还，副词
舅	kou[6]	ko[6]	
箍	k'ou[1]	kʰo[1]	
丘	k'ou[1]	kʰo[1]	量词，用于田
库	k'ou[5]	kʰo[5]	
裤	k'ou[5]	kʰo[5]	
臼	k'ou[6]	kʰo[6]	1舂～囝：臼
牛	ngou[2]	ŋo[2]	
五	ngou[6]	ŋo[6]	1
夫	hou[1]	ho[1]	2～妻
肤	hou[1]	ho[1]	
灰	hou[1]	ho[1]	1～寮：厕所
呼	hou[2]	ho[2]	～吸
胡	hou[2]	ho[2]	
狐	hou[2]	ho[2]	2
弧	hou[2]	ho[2]	
壶	hou[2]	ho[2]	
糊	hou[2]	ho[2]	2~涂
胡	hou[2]	ho[2]	~须
扶	hou[2]	ho[2]	2
符	hou[2]	ho[2]	
□	hou[2]	ho[2]	~虮：一种蚂蟥，较大
吼	hou[3]	ho[3]	叫
付	hou[5]	ho[5]	
赋	hou[5]	ho[5]	
傅	hou[5]	ho[5]	
富	hou[5]	ho[5]	2~足
副	hou[5]	ho[5]	
户	hou[6]	ho[6]	
互	hou[6]	ho[6]	
护	hou[6]	ho[6]	
父	hou[6]	ho[6]	师~
腐	hou[6]	ho[6]	
辅	hou[6]	ho[6]	
附	hou[6]	ho[6]	
妇	hou[6]	ho[6]	囝个新～：媳妇，寡~
负	hou[6]	ho[6]	
乌	∅ou[1]	ʔo[1]	黑
污	∅ou[1]	ʔo[1]	
于	∅ou[1]	ʔo[1]	
□	∅ou[1]	ʔo[1]	~tʃɔk8：肮脏
湖	∅ou[2]	ʔo[2]	江
坞	∅ou[5]	ʔo[5]	船～：船埠
恶	∅ou[5]	ʔo[5]	可~
□	∅ou[5]	ʔo[5]	躲
伙	∅ou[6]	ʔo[6]	若~：多少
有	∅ou[6]	ʔo[6]	1
无	bou[2]	wo[2]	
巫	bou[2]	wo[2]	
诬	bou[2]	wo[2]	
务	bou[6]	wo[6]	
雾	bou[6]	wo[6]	2
肥	poui[2]	poi[2]	
痱	poui[5]	poi[5]	
沸	poui[5]	poi[5]	沸腾
屁	p'oui[5]	pʰoi[5]	1
□	p'oui[5]	pʰoi[5]	从嘴里往外吐
追	toui[1]	toi[1]	
锤	toui[2]	toi[2]	秤~
捶	toui[2]	toi[2]	1～门：敲门
着	toui[5]	toi[5]	显～
坠	toui[6]	toi[6]	
槌	t'oui[2]	tʰoi[2]	
捶	t'oui[2]	tʰoi[2]	2~锣
类	loui[6]	loi[6]	
隹	choui[1]	tʃoi[1]	
醉	choui[5]	tʃoi[5]	
处	ch'oui[5]	tʃʰoi[5]	好~
趋	ch'oui[5]	tʃʰoi[5]	~向
趣	ch'oui[5]	tʃʰoi[5]	
□	ch'oui[5]	tʃʰoi[5]	嘴。本文中写作“喙”
喙	ch'oui[5]	tʃʰoi[5]	校补，便于匹配：嘴
𧄔	soui[2]	soi[2]	蕃~：白薯
殊	soui[2]	soi[2]	
随	soui[2]	soi[2]	
垂	soui[2]	soi[2]	
瑞	soui[6]	soi[6]	～典
燧	soui[6]	soi[6]	
龟	koui[1]	koi[1]	
归	koui[1]	koi[1]	
葵	koui[2]	koi[2]	
贵	koui[5]	koi[5]	
具	koui[6]	koi[6]	
飓	koui[6]	koi[6]	
跪	koui[6]	koi[6]	
□	koui[6]	koi[6]	□sat8~:蟑螂的窝
开	k'oui[1]	kʰoi[1]	1
恢	k'oui[1]	kʰoi[1]	
饥	k'oui[1]	kʰoi[1]	1腹肚～：肚子饿。送气音
瑰	k'oui[5]	kʰoi[5]	玫~
愧	k'oui[5]	kʰoi[5]	
巍	ngoui[2]	ŋoi[2]	
寓	ngoui[6]	ŋoi[6]	～意
挥	houi[1]	hoi[1]	1指~
纬	houi[5]	hoi[5]	
威	∅oui[1]	ʔoi[1]	
畏	∅oui[5]	ʔoi[5]	
慰	∅oui[5]	ʔoi[5]	
桅	boui[2]	woi[2]	
为	boui[2]	woi[2]	1行～
违	boui[2]	woi[2]	
围	boui[2]	woi[2]	
帏	boui[2]	woi[2]	
为	boui[6]	woi[6]	2变～，以~
为	boui[6]	woi[6]	因~
位	boui[6]	woi[6]	
胃	boui[6]	woi[6]	
谓	boui[6]	woi[6]	
杯	pui[1]	pui[1]	
飞	pui[1]	pui[1]	1
赔	pui[2]	pui[2]	
培	pui[2]	pui[2]	
陪	pui[2]	pui[2]	
贝	pui[5]	pui[5]	
背	pui[5]	pui[5]	1椅～
褙	pui[5]	pui[5]	
狈	pui[6]	pui[6]	
倍	pui[6]	pui[6]	
背	pui[6]	pui[6]	2~脊
背	pui[6]	pui[6]	~井，耳朵~
焙	pui[6]	pui[6]	
佩	pui[6]	pui[6]	～服
皮	p'ui[2]	pʰui[2]	1
配	p'ui[5]	pʰui[5]	
被	p'ui[6]	pʰui[6]	被子
梅	mui[2]	mui[2]	
煤	mui[2]	mui[2]	
媒	mui[2]	mui[2]	
玫	mui[2]	mui[2]	～瑰
糜	mui[2]	mui[2]	1～粥：稀饭
每	mui[3]	mui[3]	
尾	mui[3]	mui[3]	
妹	mui[5]	mui[5]	
昧	mui[6]	mui[6]	
未	mui[6]	mui[6]	副词
屡	lui[3]	lui[3]	
吹	ch'ui[1]	tʃʰui[1]	
脆	ch'ui[5]	tʃʰui[5]	
□	ch'ui[5]	tʃʰui[5]	寻找
虽	sui[1]	sui[1]	
岁	sui[5]	sui[5]	2万~
税	sui[5]	sui[5]	
裹	kui[3]	kui[3]	包，动词
几	kui[3]	kui[3]	～只
诡	kui[3]	kui[3]	
轨	kui[3]	kui[3]	
鬼	kui[3]	kui[3]	
刽	kui[5]	kui[5]	
髻	kui[5]	kui[5]	
外	ngui[6]	ŋui[6]	2意～
灰	hui[1]	hui[1]	2石～
回	hui[2]	hui[2]	
回	hui[2]	hui[2]	
火	hui[3]	hui[3]	
伙	hui[3]	hui[3]	
悔	hui[5]	hui[5]	
岁	hui[5]	hui[5]	1六十~
会	hui[6]	hui[6]	社~
贿	∅ui[3]	ʔui[3]	受~
委	∅ui[3]	ʔui[3]	
睿	yui[6]	jui[6]	
伟	bui[3]	wui[3]	
秽	bui[5]	wui[5]	
卫	bui[6]	wui[6]	
去	k'ue[5]	kʰø[5]	
猪	tuei[1]	tøi[1]	
除	tuei[2]	tøi[2]	
躇	tuei[2]	tøi[2]	踌~
短	tuei[3]	tøi[3]	
箸	tuei[6]	tøi[6]	
队	tuei[6]	tøi[6]	
蛛	t'uei[1]	tʰøi[1]	蜘～
锄	t'uei[2]	tʰøi[2]	
椎	t'uei[2]	tʰøi[2]	脊~
□	luei[3]	løi[3]	□kɔ3～：小孩儿
虑	luei[6]	løi[6]	
累	luei[6]	løi[6]	连~
汇	luei[6]	løi[6]	
书	chuei[1]	tʃøi[1]	
注	chuei[5]	tʃøi[5]	
聚	chuei[6]	tʃøi[6]	
驻	chuei[6]	tʃøi[6]	
住	chuei[6]	tʃøi[6]	2~所
舒	ch'uei[1]	tʃʰøi[1]	铺，动词
髓	ch'uei[3]	tʃʰøi[3]	
需	suei[1]	søi[1]	须~知
须	suei[1]	søi[1]	2胡~
输	suei[1]	søi[1]	~出品
蜍	suei[2]	søi[2]	蟾~
茱	suei[2]	søi[2]	
絮	suei[5]	søi[5]	
恕	suei[5]	søi[5]	
穗	suei[5]	søi[5]	
序	suei[6]	søi[6]	
绪	suei[6]	søi[6]	光～
署	suei[6]	søi[6]	
树	suei[6]	søi[6]	2
隧	suei[6]	søi[6]	
居	kuei[1]	køi[1]	
拘	kuei[1]	køi[1]	
葵	kuei[2]	køi[2]	
锯	kuei[5]	køi[5]	
据	kuei[5]	køi[5]	
拒	kuei[6]	køi[6]	
距	kuei[6]	køi[6]	
惧	kuei[6]	køi[6]	
柜	kuei[6]	køi[6]	
区	k'uei[1]	kʰøi[1]	
驱	k'uei[1]	kʰøi[1]	
躯	k'uei[1]	kʰøi[1]	
貙	k'uei[1]	kʰøi[1]	
亏	k'uei[1]	kʰøi[1]	
鱼	nguei[2]	ŋøi[2]	
愚	nguei[2]	ŋøi[2]	
危	nguei[2]	ŋøi[2]	
遇	nguei[6]	ŋøi[6]	
寓	nguei[6]	ŋøi[6]	
伪	nguei[6]	ŋøi[6]	
虚	huei[1]	høi[1]	
挥	huei[1]	høi[1]	2
辉	huei[1]	høi[1]	
如	yuei[2]	jøi[2]	
余	yuei[2]	jøi[2]	
萸	yuei[2]	jøi[2]	
预	yuei[6]	jøi[6]	
豫	yuei[6]	jøi[6]	
喻	yuei[6]	jøi[6]	
谕	yuei[6]	jøi[6]	
□	tim[1]	tim[1]	甜
□	tim[6]	tim[6]	满
添	t'im[1]	tʰim[1]	
谄	t'im[3]	tʰim[3]	
拈	nim[1]	nim[1]	
粘	nim[2]	nim[2]	
染	nim[3]	nim[3]	
念	nim[6]	nim[6]	2纪～
捻	nim[6]	nim[6]	
帘	lim[2]	lim[2]	
廉	lim[2]	lim[2]	
镰	lim[2]	lim[2]	
林	lim[2]	lim[2]	2森~
廪	lim[3]	lim[3]	
懔	lim[3]	lim[3]	
□	lim[6]	lim[6]	~脬籽：睾丸
尖	chim[1]	tʃim[1]	
签	chim[1]	tʃim[1]	～字。不送气音
签	chim[1]	tʃim[1]	2
瞻	chim[1]	tʃim[1]	
占	chim[1]	tʃim[1]	～诗
潜	chim[2]	tʃim[2]	
枕	chim[3]	tʃim[3]	
占	chim[5]	tʃim[5]	
签	ch'im[1]	tʃʰim[1]	1
蟾	sim[2]	sim[2]	2～蜍
盐	sim[2]	sim[2]	盐巴
檐	sim[2]	sim[2]	~下
寝	sim[3]	sim[3]	昼～
审	sim[3]	sim[3]	
婶	sim[3]	sim[3]	
盐	sim[5]	sim[5]	腌制
锦	kim[3]	kim[3]	
剑	kim[5]	kim[5]	
俭	kim[6]	kim[6]	
谦	k'im[1]	kʰim[1]	
钳	k'im[2]	kʰim[2]	
擒	k'im[2]	kʰim[2]	
欠	k'im[5]	kʰim[5]	
嫌	him[2]	him[2]	
险	him[3]	him[3]	
饮	∅im[3]	ʔim[3]	2～料
延	yim[2]	yim[2]	
掩	yim[3]	yim[3]	
厌	yim[5]	yim[5]	
碟	tip[8]	tip[8]	
捏	nip[7]	nip[7]	2
接	chip[7]	tʃip[7]	
摺	chip[7]	tʃip[7]	
执	chip[7]	tʃip[7]	
捷	chip[8]	tʃip[8]	
妾	ch'ip[7]	tʃʰip[7]	
斥	ch'ip[7]	tʃʰip[7]	排～
荚	kip[7]	kip[7]	豆～
劫	k'ip[7]	kʰip[7]	送气音
缺	k'ip[7]	kʰip[7]	～喙：豁嘴
业	ngip[8]	ŋip[8]	
孽	ngip[8]	ŋip[8]	
狭	hip[8]	hip[8]	2～义
胁	hip[8]	hip[8]	
协	hip[8]	hip[8]	
侠	hip[8]	hip[8]	
穴	hip[8]	hip[8]	太阳~
叶	yip[8]	yip[8]	
入	yip[8]	yip[8]	2收~
耽	tam[1]	tam[1]	
担	tam[1]	tam[1]	动词
□	tam[1]	tam[1]	□pin3～虮：一种蚂蟥，较大
谈	tam[2]	tam[2]	
痰	tam[2]	tam[2]	
丈	tam[2]	tam[2]	2～夫农：男人
□	tam[2]	tam[2]	湿
胆	tam[3]	tam[3]	
担	tam[5]	tam[5]	名词
淡	tam[6]	tam[6]	
贪	t'am[1]	tʰam[1]	
潭	t'am[2]	tʰam[2]	
探	t'am[5]	tʰam[5]	
南	nam[2]	nam[2]	
男	nam[2]	nam[2]	
岚	lam[2]	lam[2]	
蓝	lam[2]	lam[2]	
篮	lam[2]	lam[2]	
褴	lam[2]	lam[2]	~褛
林	lam[2]	lam[2]	1树~
览	lam[3]	lam[3]	
揽	lam[3]	lam[3]	
缆	lam[3]	lam[3]	
簪	cham[1]	tʃam[1]	
脏	cham[1]	tʃam[1]	肮~
斩	cham[3]	tʃam[3]	
錾	cham[6]	tʃam[6]	
暂	cham[6]	tʃam[6]	
掺	ch'am[1]	tʃʰam[1]	
惨	ch'am[3]	tʃʰam[3]	
三	sam[1]	sam[1]	
衫	sam[1]	sam[1]	
杉	sam[2]	sam[2]	~柴：杉树。阳平
甘	kam[1]	kam[1]	～心
柑	kam[1]	kam[1]	
监	kam[1]	kam[1]	～察
衔	kam[2]	kam[2]	1动词
㔶	kam[3]	kam[3]	盖子;盖上
感	kam[3]	kam[3]	
敢	kam[3]	kam[3]	
监	kam[5]	kam[5]	太~
堪	k'am[1]	kʰam[1]	
龛	k'am[1]	kʰam[1]	
磡	k'am[5]	kʰam[5]	坎子
嵌	k'am[5]	kʰam[5]	
含	ham[2]	ham[2]	包~
衔	ham[2]	ham[2]	2荣~
颔	ham[3]	ham[3]	下~骨
喊	ham[3]	ham[3]	
肮	∅am[1]	ʔam[1]	~脏
饮	∅am[3]	ʔam[3]	1米汤
暗	∅am[5]	ʔam[5]	
晏	∅am[5]	ʔam[5]	晚
□	yam[5]	jam[5]	鱼～：鳍。音节结构特殊
答	tap[7]	tap[7]	
搭	tap[7]	tap[7]	
踏	tap[8]	tap[8]	
塔	t'ap[7]	tʰap[7]	
蹋	t'ap[7]	tʰap[7]	糟~
纳	nap[8]	nap[8]	
钠	nap[8]	nap[8]	
蜡	lap[8]	lap[8]	
猎	lap[8]	lap[8]	
粒	lap[8]	lap[8]	
喇	lap[8]	lap[8]	～叭
杂	chap[8]	tʃap[8]	
闸	chap[8]	tʃap[8]	
铡	chap[8]	tʃap[8]	~药
插	ch'ap[7]	tʃʰap[7]	
□	ch'ap[7]	tʃʰap[7]	理睬，管
煠	sap[8]	sap[8]	水煮
鸽	kap[7]	kap[7]	1白~
蛤	kap[7]	kap[7]	~囝：双壳贝类
合	kap[7]	kap[7]	~𣍐来：合不来
裌	kap[7]	kap[7]	
甲	kap[7]	kap[7]	指~
□	kap[7]	kap[7]	青~：青蛙
□	hap[7]	hap[7]	嗓子哑
合	hap[8]	hap[8]	～意
鸽	∅ap[7]	ʔap[7]	2白~
鸭	∅ap[7]	ʔap[7]	
押	∅ap[7]	ʔap[7]	
压	∅ap[7]	ʔap[7]	
盒	∅ap[8]	ʔap[8]	
匣	∅ap[8]	ʔap[8]	
𩟗	chiam[3]	tʃiam[3]	淡
蟾	siam[2]	siam[2]	1~蜍
□	siam[2]	siam[2]	引诱
巖	ngiam[2]	ŋiam[2]	
严	ngiam[2]	ŋiam[2]	
验	ngiam[6]	ŋiam[6]	
焰	yiam[6]	yiam[6]	
□	tiap[7]	tiap[7]	鞋~：拖鞋
镊	niap[7]	niap[7]	
湿	siap[7]	siap[7]	1
□	siap[7]	siap[7]	闪
翼	siap[8]	siap[8]	1翅膀
夹	kiap[7]	kiap[7]	1
挟	kiap[7]	kiap[7]	吉协切腋下夹
夹	kiap[8]	kiap[8]	2～棍
屐	kiap[8]	kiap[8]	1
吓	hiap[7]	hiap[7]	
页	yiap[8]	yiap[8]	
店	tem[5]	tɛm[5]	
簟	tem[6]	tɛm[6]	
垫	tem[6]	tɛm[6]	
沉	t'em[2]	tʰɛm[2]	1
念	nem[6]	nɛm[6]	1~经
针	chem[1]	tʃɛm[1]	
蚕	ch'em[2]	tʃʰɛm[2]	
森	sem[1]	sɛm[1]	
渗	sem[5]	sɛm[5]	
咸	kem[2]	kɛm[2]	
□	k'em[5]	kʰɛm[5]	盖上
贴	t'ep[7]	tʰɛp[7]	
帖	t'ep[7]	tʰɛp[7]	量词，用于药
叠	t'ep[8]	tʰɛp[8]	
□	nep[7]	nɛp[7]	凹
凹	nep[7]	nɛp[7]	校补，便于匹配：凹
捏	nep[7]	nɛp[7]	1
汁	chep[7]	tʃɛp[7]	
□	sep[7]	sɛp[7]	菜肴
十	sep[8]	sɛp[8]	
□	sep[8]	sɛp[8]	~□kʰɛp7~：小气
□	k'ep[7]	kʰɛp[7]	~□sɛp8：小气
狭	∅ep[8]	ʔɛp[8]	1窄
沉	teim[2]	tem[2]	2
尘	teim[2]	tem[2]	洗~
点	teim[3]	tem[3]	
淋	leim[2]	lem[2]	
临	leim[2]	lem[2]	
斟	cheim[1]	tʃem[1]	~酌
浸	cheim[5]	tʃem[5]	
侵	ch'eim[1]	tʃʰem[1]	
深	ch'eim[1]	tʃʰem[1]	
心	seim[1]	sem[1]	
寻	seim[2]	sem[2]	动词；～常
鲟	seim[2]	sem[2]	
闪	seim[3]	sem[3]	
慎	seim[6]	sem[6]	谨~
今	keim[1]	kem[1]	1～年
金	keim[1]	kem[1]	
□	keim[2]	kem[2]	盖上
减	keim[3]	kem[3]	
碱	keim[3]	kem[3]	
检	keim[3]	kem[3]	
禁	keim[5]	kem[5]	～止
妗	keim[6]	kem[6]	
钦	k'eim[1]	kʰem[1]	
琴	k'eim[2]	kʰem[2]	
熊	heim[2]	hem[2]	
音	heim[1]	hem[1]	
阴	heim[1]	hem[1]	
荫	heim[5]	hem[5]	
淫	yeim[2]	jem[2]	
任	yeim[6]	jem[6]	
匿	neip[8]	nep[8]	
立	leip[8]	lep[8]	
笠	leip[8]	lep[8]	～斗：斗笠
职	cheip[7]	tʃep[7]	1
集	cheip[8]	tʃep[8]	
习	cheip[8]	tʃep[8]	
湿	seip[7]	sep[7]	2
屑	seip[7]	sep[7]	1发~：头垢
饰	seip[7]	sep[7]	
席	seip[8]	sep[8]	主~
急	keip[7]	kep[7]	
及	keip[8]	kep[8]	
屐	keip[8]	kep[8]	2
级	ngeip[7]	ŋep[7]	等~
吸	ngeip[7]	ŋep[7]	~气
给	ngeip[7]	ŋep[7]	3支~
熻	heip[7]	hep[7]	焖，如，一鱼
入	yeip[8]	jep[8]	1
鞭	pin[1]	pin[1]	
边	pin[1]	pin[1]	
扁	pin[3]	pin[3]	
反	pin[3]	pin[3]	1翻动
□	pin[3]	pin[3]	~□tam1虮：一种蚂蟥，较大
变	pin[5]	pin[5]	
辩	pin[6]	pin[6]	
便	pin[6]	pin[6]	随~，大~
辫	pin[6]	pin[6]	
编	p'in[1]	pʰin[1]	
篇	p'in[1]	pʰin[1]	
偏	p'in[1]	pʰin[1]	～僻
骗	p'in[5]	pʰin[5]	
遍	p'in[5]	pʰin[5]	~在
片	p'in[5]	pʰin[5]	
棉	min[2]	min[2]	
免	min[3]	min[3]	
勉	min[3]	min[3]	
鳘	min[3]	min[3]	
面	min[6]	min[6]	
颠	tin[1]	tin[1]	
癫	tin[1]	tin[1]	
缠	tin[2]	tin[2]	
田	tin[2]	tin[2]	
辗	tin[3]	tin[3]	~转
电	tin[6]	tin[6]	
□	tin[6]	tin[6]	～动：动
天	t'in[1]	tʰin[1]	
□	t'in[5]	tʰin[5]	缝，动词
䋎	t'in[5]	tʰin[5]	校补，便于匹配：缝，动词
儿	nin[2]	nin[2]	1～婿：女婿
年	nin[2]	nin[2]	
□	nin[6]	nin[6]	绞，拧
联	lin[2]	lin[2]	
连	lin[2]	lin[2]	
练	lin[6]	lin[6]	
炼	lin[6]	lin[6]	
毡	chin[1]	tʃin[1]	
蒸	chin[1]	tʃin[1]	
钱	chin[2]	tʃin[2]	
前	chin[2]	tʃin[2]	2
指	chin[3]	tʃin[3]	1～甲
饯	chin[3]	tʃin[3]	～行
疹	chin[3]	tʃin[3]	
振	chin[3]	tʃin[3]	
拯	chin[3]	tʃin[3]	
整	chin[3]	tʃin[3]	
箭	chin[5]	tʃin[5]	
战	chin[5]	tʃin[5]	
颤	chin[5]	tʃin[5]	
震	chin[5]	tʃin[5]	2地～
贱	chin[6]	tʃin[6]	
迁	ch'in[1]	tʃʰin[1]	
韆	ch'in[1]	tʃʰin[1]	鞦～
鲜	ch'in[1]	tʃʰin[1]	新~
浅	ch'in[3]	tʃʰin[3]	
仙	sin[1]	sin[1]	
先	sin[1]	sin[1]	2~知
煽	sin[5]	sin[5]	
扇	sin[5]	sin[5]	名词
善	sin[6]	sin[6]	
间	kin[1]	kin[1]	1～底：房间，粗～：厕所
肩	kin[1]	kin[1]	
坚	kin[1]	kin[1]	
捐	kin[1]	kin[1]	
舷	kin[2]	kin[2]	边缘
紧	kin[3]	kin[3]	
建	kin[5]	kin[5]	～筑
见	kin[5]	kin[5]	
绢	kin[5]	kin[5]	
健	kin[6]	kin[6]	
牵	k'in[1]	kʰin[1]	2
研	ngin[3]	ŋin[3]	~究
砚	ngin[5]	ŋin[5]	1
喧	hin[1]	hin[1]	
熏	hin[1]	hin[1]	
贤	hin[2]	hin[2]	
弦	hin[2]	hin[2]	
悬	hin[2]	hin[2]	3～空
玄	hin[2]	hin[2]	
眩	hin[2]	hin[2]	晕
显	hin[3]	hin[3]	
宪	hin[5]	hin[5]	
现	hin[6]	hin[6]	
引	∅in[3]	ʔin[3]	
烟	yin[1]	yin[1]	乌前切
圆	yin[2]	yin[2]	1地球～
铅	yin[2]	yin[2]	2~字
忍	yin[3]	yin[3]	
允	yin[3]	yin[3]	~许
燕	yin[5]	yin[5]	鸟名
演	yin[6]	yin[6]	
院	yin[6]	yin[6]	
鳖	pit[7]	pit[7]	
别	pit[8]	pit[8]	特~
撇	p'it[7]	pʰit[7]	
灭	mit[8]	mit[8]	
篾	mit[8]	mit[8]	
哲	tit[7]	tit[7]	
迭	tit[7]	tit[7]	1迷～香
牒	tit[8]	tit[8]	通~
辙	tit[8]	tit[8]	
迭	tit[8]	tit[8]	2迷～香
撤	t'it[7]	tʰit[7]	
铁	t'it[7]	tʰit[7]	
栗	lit[7]	lit[7]	～子
列	lit[8]	lit[8]	
烈	lit[8]	lit[8]	
历	lit[8]	lit[8]	
历	lit[8]	lit[8]	
砾	lit[8]	lit[8]	
栎	lit[8]	lit[8]	
节	chit[7]	tʃit[7]	2守～
疖	chit[7]	tʃit[7]	
即	chit[7]	tʃit[7]	
切	ch'it[7]	tʃʰit[7]	恳～
泄	sit[7]	sit[7]	
亵	sit[7]	sit[7]	
设	sit[7]	sit[7]	
涉	sit[8]	sit[8]	干~
舌	sit[8]	sit[8]	
折	sit[8]	sit[8]	~本：亏本
髻	kit[7]	kit[7]	
结	kit[7]	kit[7]	2～党，解～
洁	kit[7]	kit[7]	
决	kit[7]	kit[7]	
给	kit[7]	kit[7]	2
怯	k'it[7]	kʰit[7]	
□	∅it[7]	ʔit[7]	～起身：起身
谒	yit[7]	yin[7]	
热	yit[8]	yin[8]	
阅	yit[8]	yin[8]	
分	pun[1]	pun[1]	1～家
□	pun[2]	pun[2]	丸
本	pun[2]	pun[2]	
□	pun[2]	pun[2]	头～lœŋ6太阳穴
饭	pun[6]	pun[6]	稀~
门	mun[2]	mun[2]	
蚊	mun[2]	mun[2]	1～虫：蚊子
问	mun[5]	mun[5]	1
传	tun[2]	tun[2]	~染
转	tun[3]	tun[3]	反~
传	tun[6]	tun[6]	名词
椽	t'un[2]	tʰun[2]	
暖	nun[3]	nun[3]	2
软	nun[3]	nun[3]	
恋	lun[6]	lun[6]	
专	chun[1]	tʃun[1]	
砖	chun[1]	tʃun[1]	
全	chun[2]	tʃun[2]	
泉	chun[2]	tʃun[2]	2温~
准	chun[3]	tʃun[3]	批~
准	chun[3]	tʃun[3]	
穿	ch'un[1]	tʃʰun[1]	
伸	ch'un[1]	tʃʰun[1]	1骹手~外来：伸懒腰
蠢	ch'un[3]	tʃʰun[3]	
□	ch'un[3]	tʃʰun[3]	打盹儿
串	ch'un[5]	tʃʰun[5]	
笋	sun[3]	sun[3]	
吮	sun[6]	sun[6]	
关	kun[1]	kun[1]	1~监牢
拳	kun[2]	kun[2]	
权	kun[2]	kun[2]	
管	kun[3]	kun[3]	1管状物
卷	kun[3]	kun[3]	
滚	kun[3]	kun[3]	沸腾
□	kun[3]	kun[3]	～后：后边
眷	kun[5]	kun[5]	
卷	kun[5]	kun[5]	证～
劝	k'un[5]	kʰun[5]	
券	k'un[5]	kʰun[5]	
困	k'un[5]	kʰun[5]	
元	ngun[2]	ŋun[2]	
原	ngun[2]	ŋun[2]	
源	ngun[2]	ŋun[2]	
愿	ngun[6]	ŋun[6]	
婚	hun[1]	hun[1]	
昏	hun[1]	hun[1]	
园	hun[2]	hun[2]	
粉	hun[3]	hun[3]	
忿	hun[3]	hun[3]	
远	hun[6]	hun[6]	1
稳	∅un[3]	ʔun[3]	
冤	bun[1]	wun[1]	
完	bun[2]	wun[2]	
丸	bun[2]	wun[2]	
圆	bun[2]	wun[2]	2～形
员	bun[2]	wun[2]	
猿	bun[2]	wun[2]	
□	bun[2]	wun[2]	手～：袖子
䘼	bun[2]	wun[2]	校补：手～：袖子
远	bun[3]	wun[3]	2永～
刎	bun[3]	wun[3]	
□	bun[3]	wun[3]	脰～：脖子
怨	bun[5]	wun[5]	
援	bun[6]	wun[6]	
发	put[7]	put[7]	1~屑：头垢
发	put[7]	put[7]	1~癫：发神经病
□	put[7]	put[7]	□tiɔŋ2:知道
□	p'ut[8]	pʰut[8]	泡沫
突	tut[8]	tut[8]	
劣	lut[8]	lut[8]	
缀	chut[7]	tʃut[7]	
绝	chut[8]	tʃut[8]	
啜	ch'ut[7]	tʃʰut[7]	
雪	sut[7]	sut[7]	
鳕	sut[7]	sut[7]	
说	sut[7]	sut[7]	
掘	kut[8]	kut[8]	挖
□	kut[8]	kut[8]	段，截，块
阙	k'ut[7]	kʰut[7]	
月	ngut[8]	ŋut[8]	
狱	ngut[8]	ŋut[8]	2
发	hut[7]	hut[7]	2头～
忽	hut[7]	hut[7]	
佛	hut[7]	hut[7]	仿~
拂	hut[7]	hut[7]	
越	hut[8]	hut[8]	超~
件	küin[6]	kyin[6]	
言	ngüin[2]	ŋyin[2]	
砚	ngüin[5]	ŋyin[5]	2
献	hüin[5]	hyin[5]	
隐	∅üin[3]	ʔyin[3]	
然	yüin[2]	jyin[2]	
缘	yüin[2]	jyin[2]	
铅	yüin[2]	jyin[2]	1白
羯	küit[7]	kyin[7]	阉
歇	hüit[7]	hyin[7]	休息
班	pan[1]	pan[1]	
扳	pan[3]	pan[3]	~手
板	pan[3]	pan[3]	2老~
漫	man[2]	man[2]	浪~
蛮	man[2]	man[2]	
幔	man[6]	man[6]	
慢	man[6]	man[6]	2傲~
单	tan[1]	tan[1]	1简～
弹	tan[2]	tan[2]	～琴
檀	tan[2]	tan[2]	
诞	tan[5]	tan[5]	
但	tan[6]	tan[6]	
弹	tan[6]	tan[6]	~药
靼	tan[6]	tan[6]	
单	t'an[1]	tʰan[1]	2
摊	t'an[1]	tʰan[1]	
滩	t'an[1]	tʰan[1]	
坛	t'an[2]	tʰan[2]	
□	t'an[2]	tʰan[2]	1石~：石头
毯	t'an[3]	tʰan[3]	
炭	t'an[5]	tʰan[5]	
叹	t'an[5]	tʰan[5]	
难	nan[2]	nan[2]	形容词
旦	nan[5]	nan[5]	明~：明天
难	nan[6]	nan[6]	避~
兰	lan[2]	lan[2]	荷~
拦	lan[2]	lan[2]	
栏	lan[2]	lan[2]	
□	lan[2]	lan[2]	1石~：石头
□	lan[3]	lan[3]	唾液
澜	lan[3]	lan[3]	校补：唾液
烂	lan[6]	lan[6]	
馋	chan[2]	tʃan[2]	
残	chan[2]	tʃan[2]	
盏	chan[3]	tʃan[3]	
赞	chan[5]	tʃan[5]	
栈	chan[6]	tʃan[6]	
铲	ch'an[3]	tʃʰan[3]	
山	san[1]	san[1]	
伞	san[3]	san[3]	
产	san[3]	san[3]	
散	san[5]	san[5]	~步
干	kan[1]	kan[1]	~戈，~涉
肝	kan[1]	kan[1]	
竿	kan[1]	kan[1]	
干	kan[1]	kan[1]	笋~
杆	kan[1]	kan[1]	
艰	kan[1]	kan[1]	
间	kan[1]	kan[1]	2时~
奸	kan[1]	kan[1]	
菅	kan[1]	kan[1]	
寒	kan[2]	kan[2]	1
秆	kan[3]	kan[3]	
赶	kan[3]	kan[3]	
简	kan[3]	kan[3]	
涧	kan[3]	kan[3]	
干	kan[5]	kan[5]	
间	kan[5]	kan[5]	～断
汗	kan[6]	kan[6]	
刊	k'an[1]	kʰan[1]	
看	k'an[5]	kʰan[5]	～书
颜	ngan[2]	ŋan[2]	~色
眼	ngan[3]	ŋan[3]	
鼾	han[1]	han[1]	
函	han[2]	han[2]	公~
寒	han[2]	han[2]	2~带
汉	han[5]	han[5]	
安	∅an[1]	ʔan[1]	
鞍	∅an[1]	ʔan[1]	
□	∅an[1]	ʔan[1]	放
案	∅an[5]	ʔan[5]	
按	∅an[5]	ʔan[5]	
晏	∅an[5]	ʔan[5]	
旱	∅an[6]	ʔan[6]	
焊	∅an[6]	ʔan[6]	
拔	pat[8]	pat[8]	2选~
达	tat[8]	tat[8]	
鞑	tat[8]	tat[8]	
榻	t'at[7]	tʰat[7]	
挞	t'at[7]	tʰat[7]	鞭～
□	lat[7]	lat[7]	～头：秃头
瘌	lat[7]	lat[7]	校补：～头：秃头
拉	lat[8]	lat[8]	
辣	lat[8]	lat[8]	
扎	chat[7]	tʃat[7]	
擦	ch'at[7]	tʃʰat[7]	
察	ch'at[7]	tʃʰat[7]	1
撒	sat[7]	sat[7]	
杀	sat[7]	sat[7]	
煞	sat[7]	sat[7]	~尾
□	sat[8]	sat[8]	蟑螂
割	kat[7]	kat[7]	
葛	kat[7]	kat[7]	
渴	k'at[7]	kʰat[7]	
□	k'at[7]	kʰat[7]	太
□	k'at[7]	kʰat[7]	拾，捡
喝	hat[7]	hat[7]	～采
褐	hat[7]	hat[7]	
辖	hat[8]	hat[8]	管~
懒	tian[6]	tian[6]	1懒惰
焦	nian[2]	nian[2]	
煎	chian[1]	tʃian[1]	~药
溅	chian[5]	tʃian[5]	
□	ch'ian[1]	tʃʰian[1]	刺，棘
鳝	ch'ian[6]	tʃʰian[6]	
泉	sian[2]	sian[2]	1
线	sian[5]	sian[5]	
腺	sian[5]	sian[5]	
囝	kian[3]	kian[3]	～儿：儿子
岸	ngian[6]	ŋian[6]	
□	hian[3]	hian[3]	掀
□	chiat[7]	tʃiat[7]	溅
𢶆	kiat[8]	kiat[8]	用肩扛
揭	kiat[8]	kiat[8]	校补：用肩扛
搬	puan[1]	puan[1]	
盘	puan[2]	puan[2]	
盆	puan[2]	puan[2]	
阪	puan[3]	puan[3]	
半	puan[5]	puan[5]	
拌	puan[6]	puan[6]	~□teuʰ：打稻子
翻	p'uan[1]	pʰuan[1]	1~倒
蟠	p'uan[2]	pʰuan[2]	
判	p'uan[5]	pʰuan[5]	
叛	p'uan[5]	pʰuan[5]	
伴	p'uan[6]	pʰuan[6]	
瞒	muan[2]	muan[2]	
鳗	muan[2]	muan[2]	
满	muan[3]	muan[3]	
端	tuan[1]	tuan[1]	~正，发
断	tuan[5]	tuan[5]	决～
断	tuan[6]	tuan[6]	2～绝
团	t'uan[2]	tʰuan[2]	
乱	luan[6]	luan[6]	2扰～
撰	chuan[6]	tʃuan[6]	
餐	ch'uan[1]	tʃʰuan[1]	
钻	ch'uan[3]	tʃʰuan[3]	~孔
篡	ch'uan[5]	tʃʰuan[5]	
官	kuan[1]	kuan[1]	
棺	kuan[1]	kuan[1]	
观	kuan[1]	kuan[1]	静~
关	kuan[1]	kuan[1]	2～系
鳏	kuan[1]	kuan[1]	
馆	kuan[3]	kuan[3]	
管	kuan[3]	kuan[3]	2~各农闲事：管别人的闲事
灌	kuan[5]	kuan[5]	～肠
罐	kuan[5]	kuan[5]	
馆	kuan[5]	kuan[5]	道士的住所
贯	kuan[5]	kuan[5]	
惯	kuan[5]	kuan[5]	2习~
□	kuan[6]	kuan[6]	提起
宽	k'uan[1]	kʰuan[1]	
环	k'uan[2]	kʰuan[2]	
顽	nguan[2]	ŋuan[2]	
欢	huan[1]	huan[1]	
翻	huan[1]	huan[1]	2
番	huan[1]	huan[1]	
蕃	huan[1]	huan[1]	～柿：西红柿
还	huan[2]	huan[2]	2～俗
凡	huan[2]	huan[2]	
矾	huan[2]	huan[2]	
繁	huan[2]	huan[2]	
烦	huan[2]	huan[2]	
反	huan[3]	huan[3]	2~乱
返	huan[3]	huan[3]	
泛	huan[5]	huan[5]	
缓	huan[5]	huan[5]	
贩	huan[5]	huan[5]	
犯	huan[6]	huan[6]	
幻	huan[6]	huan[6]	
患	huan[6]	huan[6]	
范	huan[6]	huan[6]	
弯	buan[1]	wuan[1]	
湾	buan[1]	wuan[1]	
碗	buan[3]	wuan[3]	
晚	buan[3]	wuan[3]	
换	buan[6]	wuan[6]	
万	buan[6]	wuan[6]	
拨	puat[7]	puat[7]	
钵	puat[7]	puat[7]	
跋	puat[8]	puat[8]	摔倒
泼	p'uat[7]	pʰuat[7]	
抹	muat[7]	muat[7]	
末	muat[8]	muat[8]	
脱	t'uat[7]	tʰuat[7]	2解～
刮	kuat[7]	kuat[7]	~风
阔	k'uat[7]	kʰuat[7]	宽
发	huat[7]	huat[7]	2蒸~
乏	huat[8]	huat[8]	
活	huat[8]	huat[8]	
罚	huat[8]	huat[8]	
挖	buat[7]	wuat[7]	
袜	buat[8]	wuat[8]	
斑	pen[1]	pɛn[1]	
爿	pen[2]	pɛn[2]	
瓣	pen[6]	pɛn[6]	
办	pen[6]	pɛn[6]	
慢	p'en[6]	pʰɛn[6]	1
填	ten[2]	tɛn[2]	雷~:打雷
□	ten[2]	tɛn[2]	猜
□	ten[2]	tɛn[2]	~□tɔi5：地方
殿	ten[6]	tɛn[6]	
□	ten[6]	tɛn[6]	坚实，紧
□	nen[1]	nɛn[1]	趼子
□	nen[2]	nɛn[2]	树～：橡胶
□	nen[5]	nɛn[5]	乳汁
鲢	len[2]	lɛn[2]	
莲	len[2]	lɛn[2]	
□	len[6]	lɛn[6]	赶
荐	chen[5]	tʃɛn[5]	
千	ch'en[1]	tʃʰɛn[1]	
□	ch'en[1]	tʃʰɛn[1]	动物的吼声
□	ch'en[2]	tʃʰɛn[2]	田
塍	ch'en[2]	tʃʰɛn[2]	校补：田
先	sen[1]	sɛn[1]	1
前	sen[2]	sɛn[2]	1
悬	ken[2]	kɛn[2]	1高
惯	ken[5]	kɛn[5]	1做～：习惯
县	ken[6]	kɛn[6]	
牵	k'en[1]	kʰɛn[1]	1
还	hen[2]	hɛn[2]	1～债
悬	hen[2]	hɛn[2]	2吊在空中
苋	hen[5]	hɛn[5]	~菜
闲	∅en[2]	ʔɛn[2]	
限	∅en[6]	ʔɛn[6]	
八	pet[7]	pɛt[7]	
叭	pet[7]	pɛt[7]	喇～
拔	pet[8]	pɛt[8]	1
密	met[8]	mɛt[8]	
裂	let[8]	lɛt[8]	
节	chet[7]	tʃɛt[7]	1，冬～：冬至
截	chet[8]	tʃɛt[8]	
□	ch'et[7]	tʃʰɛt[7]	生气
贼	ch'et[8]	tʃʰɛt[8]	
虱	set[7]	sɛt[7]	
塞	set[7]	sɛt[7]	动词
结	ket[7]	kɛt[7]	1镰～：镰刀
□	k'et[8]	kʰɛt[8]	拿
血	het[7]	hɛt[7]	
□	het[8]	hɛt[8]	皱纹
墩	ton[1]	tɔn[1]	
钝	ton[1]	tɔn[1]	迟～
断	ton[6]	tɔn[6]	1~气
段	ton[6]	tɔn[6]	
缎	ton[6]	tɔn[6]	
遁	ton[6]	tɔn[6]	
吞	t'on[1]	tʰɔn[1]	
豚	t'on[2]	tʰɔn[2]	牛~：小牛
褪	t'on[5]	tʰɔn[5]	脱
嫩	non[6]	nɔn[6]	
□	lon[1]	lɔn[1]	□kɔ2～吞：囫囵吞
卵	lon[6]	lɔn[6]	蛋
乱	lon[6]	lɔn[6]	1~讲
论	lon[6]	lɔn[6]	
尊	chon[1]	tʃɔn[1]	
存	chon[2]	tʃɔn[2]	
钻	chon[5]	tʃɔn[5]	□□pœ2lœk8～：钻，一种工具
村	ch'on[1]	tʃʰɔn[1]	
忖	ch'on[2]	tʃʰɔn[2]	想。阳平
寸	ch'on[5]	tʃʰɔn[5]	
酸	son[1]	sɔn[1]	
宣	son[1]	sɔn[1]	
孙	son[1]	sɔn[1]	囝～：子孙
算	son[5]	sɔn[5]	
逊	son[5]	sɔn[5]	谦～
根	kon[1]	kɔn[1]	2字~
跟	kon[1]	kɔn[1]	
□	kon[2]	kɔn[2]	烫
睏	k'on[5]	kʰɔn[5]	睡
薰	hon[1]	hɔn[1]	食~：抽烟
痕	hon[2]	hɔn[2]	
□	hon[5]	hɔn[5]	～香：焚香
恨	hon[6]	hɔn[6]	
恩	∅on[1]	ʔɔn[1]	
□	∅on[2]	ʔɔn[2]	久
□	∅on[6]	ʔɔn[6]	～脓：化脓
夺	tot[8]	tɔt[8]	1：占~
度	tot[8]	tɔt[8]	忖~
脱	t'ot[7]	tʰɔt[7]	1
托	t'ot[7]	tʰɔt[7]	
托	t'ot[7]	tʰɔt[7]	
夺	t'ot[8]	tʰɔt[8]	2强～
撮	ch'ot[7]	tʃʰɔt[7]	1
屑	sot[7]	sɔt[7]	2布~
刷	sot[7]	sɔt[7]	
索	sot[7]	sɔt[7]	2勒~
骨	kot[7]	kɔt[7]	
滑	kot[8]	kɔt[8]	
窟	k'ot[7]	kʰɔt[7]	窟窿
□	hot[7]	hɔt[7]	敲门
核	hot[8]	hɔt[8]	□nɔi2～：睾丸
核	hot[8]	hɔt[8]	～定，结~
宾	pein[1]	pen[1]	
冰	pein[1]	pen[1]	
兵	pein[1]	pen[1]	
贫	pein[2]	pen[2]	
瓶	pein[2]	pen[2]	
苹	pein[2]	pen[2]	
板	pein[3]	pen[3]	1
版	pein[3]	pen[3]	
眠	mein[2]	men[2]	
面	mein[5]	men[5]	鞋～
珍	tein[1]	ten[1]	
征	tein[1]	ten[1]	～收
贞	tein[1]	ten[1]	～洁
侦	tein[1]	ten[1]	
陈	tein[2]	ten[2]	开～
藤	tein[2]	ten[2]	
凳	tein[5]	ten[5]	
阵	tein[6]	ten[6]	
趁	t'ein[5]	tʰen[5]	~钱：赚钱
认	nein[6]	nen[6]	
邻	lein[2]	len[2]	
麟	lein[2]	len[2]	
凌	lein[2]	len[2]	~辱
绫	lein[2]	len[2]	
真	chein[1]	tʃen[1]	
甄	chein[1]	tʃen[1]	
征	chein[1]	tʃen[1]	~服
剪	chein[3]	tʃen[3]	
进	chein[5]	tʃen[5]	
震	chein[5]	tʃen[5]	1
证	chein[5]	tʃen[5]	保~
症	chein[5]	tʃen[5]	撮筋~
政	chein[5]	tʃen[5]	
尽	chein[6]	tʃen[6]	～意
亲	ch'ein[1]	tʃʰen[1]	～眼，讨～
亲	ch'ein[1]	tʃʰen[1]	～家
称	ch'ein[1]	tʃʰen[1]	总～
塍	ch'ein[2]	tʃʰen[2]	
称	ch'ein[5]	tʃʰen[5]	对~
秤	ch'ein[5]	tʃʰen[5]	
清	ch'ein[5]	tʃʰen[5]	凉
新	sein[1]	sen[1]	
薪	sein[1]	sen[1]	
辛	sein[1]	sen[1]	
身	sein[1]	sen[1]	
申	sein[1]	sen[1]	
伸	sein[1]	sen[1]	2～长性
升	sein[1]	sen[1]	
陞	sein[1]	sen[1]	
锌	sein[1]	sen[1]	
神	sein[2]	sen[2]	
辰	sein[2]	sen[2]	
臣	sein[2]	sen[2]	
乘	sein[2]	sen[2]	~势
绳	sein[2]	sen[2]	
承	sein[2]	sen[2]	甘心～愿
蝇	sein[2]	sen[2]	
信	sein[5]	sen[5]	1信件
讯	sein[5]	sen[5]	
迅	sein[5]	sen[5]	
裥	kein[3]	ken[3]	
拣	kein[3]	ken[3]	挑选
笕	kein[3]	ken[3]	
轻	k'ein[1]	kʰen[1]	
□	k'ein[2]	kʰen[2]	~茶：倒茶
犬	k'ein[3]	kʰen[3]	狗
□	hein[2]	hen[2]	~船：晕船
烟	∅ein[1]	ʔen[1]	于真切冒烟
胭	∅ein[1]	ʔen[1]	
印	∅ein[5]	ʔen[5]	
人	yein[2]	jen[2]	
仁	yein[2]	jen[2]	2慈~
笔	peit[7]	pet[7]	
必	peit[7]	pet[7]	
毕	peit[7]	pet[7]	
逼	peit[7]	pet[7]	
□	peit[7]	pet[7]	□□pi2pɔ2~:蝙蝠
域	peit[8]	pet[8]	区~
阈	peit[8]	pet[8]	
役	peit[8]	pet[8]	劳~
□	peit[8]	pet[8]	开裂。阳入
必	peit[8]	pet[8]	校补，便于匹配：开裂。阳入
蜜	meit[8]	met[8]	
适	teit[7]	tet[7]	2～用
□	teit[7]	tet[7]	～农惜：可爱
直	teit[8]	tet[8]	
值	teit[8]	tet[8]	
植	teit[8]	tet[8]	
笛	teit[8]	tet[8]	
敌	teit[8]	tet[8]	
日	neit[8]	net[8]	
力	leit[8]	let[8]	
七	ch'eit[7]	tʃʰet[7]	
叱	ch'eit[7]	tʃʰet[7]	
拭	ch'eit[7]	tʃʰet[7]	擦
穑	seit[7]	set[7]	体力劳动
式	seit[7]	set[7]	样～
□	seit[7]	set[7]	□suŋ5~：怎么
实	seit[8]	set[8]	
橘	keit[7]	ket[7]	橘子
邑	∅eit[7]	ʔet[7]	
揖	∅eit[7]	ʔet[7]	
一	∅eit[7]	ʔet[7]	
□	poun[2]	pon[2]	吹火
粪	poun[5]	pon[5]	
喷	p'oun[5]	pʰon[5]	～气
闷	moun[6]	mon[6]	
问	moun[6]	mon[6]	2学～
盾	toun[3]	ton[3]	
顿	toun[5]	ton[5]	
吨	toun[5]	ton[5]	
椿	t'oun[1]	tʰon[1]	香~
暖	noun[3]	non[3]	1
韧	noun[6]	non[6]	
闰	noun[6]	non[6]	
轮	loun[2]	lon[2]	
伦	loun[2]	lon[2]	
俊	choun[5]	tʃon[5]	
春	ch'oun[1]	tʃʰon[1]	
□	ch'oun[3]	tʃʰon[3]	发～：发芽
旋	soun[2]	son[2]	~转
船	soun[2]	son[2]	
巡	soun[2]	son[2]	
驯	soun[2]	son[2]	
唇	soun[2]	son[2]	
纯	soun[2]	son[2]	
选	soun[3]	son[3]	
损	soun[3]	son[3]	
顺	soun[6]	son[6]	
军	koun[1]	kon[1]	
君	koun[1]	kon[1]	
群	koun[2]	kon[2]	
裙	koun[2]	kon[2]	
棍	koun[5]	kon[5]	
郡	koun[6]	kon[6]	
款	k'oun[3]	kʰon[3]	
恳	k'oun[3]	kʰon[3]	
分	houn[1]	hon[1]	2～开，～明
纷	houn[1]	hon[1]	
魂	houn[2]	hon[2]	
焚	houn[2]	hon[2]	
坟	houn[2]	hon[2]	
芸	houn[2]	hon[2]	
云	houn[2]	hon[2]	
训	houn[5]	hon[5]	
分	houn[6]	hon[6]	过～
份	houn[6]	hon[6]	
温	∅oun[1]	ʔon[1]	
润	youn[6]	jon[6]	～色
文	boun[2]	won[2]	
纹	boun[2]	won[2]	
蚊	boun[2]	won[2]	2
韵	boun[6]	won[6]	
运	boun[6]	won[6]	
晕	boun[6]	won[6]	
不	pout[7]	pot[7]	
没	mout[8]	mot[8]	埋～
□	t'out[7]	tʰot[7]	塞
律	lout[8]	lot[8]	1
率	lout[8]	lot[8]	速~
卒	chout[7]	tʃot[7]	士~
出	ch'out[7]	tʃʰot[7]	
屈	k'out[7]	kʰot[7]	~服
哭	k'out[7]	kʰot[7]	
佛	hout[8]	hot[8]	供～
郁	∅out[7]	ʔot[7]	
握	∅out[7]	ʔot[7]	
屋	∅out[7]	ʔot[7]	
物	bout[8]	wot[8]	
根	kuen[1]	køn[1]	1树～
巾	kuen[1]	køn[1]	
筋	kuen[1]	køn[1]	
近	kuen[6]	køn[6]	
勤	k'uen[2]	kʰøn[2]	
芹	k'uen[2]	kʰøn[2]	
银	nguen[2]	ŋøn[2]	
憖	nguen[5]	ŋøn[5]	
勋	huen[1]	høn[1]	
狠	huen[3]	høn[3]	
很	huen[3]	høn[3]	
殷	∅uen[1]	ʔøn[1]	~勤
给	k'uet[7]	kʰøt[7]	1配~
乞	k'uet[7]	kʰøt[7]	给
禀	ping[3]	piŋ[3]	
品	p'ing[3]	pʰiŋ[3]	
展	ting[3]	tiŋ[3]	
典	ting[3]	tiŋ[3]	
碘	ting[3]	tiŋ[3]	
顶	ting[3]	tiŋ[3]	
逞	t'ing[3]	tʰiŋ[3]	
艇	t'ing[3]	tʰiŋ[3]	
□	ling[3]	liŋ[3]	~□ŋœ2:老鹰
省	sing[3]	siŋ[3]	2~略
省	sing[3]	siŋ[3]	～察
醒	sing[3]	siŋ[3]	2
谨	king[3]	kiŋ[3]	
景	king[3]	kiŋ[3]	
警	king[3]	kiŋ[3]	
境	king[3]	kiŋ[3]	
拱	king[3]	kiŋ[3]	～手
遣	k'ing[3]	kʰiŋ[3]	
肯	k'ing[3]	kʰiŋ[3]	
影	∅ing[3]	ʔiŋ[3]	2
永	bing[3]	wiŋ[3]	
纺	p'ung[3]	pʰuŋ[3]	~车
□	mung[3]	muŋ[3]	~拍～变□mai5：越打越变坏
罔	mung[3]	muŋ[3]	校补便于匹配：~拍～变□mai5：越打越变坏
懂	tung[3]	tuŋ[3]	
冢	tung[3]	tuŋ[3]	
拢	lung[3]	luŋ[3]	
总	chung[3]	tʃuŋ[3]	
种	chung[3]	tʃuŋ[3]	~子
肿	chung[3]	tʃuŋ[3]	
□	sung[5]	suŋ[5]	~□set7：怎么
光	kung[1]	kuŋ[1]	
狂	kung[2]	kuŋ[2]	
广	kung[3]	kuŋ[3]	
讲	kung[3]	kuŋ[3]	
矿	kung[3]	kuŋ[3]	1银～
圹	k'ung[3]	kʰuŋ[3]	
孔	k'ung[3]	kʰuŋ[3]	
恐	k'ung[3]	kʰuŋ[3]	
旷	k'ung[5]	kʰuŋ[5]	
荒	hung[1]	huŋ[1]	
慌	hung[1]	huŋ[1]	
谎	hung[1]	huŋ[1]	
方	hung[1]	huŋ[1]	
肪	hung[1]	huŋ[1]	
坊	hung[1]	huŋ[1]	
仿	hung[1]	huŋ[1]	
皇	hung[2]	huŋ[2]	
磺	hung[2]	huŋ[2]	
楻	hung[2]	huŋ[2]	粪~：粪桶
晃	hung[3]	huŋ[3]	
访	hung[3]	huŋ[3]	
汞	hung[3]	huŋ[3]	
楦	hung[5]	huŋ[5]	鞋~
放	hung[5]	huŋ[5]	2～肆
况	hung[5]	huŋ[5]	
勇	yung[3]	juŋ[3]	
黄	bung[2]	wuŋ[2]	
亡	bung[2]	wuŋ[2]	
王	bung[2]	wuŋ[2]	
□	bung[2]	wuŋ[2]	晕
往	bung[3]	wuŋ[3]	
忘	bung[6]	wuŋ[6]	
妄	bung[6]	wuŋ[6]	
望	bung[6]	wuŋ[6]	2希～
旺	bung[6]	wuŋ[6]	
郭	kuc[7]	kuk[7]	
国	kuc[7]	kuk[7]	
等	tüing[3]	tyiŋ[3]	2等待；平~
绷	pang[1]	paŋ[1]	
棚	pang[2]	paŋ[2]	
平	pang[2]	paŋ[2]	1形容词
坪	pang[2]	paŋ[2]	
柄	pang[5]	paŋ[5]	
病	pang[6]	paŋ[6]	
甏	p'ang[1]	pʰaŋ[1]	一种瓮
彭	p'ang[2]	pʰaŋ[2]	
评	p'ang[2]	pʰaŋ[2]	
□	p'ang[5]	pʰaŋ[5]	松
网	mang[1]	maŋ[1]	2蜘蛛～
芒	mang[2]	maŋ[2]	麦～
虻	mang[2]	maŋ[2]	
蜢	mang[2]	maŋ[2]	青~：蚱蜢
冥	mang[2]	maŋ[2]	夜晚
暝	mang[2]	maŋ[2]	校补便于匹配：夜晚
□	mang[5]	maŋ[5]	饭
□	tang[2]	taŋ[2]	光解～：耀眼；透过光看
撑	t'ang[1]	tʰaŋ[1]	1
撑	t'ang[5]	tʰaŋ[5]	2～杆
□	nang[1]	naŋ[1]	骹~：脚后跟
两	lang[6]	laŋ[6]	1数词
争	chang[1]	tʃaŋ[1]	1
井	chang[3]	tʃaŋ[3]	
青	ch'ang[1]	tʃʰaŋ[1]	生，不熟；~苔
生	ch'ang[1]	tʃʰaŋ[1]	校补便于匹配：生，不熟；~苔
醒	ch'ang[3]	tʃʰaŋ[3]	1
生	sang[1]	saŋ[1]	1
牲	sang[1]	saŋ[1]	1头~:家畜
甥	sang[1]	saŋ[1]	
晴	sang[2]	saŋ[2]	
省	sang[3]	saŋ[3]	1~钱
省	sang[3]	saŋ[3]	本~
姓	sang[5]	saŋ[5]	1
性	sang[5]	saŋ[5]	1~急
更	kang[1]	kaŋ[1]	1时间单位
羹	kang[1]	kaŋ[1]	
经	kang[1]	kaŋ[1]	1~布：织布
坑	k'ang[1]	kʰaŋ[1]	
桁	∅ang[2]	ʔaŋ[2]	1~鱼：一种檩子
□	mac[7]	mak[7]	喙~：脸颊凹下去
瘪	mac[7]	mak[7]	校补便于匹配：喙~：脸颊凹下去
饼	piang[3]	piaŋ[3]	
并	piang[5]	piaŋ[5]	
□	p'iang[6]	pʰiaŋ[6]	比喻
明	miang[2]	miaŋ[2]	1松～
名	miang[2]	miaŋ[2]	
命	miang[6]	miaŋ[6]	1
庭	tiang[2]	tiaŋ[2]	1院子
鼎	tiang[3]	tiaŋ[3]	锅
定	tiang[6]	tiaŋ[6]	1～意
厅	t'iang[1]	tʰiaŋ[1]	
听	t'iang[1]	tʰiaŋ[1]	
程	t'iang[2]	tʰiaŋ[2]	
□	t'iang[2]	tʰiaŋ[2]	tu6~：路程
□	t'iang[5]	tʰiaŋ[5]	痛
正	chiang[5]	tʃiaŋ[5]	1形容词；刚
成	ch'iang[2]	tʃʰiaŋ[2]	1做～；做完
请	ch'iang[3]	tʃʰiaŋ[3]	1～看
声	siang[1]	siaŋ[1]	
成	siang[2]	siaŋ[2]	2变～
城	siang[2]	siaŋ[2]	
圣	siang[5]	siaŋ[5]	1
惊	kiang[1]	kiaŋ[1]	怕
行	kiang[2]	kiaŋ[2]	1走
镜	kiang[5]	kiaŋ[5]	
迎	ngiang[2]	ŋiaŋ[2]	
兄	hiang[1]	hiaŋ[1]	1~弟
赢	yiang[2]	yiaŋ[2]	
营	yiang[2]	yiaŋ[2]	军队的编制单位
□	tiac[8]	tiak[8]	~蜀下：惊一下
领	leang[3]	leaŋ[3]	
岭	leang[3]	leaŋ[3]	
□	leang[5]	leaŋ[5]	发光
□	kuang[1]	kuaŋ[1]	桌椅的横条𤖖校补便于匹配：桌椅的横条
𤖖	kuang[1]	kuaŋ[1]	校补便于匹配：桌椅的横条
矿	kuang[3]	kuaŋ[3]	2采～
梗	kuang[3]	kuaŋ[3]	秤~
横	huang[2]	huaŋ[2]	
□	buang[3]	wuaŋ[3]	一种拟声词
法	huac[7]	huak[7]	
帮	pong[1]	pɔŋ[1]	
邦	pong[1]	pɔŋ[1]	
旁	pong[2]	pɔŋ[2]	
谤	pong[5]	pɔŋ[5]	诽～
蚌	pong[6]	pɔŋ[6]	
胖	p'ong[5]	pʰɔŋ[5]	
□	p'ong[5]	pʰɔŋ[5]	~起来：肿起来
碰	p'ong[6]	pʰɔŋ[6]	
忙	mong[2]	mɔŋ[2]	
茫	mong[2]	mɔŋ[2]	
望	mong[6]	mɔŋ[6]	1看
当	tong[1]	tɔŋ[1]	～面，~兵，该～
唐	tong[2]	tɔŋ[2]	
塘	tong[2]	tɔŋ[2]	
堂	tong[2]	tɔŋ[2]	
棠	tong[2]	tɔŋ[2]	
长	tong[2]	tɔŋ[2]	1形容词
肠	tong[2]	tɔŋ[2]	1
挡	tong[5]	tɔŋ[5]	阻~当妥～；典～
荡	tong[6]	tɔŋ[6]	
丈	tong[6]	tɔŋ[6]	1千～
撞	tong[6]	tɔŋ[6]	
汤	t'ong[1]	tʰɔŋ[1]	
糖	t'ong[2]	tʰɔŋ[2]	
囊	nong[2]	nɔŋ[2]	
瓤	nong[2]	nɔŋ[2]	
酿	nong[6]	nɔŋ[6]	
郎	long[2]	lɔŋ[2]	1新～
狼	long[2]	lɔŋ[2]	
廊	long[2]	lɔŋ[2]	
浪	long[2]	lɔŋ[2]	2~漫
晾	long[5]	lɔŋ[5]	
浪	long[6]	lɔŋ[6]	1防~堤
脏	chong[1]	tʃɔŋ[1]	
装	chong[1]	tʃɔŋ[1]	
妆	chong[1]	tʃɔŋ[1]	
藏	chong[2]	tʃɔŋ[2]	收～
葬	chong[5]	tʃɔŋ[5]	
壮	chong[5]	tʃɔŋ[5]	
藏	chong[6]	tʃɔŋ[6]	宝~
脏	chong[6]	tʃɔŋ[6]	
状	chong[6]	tʃɔŋ[6]	形~
仓	ch'ong[1]	tʃʰɔŋ[1]	
苍	ch'ong[1]	tʃʰɔŋ[1]	
疮	ch'ong[1]	tʃʰɔŋ[1]	
窗	ch'ong[1]	tʃʰɔŋ[1]	2天~
床	ch'ong[2]	tʃʰɔŋ[2]	
□	ch'ong[5]	tʃʰɔŋ[5]	～门：闩门
桑	song[1]	sɔŋ[1]	
丧	song[1]	sɔŋ[1]	~事
霜	song[1]	sɔŋ[1]	
丧	song[5]	sɔŋ[5]	～失
缸	kong[1]	kɔŋ[1]	
刚	kong[1]	kɔŋ[1]	
纲	kong[1]	kɔŋ[1]	
钢	kong[1]	kɔŋ[1]	
江	kong[1]	kɔŋ[1]	2
扛	kong[1]	kɔŋ[1]	
杠	kong[5]	kɔŋ[5]	
降	kong[5]	kɔŋ[5]	～能
康	k'ong[1]	kʰɔŋ[1]	
糠	k'ong[1]	kʰɔŋ[1]	
慷	k'ong[1]	kʰɔŋ[1]	
抗	k'ong[5]	kʰɔŋ[5]	
囥	k'ong[5]	kʰɔŋ[5]	藏放
□	ngong[6]	ŋɔŋ[6]	傻
行	hong[2]	hɔŋ[2]	1分~
航	hong[2]	hɔŋ[2]	
防	hong[2]	hɔŋ[2]	
降	hong[2]	hɔŋ[2]	投~
项	hong[6]	hɔŋ[6]	
秧	∅ong[1]	ʔɔŋ[1]	
行	∅ong[2]	ʔɔŋ[2]	2量词；茶～
眏	∅ong[5]	ʔɔŋ[5]	盼
笐	∅ong[6]	ʔɔŋ[6]	竹~：晒衣服用的竹竿
博	poc[7]	pɔk[7]	换
驳	poc[7]	pɔk[7]	
□	poc[7]	pɔk[7]	扔
薄	poc[8]	pɔk[8]	2轻~
泊	poc[8]	pɔk[8]	停～
爆	p'oc[7]	pʰɔk[7]	炸~
朴	p'oc[7]	pʰɔk[7]	~素
雹	p'oc[8]	pʰɔk[8]	雷~：冰雹
膜	moc[7]	mɔk[7]	
寞	moc[7]	mɔk[7]	
卓	toc[7]	tɔk[7]	2
斵	toc[7]	tɔk[7]	
落	loc[8]	lɔk[8]	3
络	loc[8]	lɔk[8]	2
乐	loc[8]	lɔk[8]	快~
作	choc[7]	tʃɔk[7]	
浊	choc[8]	tʃɔk[8]	2
□	choc[8]	tʃɔk[8]	□o1～：肮脏
撮	ch'oc[7]	tʃʰɔk[7]	2
戳	ch'oc[8]	tʃʰɔk[8]	~印
蟀	soc[7]	sɔk[7]	蟋～
各	koc[7]	kɔk[7]	2～式
阁	koc[7]	kɔk[7]	
搁	koc[7]	kɔk[7]	
觉	koc[7]	kɔk[7]	感~
确	k'oc[7]	kʰɔk[7]	
□	k'oc[7]	kʰɔk[7]	敲；～头：磕头
愕	ngoc[8]	ŋɔk[8]	
腭	ngoc[8]	ŋɔk[8]	
萼	ngoc[8]	ŋɔk[8]	
乐	ngoc[8]	ŋɔk[8]	音~
学	hoc[8]	hɔk[8]	2～生
貉	hoc[8]	hɔk[8]	
恶	∅oc[7]	ʔɔk[7]	粗~
张	tiong[1]	tiɔŋ[1]	1夸～
长	tiong[2]	tiɔŋ[2]	2延～
肠	tiong[2]	tiɔŋ[2]	2
场	tiong[2]	tiɔŋ[2]	
□	tiong[2]	tiɔŋ[2]	□put7～：知道
等	tiong[3]	tiɔŋ[3]	1
长	tiong[3]	tiɔŋ[3]	生～；市～
帐	tiong[5]	tiɔŋ[5]	
账	tiong[5]	tiɔŋ[5]	
胀	tiong[5]	tiɔŋ[5]	
丈	tiong[6]	tiɔŋ[6]	3姑~
长	tiong[6]	tiɔŋ[6]	直亮切剩
张	t'iong[1]	tʰiɔŋ[1]	2量词；伸~
畅	t'iong[5]	tʰiɔŋ[5]	
杖	t'iong[6]	tʰiɔŋ[6]	
仗	t'iong[6]	tʰiɔŋ[6]	
娘	niong[2]	niɔŋ[2]	1新~
让	niong[5]	niɔŋ[5]	
嚷	niong[6]	niɔŋ[6]	
将	chiong[1]	tʃiɔŋ[1]	~来
浆	chiong[1]	tʃiɔŋ[1]	
鱂	chiong[1]	tʃiɔŋ[1]	
章	chiong[1]	tʃiɔŋ[1]	
障	chiong[1]	tʃiɔŋ[1]	
掌	chiong[3]	tʃiɔŋ[3]	
酱	chiong[5]	tʃiɔŋ[5]	
将	chiong[5]	tʃiɔŋ[5]	~军
障	chiong[5]	tʃiɔŋ[5]	
瘴	chiong[5]	tʃiɔŋ[5]	
枪	ch'iong[1]	tʃʰiɔŋ[1]	
娼	ch'iong[1]	tʃʰiɔŋ[1]	
墙	ch'iong[2]	tʃʰiɔŋ[2]	
蔷	ch'iong[2]	tʃʰiɔŋ[2]	~薇
抢	ch'iong[3]	tʃʰiɔŋ[3]	
厂	ch'iong[3]	tʃʰiɔŋ[3]	
唱	ch'iong[5]	tʃʰiɔŋ[5]	
倡	ch'iong[5]	tʃʰiɔŋ[5]	
象	ch'iong[6]	tʃʰiɔŋ[6]	
像	ch'iong[6]	tʃʰiɔŋ[6]	
橡	ch'iong[6]	tʃʰiɔŋ[6]	
匠	ch'iong[6]	tʃʰiɔŋ[6]	
绱	ch'iong[6]	tʃʰiɔŋ[6]	
相	siong[1]	siɔŋ[1]	～对
箱	siong[1]	siɔŋ[1]	
镶	siong[1]	siɔŋ[1]	
商	siong[1]	siɔŋ[1]	
伤	siong[1]	siɔŋ[1]	
详	siong[2]	siɔŋ[2]	
常	siong[2]	siɔŋ[2]	
尝	siong[2]	siɔŋ[2]	
裳	siong[2]	siɔŋ[2]	
偿	siong[3]	siɔŋ[3]	
赏	siong[3]	siɔŋ[3]	
想	siong[3]	siɔŋ[3]	
鲞	siong[3]	siɔŋ[3]	
相	siong[5]	siɔŋ[5]	看~；宰～
上	siong[6]	siɔŋ[6]	～去
痒	siong[6]	siɔŋ[6]	
尚	siong[6]	siɔŋ[6]	和~
上	siong[6]	siɔŋ[6]	船~
姜	kiong[1]	kiɔŋ[1]	
疆	kiong[1]	kiɔŋ[1]	
缰	kiong[1]	kiɔŋ[1]	
强	kiong[2]	kiɔŋ[2]	1形容词
强	kiong[2]	kiɔŋ[2]	1勉～
强	kiong[3]	kiɔŋ[3]	2~壮
强	kiong[3]	kiɔŋ[3]	2勉~
腔	k'iong[1]	kʰiɔŋ[1]	
仰	ngiong[3]	ŋiɔŋ[3]	
乡	hiong[1]	hiɔŋ[1]	
香	hiong[1]	hiɔŋ[1]	
响	hiong[3]	hiɔŋ[3]	
享	hiong[3]	hiɔŋ[3]	
向	hiong[5]	hiɔŋ[5]	
央	hiong[1]	hiɔŋ[1]	
羊	hiong[2]	hiɔŋ[2]	
洋	hiong[2]	hiɔŋ[2]	大片的平地
阳	hiong[2]	hiɔŋ[2]	
杨	hiong[2]	hiɔŋ[2]	
扬	hiong[2]	hiɔŋ[2]	
溶	hiong[2]	hiɔŋ[2]	~解
镕	hiong[2]	hiɔŋ[2]	~□pɛ2:田鸡
养	hiong[3]	hiɔŋ[3]	
样	hiong[6]	hiɔŋ[6]	
掠	lioc[8]	liɔk[8]	2
爵	chioc[7]	tʃiɔk[7]	
酌	chioc[7]	tʃiɔk[7]	
着	chioc[8]	tʃiɔk[8]	2～急
雀	ch'ioc[7]	tʃʰiɔk[7]	2
鹊	ch'ioc[7]	tʃʰiɔk[7]	
削	sioc[7]	siɔk[7]	
脚	k'ioc[7]	kʰiɔk[7]	
却	k'ioc[7]	kʰiɔk[7]	
剧	k'ioc[8]	kʰiɔk[8]	悲~
虐	ngioc[8]	ŋiɔk[8]	
约	yioc[7]	yiɔk[7]	
若	yioc[8]	yiɔk[8]	2～干
弱	yioc[8]	yiɔk[8]	
育	yioc[8]	yiɔk[8]	
辱	yioc[8]	yiɔk[8]	
欲	yioc[8]	yiɔk[8]	爱~，据INTRɔDUkkIɔN第V页,Ibañɛz修道士原来的“欲”字标音还有jok
良	leong[2]	leɔŋ[2]	
量	leong[2]	leɔŋ[2]	动词
凉	leong[2]	leɔŋ[2]	
粮	leong[2]	leɔŋ[2]	
梁	leong[2]	leɔŋ[2]	
粱	leong[2]	leɔŋ[2]	
两	leong[3]	leɔŋ[3]	2数词
量	leong[6]	leɔŋ[6]	大~
亮	leong[6]	leɔŋ[6]	
谅	leong[6]	leɔŋ[6]	
朋	poeng[2]	pœŋ[2]	
烹	p'oeng[1]	pʰœŋ[1]	
盟	moeng[2]	mœŋ[2]	
梦	moeng[5]	mœŋ[5]	
网	moeng[6]	mœŋ[6]	1
登	toeng[1]	tœŋ[1]	
灯	toeng[1]	tœŋ[1]	2
东	toeng[1]	tœŋ[1]	
冬	toeng[1]	tœŋ[1]	
腾	toeng[2]	tœŋ[2]	
誊	toeng[2]	tœŋ[2]	
同	toeng[2]	tœŋ[2]	1
铜	toeng[2]	tœŋ[2]	
桐	toeng[2]	tœŋ[2]	2
筒	toeng[2]	tœŋ[2]	
栋	toeng[5]	tœŋ[5]	
冻	toeng[5]	tœŋ[5]	
动	toeng[6]	tœŋ[6]	1□tin6～：动
洞	toeng[6]	tœŋ[6]	
重	toeng[6]	tœŋ[6]	1形容词
通	t'oeng[1]	tʰœŋ[1]	1
桐	t'oeng[2]	tʰœŋ[2]	1～籽
虫	t'oeng[2]	tʰœŋ[2]	
通	t'oeng[5]	tʰœŋ[5]	2～气
能	noeng[2]	nœŋ[2]	
农	noeng[2]	nœŋ[2]	人
侬	noeng[2]	nœŋ[2]	人
脓	noeng[2]	nœŋ[2]	
□	noeng[5]	nœŋ[5]	软
聋	loeng[2]	lœŋ[2]	
笼	loeng[2]	lœŋ[2]	
咙	loeng[2]	lœŋ[2]	喉~
弄	loeng[6]	lœŋ[6]	动词
弄	loeng[6]	lœŋ[6]	名词
□	loeng[6]	lœŋ[6]	头pun3~：太阳穴
曾	choeng[1]	tʃœŋ[1]	玄～孙
增	choeng[1]	tʃœŋ[1]	
争	choeng[1]	tʃœŋ[1]	2～闹
筝	choeng[1]	tʃœŋ[1]	
棕	choeng[1]	tʃœŋ[1]	
曾	choeng[2]	tʃœŋ[2]	～经
综	choeng[5]	tʃœŋ[5]	～合
粽	choeng[5]	tʃœŋ[5]	
匆	ch'oeng[1]	tʃʰœŋ[1]	
葱	ch'oeng[1]	tʃʰœŋ[1]	
双	soeng[1]	sœŋ[1]	
生	soeng[1]	sœŋ[1]	2～长，学～
牲	soeng[1]	sœŋ[1]	2牺~
送	soeng[5]	sœŋ[5]	
更	koeng[1]	kœŋ[1]	2变~
耕	koeng[1]	kœŋ[1]	
江	koeng[1]	kœŋ[1]	1
工	koeng[1]	kœŋ[1]	1手~；蜀~；一天
更	koeng[5]	kœŋ[5]	～大
共	koeng[6]	kœŋ[6]	1和，跟
空	k'oeng[1]	kʰœŋ[1]	1～腹，墙～：墙孔
硬	ngoeng[6]	ŋœŋ[6]	
恒	hoeng[2]	hœŋ[2]	
行	hoeng[2]	hœŋ[2]	2~为，旅~
桁	hoeng[2]	hœŋ[2]	2
宏	hoeng[2]	hœŋ[2]	
雄	hoeng[2]	hœŋ[2]	1鸭~：公鸭
□	hoeng[2]	hœŋ[2]	丢弃
巷	hoeng[5]	hœŋ[5]	
行	hoeng[6]	hœŋ[6]	丑～
幸	hoeng[6]	hœŋ[6]	
幸	hoeng[6]	hœŋ[6]	侥～
翁	∅oeng[1]	ʔœŋ[1]	
红	∅oeng[2]	ʔœŋ[2]	
瓮	∅oeng[5]	ʔœŋ[5]	
北	poec[7]	pœk[7]	
柏	poec[7]	pœk[7]	
迫	poec[7]	pœk[7]	1
白	poec[8]	pœk[8]	2明～
帛	poec[8]	pœk[8]	
迫	p'oec[7]	pʰœk[7]	2
魄	p'oec[7]	pʰœk[7]	
墨	moec[8]	mœk[8]	
默	moec[8]	mœk[8]	
貊	moec[8]	mœk[8]	
目	moec[8]	mœk[8]	1~珠：眼睛，数~
得	toec[7]	tœk[7]	～意
德	toec[7]	tœk[7]	
特	toec[8]	tœk[8]	
泽	toec[8]	tœk[8]	
择	toec[8]	tœk[8]	～要
□	t'oec[7]	tʰœk[7]	刺，动词
读	t'oec[8]	tʰœk[8]	
落	loec[7]	lœk[7]	1掉落
勒	loec[8]	lœk[8]	~索
略	loec[8]	lœk[8]	大~
掠	loec[8]	lœk[8]	1掳～
鹿	loec[8]	lœk[8]	
六	loec[8]	lœk[8]	
□	loec[8]	lœk[8]	□pœ2～钻：钻，一种工具
则	choec[7]	tʃœk[7]	
责	choec[7]	tʃœk[7]	
厕	ch'oec[7]	tʃʰœk[7]	~所
侧	ch'oec[7]	tʃʰœk[7]	~面
测	ch'oec[7]	tʃʰœk[7]	
策	ch'oec[7]	tʃʰœk[7]	
凿	ch'oec[8]	tʃʰœk[8]	
色	soec[7]	sœk[7]	
□	soec[7]	sœk[7]	用手打
角	koec[7]	kœk[7]	鹿～
革	koec[7]	kœk[7]	
格	koec[7]	kœk[7]	
壳	k'oec[7]	kʰœk[7]	
克	k'oec[7]	kʰœk[7]	
刻	k'oec[7]	kʰœk[7]	
客	k'oec[7]	kʰœk[7]	2刺～
逆	ngoec[8]	ŋœk[8]	1
黑	hoec[7]	hœk[7]	
或	hoec[8]	hœk[8]	
惑	hoec[8]	hœk[8]	
划	hoec[8]	hœk[8]	2笔~
□	hoec[8]	hœk[8]	~气：呻吟
□	hoec[8]	hœk[8]	粪～：粪桶
凭	peing[2]	peŋ[2]	
平	peing[2]	peŋ[2]	2~等
秉	peing[3]	peŋ[3]	
并	peing[5]	peŋ[5]	～且
拼	p'eing[1]	pʰeŋ[1]	~死
民	meing[2]	meŋ[2]	平~
鸣	meing[2]	meŋ[2]	
明	meing[2]	meŋ[2]	3聪~
命	meing[6]	meŋ[6]	2
灯	teing[1]	teŋ[1]	1
丁	teing[1]	teŋ[1]	
钉	teing[1]	teŋ[1]	名词
疗	teing[1]	teŋ[1]	
亭	teing[2]	teŋ[2]	
停	teing[2]	teŋ[2]	
庭	teing[2]	teŋ[2]	2家～
订	teing[5]	teŋ[5]	
碇	teing[5]	teŋ[5]	锚
定	teing[6]	teŋ[6]	2
听	t'eing[5]	tʰeŋ[5]	不~老人语
仁	neing[2]	neŋ[2]	1目珠~：眼珠子
宁	neing[2]	neŋ[2]	安~
灵	leing[2]	leŋ[2]	~魂
零	leing[2]	leŋ[2]	
铃	leing[2]	leŋ[2]	
伶	leing[2]	leŋ[2]	~俐
吝	leing[6]	leŋ[6]	
令	leing[6]	leŋ[6]	
另	leing[6]	leŋ[6]	
津	cheing[1]	tʃeŋ[1]	
精	cheing[1]	tʃeŋ[1]	~明
晶	cheing[1]	tʃeŋ[1]	
层	cheing[2]	tʃeŋ[2]	
塍	cheing[2]	tʃeŋ[2]	
情	cheing[2]	tʃeŋ[2]	
正	cheing[5]	tʃeŋ[5]	2弃邪归~
静	cheing[6]	tʃeŋ[6]	安~
净	cheing[6]	tʃeŋ[6]	
清	ch'eing[1]	tʃʰeŋ[1]	
请	ch'eing[3]	tʃʰeŋ[3]	2～求
胜	seing[1]	seŋ[1]	~任
星	seing[1]	seŋ[1]	
□	seing[1]	seŋ[1]	生～：生锈
鍟	seing[1]	seŋ[1]	校补便于匹配：生～：生锈
剩	seing[2]	seŋ[2]	～余
成	seing[2]	seŋ[2]	3赞～
诚	seing[2]	seŋ[2]	
胜	seing[5]	seŋ[5]	～利
姓	seing[5]	seŋ[5]	2
性	seing[5]	seŋ[5]	2～别
圣	seing[5]	seŋ[5]	2～水
剩	seing[6]	seŋ[6]	
盛	seing[6]	seŋ[6]	丰~
均	keing[1]	keŋ[1]	
钧	keing[1]	keŋ[1]	~座
茎	keing[1]	keŋ[1]	
京	keing[1]	keŋ[1]	
竞	keing[1]	keŋ[1]	~争
经	keing[1]	keŋ[1]	2念~，已~
琼	keing[2]	keŋ[2]	
敬	keing[5]	keŋ[5]	
颈	keing[6]	keŋ[6]	
胫	keing[6]	keŋ[6]	
径	keing[6]	keŋ[6]	
倾	k'eing[1]	kʰeŋ[1]	
庆	k'eing[5]	kʰeŋ[5]	
兴	heing[1]	heŋ[1]	复~
兄	heing[1]	heŋ[1]	2
形	heing[2]	heŋ[2]	
刑	heing[2]	heŋ[2]	
兴	heing[5]	heŋ[5]	高～
因	∅eing[1]	ʔeŋ[1]	
姻	∅eing[1]	ʔeŋ[1]	
鹰	∅eing[1]	ʔeŋ[1]	
英	∅eing[1]	ʔeŋ[1]	~俊
婴	∅eing[1]	ʔeŋ[1]	
仍	∅eing[2]	ʔeŋ[2]	
盈	∅eing[2]	ʔeŋ[2]	
应	∅eing[5]	ʔeŋ[5]	动词
荣	being[2]	weŋ[2]	
咏	being[6]	weŋ[6]	
疫	peic[8]	pek[8]	鼠~
璧	p'eic[7]	pʰek[7]	
癖	p'eic[7]	pʰek[7]	
适	teic[7]	tek[7]	1的~确
滴	teic[7]	tek[7]	
掷	teic[8]	tek[8]	
踢	t'eic[7]	tʰek[7]	
栗	leic[7]	lek[7]	
质	cheic[7]	tʃek[7]	体~
织	cheic[7]	tʃek[7]	
职	cheic[7]	tʃek[7]	2
积	cheic[7]	tʃek[7]	
迹	cheic[7]	tʃek[7]	2
迹	cheic[7]	tʃek[7]	
绩	cheic[7]	tʃek[7]	
戚	cheic[7]	tʃek[7]	亲~。不送气音
寂	cheic[8]	tʃek[8]	
漆	ch'eic[7]	tʃʰek[7]	
膝	ch'eic[7]	tʃʰek[7]	
脊	ch'eic[7]	tʃʰek[7]	
蟋	seic[7]	sek[7]	~蟀
失	seic[7]	sek[7]	
室	seic[7]	sek[7]	
息	seic[7]	sek[7]	
媳	seic[7]	sek[7]	
识	seic[7]	sek[7]	
惜	seic[7]	sek[7]	2可~
释	seic[7]	sek[7]	
锡	seic[7]	sek[7]	
晰	seic[7]	sek[7]	
击	keic[7]	kek[7]	
激	keic[7]	kek[7]	
极	keic[8]	kek[8]	
隙	k'eic[7]	kʰek[7]	
吃	k'eic[7]	kʰek[7]	～亏
逆	ngeic[8]	ŋek[8]	2~风
溢	∅eic[7]	ʔek[7]	
益	∅eic[7]	ʔek[7]	
逸	∅eic[8]	ʔek[8]	
翼	∅eic[8]	ʔek[8]	2
译	∅eic[8]	ʔek[8]	
易	∅eic[8]	ʔek[8]	交-
液	∅eic[8]	ʔek[8]	
崩	poung[1]	poŋ[1]	
枋	poung[1]	poŋ[1]	厚木板
房	poung[2]	poŋ[2]	
榜	poung[3]	poŋ[3]	
放	poung[5]	poŋ[5]	1~假
蜂	p'oung[1]	pʰoŋ[1]	
篷	p'oung[2]	pʰoŋ[2]	帆
缝	p'oung[2]	pʰoŋ[2]	裁~
蒙	moung[2]	moŋ[2]	
中	toung[1]	toŋ[1]	空~
忠	toung[1]	toŋ[1]	
同	toung[2]	toŋ[2]	2～时
童	toung[2]	toŋ[2]	
重	toung[2]	toŋ[2]	～复
党	toung[3]	toŋ[3]	
涨	toung[3]	toŋ[3]	
中	toung[5]	toŋ[5]	～意
动	toung[6]	toŋ[6]	2活~
重	toung[6]	toŋ[6]	2~要
窗	t'oung[1]	tʰoŋ[1]	1～门：窗户
通	t'oung[1]	tʰoŋ[1]	3普～
痛	t'oung[5]	tʰoŋ[5]	
郎	noung[2]	noŋ[2]	2~爸：父亲
娘	noung[2]	noŋ[2]	2～奶：母亲
农	noung[2]	noŋ[2]	
浓	noung[2]	noŋ[2]	
龙	loung[2]	loŋ[2]	
朗	loung[3]	loŋ[3]	
宗	choung[1]	tʃoŋ[1]	
终	choung[1]	tʃoŋ[1]	
踪	choung[1]	tʃoŋ[1]	
钟	choung[1]	tʃoŋ[1]	
锺	choung[1]	tʃoŋ[1]	
盅	choung[1]	tʃoŋ[1]	
舂	choung[1]	tʃoŋ[1]	
崇	choung[2]	tʃoŋ[2]	
从	choung[2]	tʃoŋ[2]	～俗
众	choung[5]	tʃoŋ[5]	
纵	choung[5]	tʃoŋ[5]	～容
种	choung[5]	tʃoŋ[5]	动词
聪	ch'oung[1]	tʃʰoŋ[1]	
充	ch'oung[1]	tʃʰoŋ[1]	
冲	ch'oung[1]	tʃʰoŋ[1]	
铳	ch'oung[5]	tʃʰoŋ[5]	
松	soung[1]	soŋ[1]	
松	soung[2]	soŋ[2]	木名
□	soung[2]	soŋ[2]	儍
磉	soung[3]	soŋ[3]	
嗓	soung[3]	soŋ[3]	
爽	soung[3]	soŋ[3]	
讼	soung[6]	soŋ[6]	
□	soung[6]	soŋ[6]	穿
公	koung[1]	koŋ[1]	
工	koung[1]	koŋ[1]	2
功	koung[1]	koŋ[1]	
攻	koung[1]	koŋ[1]	
贡	koung[5]	koŋ[5]	
空	k'oung[1]	kʰoŋ[1]	2悬~
风	houng[1]	hoŋ[1]	
疯	houng[1]	hoŋ[1]	
讽	houng[1]	hoŋ[1]	
丰	houng[1]	hoŋ[1]	
封	houng[1]	hoŋ[1]	
峰	houng[1]	hoŋ[1]	
锋	houng[1]	hoŋ[1]	
洪	houng[2]	hoŋ[2]	
哄	houng[5]	hoŋ[5]	～骗
俸	houng[5]	hoŋ[5]	
奉	houng[6]	hoŋ[6]	
痈	∅oung[1]	ʔoŋ[1]	
影	∅oung[3]	ʔoŋ[3]	1
□	∅oung[5]	ʔoŋ[5]	浇
戎	young[2]	joŋ[2]	
绒	young[2]	joŋ[2]	
容	young[2]	joŋ[2]	
溶	young[2]	joŋ[2]	
用	young[6]	joŋ[6]	
瀑	pouc[7]	pok[7]	小～布
腹	pouc[7]	pok[7]	～肚：肚子
幅	pouc[7]	pok[7]	
辐	pouc[7]	pok[7]	
复	pouc[7]	pok[7]	
卜	pouc[8]	pok[8]	萝~
仆	pouc[8]	pok[8]	女~
覆	p'ouc[7]	pʰok[7]	1趴
木	mouc[8]	mok[8]	
睦	mouc[8]	mok[8]	
目	mouc[8]	mok[8]	2～珠：眼睛，悦～
牧	mouc[8]	mok[8]	
笃	touc[7]	tok[7]	
督	touc[7]	tok[7]	
独	touc[8]	tok[8]	
渎	touc[8]	tok[8]	
毒	touc[8]	tok[8]	～意
□	touc[8]	tok[8]	火~：火柴
□	louc[7]	lok[7]	～溪：涉水
律	louc[8]	lok[8]	2法～
禄	louc[8]	lok[8]	
辘	louc[8]	lok[8]	
录	louc[8]	lok[8]	
陆	louc[8]	lok[8]	
绿	louc[8]	lok[8]	2
祝	chouc[7]	tʃok[7]	
足	chouc[7]	tʃok[7]	
嘱	chouc[7]	tʃok[7]	
族	chouc[8]	tʃok[8]	
触	ch'ouc[7]	tʃʰok[7]	
速	souc[7]	sok[7]	
肃	souc[7]	sok[7]	
宿	souc[7]	sok[7]	夜~
缩	souc[7]	sok[7]	2
束	souc[7]	sok[7]	
术	souc[8]	sok[8]	
熟	souc[8]	sok[8]	
俗	souc[8]	sok[8]	
续	souc[8]	sok[8]	接～
赎	souc[8]	sok[8]	
属	souc[8]	sok[8]	
谷	kouc[7]	kok[7]	山~
谷	kouc[7]	kok[7]	
酷	kouc[7]	kok[7]	残～
福	houc[7]	hok[7]	
覆	houc[7]	hok[7]	2反~
服	houc[8]	hok[8]	
复	houc[8]	hok[8]	～仇
猛	mueng[3]	møŋ[3]	
蠓	mueng[3]	møŋ[3]	~囝:mosquitodelvino
等	tueng[3]	tøŋ[3]	3平～，下～
桶	t'ueng[3]	tʰøŋ[3]	
冷	lueng[3]	løŋ[3]	
信	sueng[5]	søŋ[5]	2确~
弓	kueng[1]	køŋ[1]	
宫	kueng[1]	køŋ[1]	
恭	kueng[1]	køŋ[1]	
供	kueng[1]	køŋ[1]	~应
穷	kueng[2]	køŋ[2]	
港	kueng[3]	køŋ[3]	
巩	kueng[3]	køŋ[3]	
供	kueng[5]	køŋ[5]	～佛
共	kueng[6]	køŋ[6]	2～通性
胸	hueng[1]	høŋ[1]	
凶	hueng[1]	høŋ[1]	
雄	hueng[2]	høŋ[2]	2英～
竹	tuec[7]	tøk[7]	
筑	tuec[7]	tøk[7]	
逐	tuec[8]	tøk[8]	
缩	t'uec[7]	tʰøk[7]	1~头：卷发
肉	nuec[8]	nøk[8]	
粥	chuec[7]	tʃøk[7]	
叔	chuec[7]	tʃøk[7]	
促	ch'uec[7]	tʃʰøk[7]	
曲	kuec[7]	køk[7]	红~。不送气音
玉	nguec[8]	ŋøk[8]	宝~
畜	huec[7]	høk[7]	饲养
□	∅uec[7]	ʔøk[7]	啼哭时的声音
□	li[7]	liʔ[7]	助词，相当于“了”或“掉”
悦	yi[8]	yiʔ[8]	
剥	pu[7]	puʔ[7]	
缚	pu[8]	puʔ[8]	
曝	p'u[8]	pʰuʔ[8]	晒
□	tu[7]	tuʔ[7]	拿，抓
绿	lu[8]	luʔ[8]	1
烛	chu[7]	tʃuʔ[7]	
粟	ch'u[7]	tʃʰuʔ[7]	稻谷
局	ku[8]	kuʔ[8]	
曲	k'u[7]	kʰuʔ[7]	弯；词～
狱	ngu[8]	ŋuʔ[8]	1地~
镬	hu[8]	huʔ[8]	小~：铁锅，sartén
褥	yu[8]	juʔ[8]	
着	tüi[7]	tyiʔ[7]	装，盛
着	tüi[8]	tyiʔ[8]	1遇~；在
若	nüi[8]	nyiʔ[8]	1~伙：多少
箬	nüi[8]	nyiʔ[8]	叶子
借	chüi[7]	tʃyiʔ[7]	
尺	ch'üi[7]	tʃʰyiʔ[7]	
蓆	ch'üi[8]	tʃʰyiʔ[8]	
席	ch'üi[8]	tʃʰyiʔ[8]	校补便于匹配
石	ch'üi[8]	tʃʰyiʔ[8]	
惜	süi[7]	syiʔ[7]	1爱~；□tet7农~：可爱
射	süi[8]	syiʔ[8]	食亦切～箭
□	süi[8]	syiʔ[8]	一。本文中写作“蜀”
一	süi[8]	syiʔ[8]	一。校补，便于匹配
蜀	süi[8]	syiʔ[8]	一。校补，便于匹配
药	yüi[8]	jyiʔ[8]	
百	pa[7]	paʔ[7]	
伯	pa[7]	paʔ[7]	
□	pa[7]	paʔ[7]	目珠～□liʔ7开：睁眼
白	pa[8]	paʔ[8]	1
拍	p'a[7]	pʰaʔ[7]	打
麦	ma[8]	maʔ[8]	
脉	ma[8]	maʔ[8]	
□	ta[7]	taʔ[7]	压
□	t'a[7]	tʰaʔ[7]	~□liu2:玩儿
宅	t'a[8]	tʰaʔ[8]	
□	na[8]	naʔ[8]	拿
仄	cha[7]	tʃaʔ[7]	平~
察	ch'a[7]	tʃʰaʔ[7]	2巡～
册	ch'a[7]	tʃʰaʔ[7]	读~：读书
□	sa[7]	saʔ[7]	洒
隔	ka[7]	kaʔ[7]	
客	k'a[7]	kʰaʔ[7]	1
壁	pie[7]	piɛʔ[7]	
僻	p'ie[7]	pʰiɛʔ[7]	
摘	tie[7]	tiɛʔ[7]	
籴	tie[8]	tiɛʔ[8]	
拆	t'ie[7]	tʰiɛʔ[7]	
雀	chie[7]	tʃiɛʔ[7]	1～囝：鸟儿
迹	chie[7]	tʃiɛʔ[7]	1
只	chie[7]	tʃiɛʔ[7]	
□	chie[7]	tʃiɛʔ[7]	1这
藉	chie[8]	tʃiɛʔ[8]	狼~
食	sie[8]	siɛʔ[8]	吃
额	ngie[8]	ŋiɛʔ[8]	
许	hie[7]	hiɛʔ[7]	1那
薄	po[8]	pɔʔ[8]	1形容词
粕	p'o[7]	pʰɔʔ[7]	渣子
莫	mo[8]	mɔʔ[8]	别，不要
桌	to[7]	tɔʔ[7]	
卓	to[7]	tɔʔ[7]	1
□	to[7]	tɔʔ[7]	鞋～：脚后跟
□	to[8]	tɔʔ[8]	挑选
□	no[7]	nɔʔ[7]	东西。本文中写作“乇”
乇	no[7]	nɔʔ[7]	东西。校补，便于匹配
□	lo[7]	lɔʔ[7]	套
□	lo[7]	lɔʔ[7]	□kɔʔ7~下：腋下
落	lo[8]	lɔʔ[8]	2
络	lo[8]	lɔʔ[8]	1
浊	cho[8]	tʃɔʔ[8]	1
索	so[7]	sɔʔ[7]	1绳子
□	so[7]	sɔʔ[7]	吮吸
欶	so[7]	sɔʔ[7]	校补方便匹配：吮吸
镯	so[8]	sɔʔ[8]	
□	ko[7]	kɔʔ[7]	烙
□	ko[7]	kɔʔ[7]	~□lɔʔ7下：腋下
□	∅o[7]	ʔɔʔ[7]	乖
学	∅o[8]	ʔɔʔ[8]	1
□	kuo[7]	kuɔʔ[7]	开裂
划	buo[8]	wuɔʔ[8]	1～火□tok8：划火柴
□	∅m[6]	ʔm[6]	不
