"来源"	"《安徽安庆方言同音字汇》，“空岛。”整理修改"
"方言点"	"安徽省安庆市大观区西门"
"方言归属"	"江淮官话黄孝片安庆小片"
"说明"	"音系排列，先以韵母为序，在同韵的字里按声母的顺序排列，声母相同的按声调排列。"
"符号说明"	"“*”表示写不出来的字"
"调值"	"①阴平31 ②阳平35 ③上声213 ④去声51 ⑤入声55"
""	"ɿ"
"ts"	"①资姿咨孜龇兹③子仔姊紫籽梓*(量词:一~毛线)④自字柿"
"tsʰ"	"①疵刺(火星喷冒)差(参差不齐)眙(看:过来~~好东西)②寺词祠瓷慈磁糍辞雌饲③此④次刺(~ 刀)赐伺"
"s"	"①私司丝思撕嘶斯厮鸶师狮似厕｛(白)茅~ ｝③死使驶始史④巳四似肆祀事士仕"
""	"ʅ"
"ʈʂ"	"①之芝支枝肢吱只知蜘梔臟(食用油变质)③止址趾芷只旨指(~导)纸④至志痣制致治窒痔智稚置⑤织汁职直植值殖侄质指(~甲)"
"ʈʂʰ"	"①痴 *(~倒:滑倒)嗤②池匙迟治(~鱼)持③齿耻④赤斥翅⑤尺秩"
"ʂ"	"①施尸诗②时③矢屎始④示式市试世誓势视饰轼是适⑤石湿实拾室失食识什(~锦糖果)十释"
"ʐ"	"⑤日"
""	"i"
"p"	"①屄③比彼鄙④蔽弊蓖避敝毙闭⑤笔鼻碧必逼毕壁辟匕滗璧"
"pʰ"	"①批披劈坯②皮疲(~寒:疟疾)脾啤琵枇匹痹③痞疟④屁僻"
"m"	"①眯咪洱②迷谜猕糜靡③米⑤秘觅蜜密咪"
"t"	"①低堤③底抵④地第帝弟娣递蒂屉⑤的(目~) 滴敌笛迪嫡杓(~耳朵)"
"tʰ"	"①梯②提题蹄啼③体④替剃嚏⑤踢缔(系;绑:~ 鞋带。《广韵》特计切:“结也""。)"
"n"	"②泥尼离梨犁黎篱璃厘③你里理李礼鲤④腻例利丽莉厉励⑤力立历吏荔栗粒痢隶砾栎(~树)笠沥率律泪[(白)眼~]榫(让带水的东西滴干。《集韵》劣戌切:“去滓汁日捧。”)"
"tɕ"	"①鸡机肌饥讥叽基箕姬唧③几挤已纪(~律)④记计纪技季寄纪(姓)技际剂寂忌继妓祭系(~鞋带)⑤急既即积级及极汲激吉脊击圾迹绩辑籍集疾鲫缉"
"tɕʰ"	"①妻期欺戚沏凄嘁蹊栖②其齐骑棋奇祁脐旗芪祈麒鳍荠(荸~) ③起岂启企乞取娶④去(白)器气汽契砌弃⑤七漆柒膝吃"
"ɕ"	"①西稀溪嘻熙希牺兮嘶(大声喊叫)皙茜硒嬉③洗喜禧④戏系(联~ )④细絮婿⑤吸席熄锡息惜习昔析晰悉媳犀蜥蟋"
"Ø"	"①医依衣倚蚁咿揖②移姨咦遗疑颐宜③以已椅尾(狗~巴草)④亿艺意义忆疫毅议⑤一壹逸(~当: 要当)译易益(用处:这东西有么~)"
""	"u"
"p"	"①*（用嘴喷出气体或液体)③补捕④布怖步部埠伏(~鸡:孵小鸡)⑤不"
"pʰ"	"①铺(~ 床)扑漕(液体沸腾溢出)* (泡沫)②仆葡菩匍(~哲)③普谱脯蒲蹼⑤瀑匍(~着:趴着)"
"m"	"③母牡亩拇姆⑤暮墓幕沐牧目木睦穆"
"f"	"①夫(~人)肤敷腐(豆~)孵麸②浮扶俘符③府俯斧辅腐(~败)抚腑阜④副负付妇驸傅(姓)⑤福幅辐蝠 复服腹蝮覆芙附伏(~击)"
"k"	"①姑孤辜咕菇估箍牯(公牛)③古 股鼓④故顾固雇古* (用水、茶等漱口;快速大口喝)⑤谷"
"kʰ"	"①枯骷箍(~个桶;打个~) ②葫(~芦)③苦④库裤酷⑤窟(~凼:小水坑)哭"
"x"	"①呼乎忽* (~他一巴掌:扇他一巴掌)②湖胡糊蝴壶弧狐和(~牌)③虎浒戽(~水)* (推搏)④户互护沪瓠⑤核(桃子~儿)"
"Ø"	"①污乌巫诬呜钨* (灭:灯~掉着)幠(被~)②无吴吾芜梧蜈③五午武伍舞捂鹉妩④误雾悟焐(水~子;~手)恶(可~)⑤物屋兀务"
""	"ʯ"
"n"	"②驴③女旅吕铝屡缕抨④虑滤"
"ʈʂ"	"①朱珠猪诸株诛铢蛛侏居拘车(象棋)②煮主拄嘱瞩举矩沮④住注驻祝柱蛀著据句具俱剧拒距巨惧炬锯飓⑤竹筑逐烛築塞满局聚菊桔橘"
"ʈʂʰ"	"①* (把某物用力塞给某人)区趋驱躯岖②厨橱滁殊渠徐除③处( ~理)鼠储趣④处(到~)⑤出触畜屈曲蛐(~~儿)"
"ʂ"	"①书舒输枢淑虚须需嘘墟③属暑署蜀曙薯许④树竖⑤熟术述(反复念叨)叔赎恕庶墅塾"
"Ø"	"①迂淤②鱼渔于余愉盂愚娱③雨语羽宇屿④与玉芋郁欲浴遇愈御预吁寓誉域裕喻谕育"
""	"a"
"p"	"①巴(嘴~)* (粘贴)爸芭疤粑扒(~开)③把靶④壩坝霸罢⑤八拔捌* (傻不懂事:这人真~ ) 稗"
"pʰ"	"①啪趴琶杷②爬扒(~手)耙④怕"
"m"	"①妈蟆②麻③马码玛蚂④骂⑤抹(~灰;~牌)"
"f"	"②乏⑤发法罚伐筏阀砝"
"t"	"①哒③打④大⑤答达搭瘩耷沓* (踏:脚~板凳上哒~倒:跌倒)"
"tʰ"	"①他她它⑤塔踏塌* (错过:班车~掉着;掉:~一层皮)趿(~子:拖鞋)搨(抹:不要把墨水往墙上~ )遢"
"n"	"①拉垃②拿③哪喇④那⑤辣蜡腊邋瘌纳捺(用力按住)"
"ts"	"⑤砸杂咂匝"
"tsʰ"	"⑤擦"
"s"	"②撒(~水)洒④萨(菩~)靸(~鞋:拖鞋)撒(~气)嗄(声音嘶哑)"
"ʈʂ"	"①查(姓)渣喳楂揸(手~着老大地)砟哆(张口)奓(张开:头发~着)③鲊(~肉 )④绽(衣服~着线)炸榨诈栅乍拃⑤扎闸铡轧(~ 钢)札"
"ʈʂʰ"	"①叉杈差碴馇(~猪食)蹅②查茶搽茬察④岔⑤插查察"
"ʂ"	"①沙纱砂痧裟鲨杉挲母牛③傻④厦⑤杀煞"
"k"	"①家(白)嘎④架(白)嫁(白)⑤夹(白)尬"
"kʰ"	"①咖②蛤(~蟆)跨(~门槛)③卡④跨(~裆:裤裆)⑤掐(~菜)"
"ŋ"	"①鸦(白)丫(白)②伢④轧⑤鸭(白)
"
"x"	"①虾(白)哈③下(身份地位或等级低，品质差)④下(白)⑤瞎"
"Ø"	"①啊阿(~姨)"
""	"ia"
"p"	"①*(拟声词)"
"pʰ"	"①*(一个巴:打~一耳光)"
"t"	"③嗲"
"tɕ"	"①家(文)加稼佳③假贾④架(文)嫁(文)价⑤夹(文)甲"
"ɕ"	"①虾(文)吓②霞 ④下(文)夏厦(~门)⑤辖峡侠狭"
"Ø"	"丫(文)鸦(文)②牙芽④哑⑤压押轧(~棉花)"
""	"ua"
"ʈʂ"	"①抓③爪"
"ʂ"	"③耍⑤刷"
"k"	"①瓜呱③寡④挂褂卦⑤刮括呱"
"kʰ"	"①夸③垮侉剐(铲:把锅~~)挎(划刮;挂:手~了个口子;围巾~树上着)④胯跨(~栏)"
"x"	"①花 *(讨好.哄)②华划(~船) ④话画划计(~化)⑤滑猾"
"Ø"	"①蛙哇剜洼蛙蜗②娃③瓦搲(~米)④搲(拿;取:太高,一不到凹洼)⑤挖袜"
""	"ie"
"p"	"⑤别憋鳖瘪"
"pʰ"	"③瞥⑤撇潎"
"m"	"⑤灭蔑篾"
"t"	"①爹⑤跌(~ 价)叠碟谍蝶喋"
"tʰ"	"⑤铁贴帖"
"n"	"③捩(用力拧扭:~毛巾)咧 *(歪:~嘴)⑤列裂猎烈劣捏(手~子:手帕;~着)聂孽镍蹑镊"
"tɕ"	"①嗟(叹词)③姐④借⑤接节截结洁杰捷揭劫绝"
"tɕʰ"	"②茄③且④切笡(歪斜:桌子有点~)⑤切怯窃妾"
"ɕ"	"①些蝎②斜邪③写④谢卸泄⑤歇屑雪血薛"
"Ø"	"①椰②爷③也野④夜⑤叶页腋噎"
""	"o"
"p"	"①波菠玻卜(萝~ )③跛簸(把沙子~ 掉)④簸(戳~) ⑤薄拨驳博脖勃铂泊搏膊"
"pʰ"	"①坡②婆③剖④破⑤泼迫"
"m"	"①摸(动词;慢,拖拖拉拉)②磨魔膜摩摹模蘑馍谋③母亩拇姆牡 ④磨( ~子口转动:把头~过来)⑤末莫墓"
"f"	"②佛"
"t"	"①多哆③躲④剁跺惰堕舵按拸垛⑤涿(量词:一~水)沰(淋:~雨)裰(缝纫)夺"
"tʰ"	"①拖②驮驼鸵陀③妥椭⑤脱托拓"
"n"	"①哕捋②罗锣骡箩螺萝逻脶(手指纹)③捋⑤乐落(~ 雨)烙洛骆搦(用盐短时腌制蔬菜:~菜)"
"ts"	"③左佐④做坐座⑤作撮(一 ~毛)昨嘬 *"
"tsʰ"	"①撮(~合)搓②痤④错措锉⑤矬(矮~~)"
"s"	"①梭睃(眼珠灵活转动;斜视)③所锁琐⑤索缩唆嗍"
"ʈʂ"	"①啄⑤着(燃烧起来)桌捉镯拙"
"ʈʂʰ"	"③*(挑拨;怂恿)⑤戳绰"
"ʂ"	"⑤硕说(文)烁朔砾"
"ʐ"	"⑤弱"
"k"	"①锅歌哥过③果裹④过个各⑤鸽割搁阁葛郭角"
"kʰ"	"①科棵颗窠③可④课⑤渴壳磕瞌扩廓搉"
"ŋ"	"①阿(~胶)②鹅蛾俄③我④饿⑤恶"
"x"	"①呵②和(~气)河荷禾④货获祸(惹~)贺⑤合盒喝祸(~害)"
"Ø"	"①阿(~弥陀佛)哦(叹词)"
""	"io"
"n"	"⑤箬虐疟略掠(稍微剪短一点儿:把头毛~掉一点)"
"tɕ"	"⑤脚嚼觉(知~)"
"tɕʰ"	"⑤却雀确(的~)"
"ɕ"	"⑤学削"
"Ø"	"①约乐(音~)岳钥药"
""	"uo"
"Ø"	"①窝莴屙蜗涡②讹(相差:~不少;怪罪;蔽诈)⑤卧(~ 铺)浣(不干净;弄脏)"
""	"ɚ"
"Ø"	"②而儿③耳④二"
""	"ɛ"
"p"	"①掰③摆④败拜稗"
"pʰ"	"②排牌④派湃"
"m"	"②埋③买④卖迈脉"
"t"	"①待(待着)呆③逮歹④带代戴待袋贷怠黛"
"tʰ"	"①胎②拾(~水;~头;衬托:这衣服~人)台④太态(~度)泰汰"
"n"	"①奶(~~:祖母)②来莱③奶(牛~ )④耐奈赖癞"
"ts"	"①栽灾栽③宰载崽仔(牛~裤) ④在再"
"tsʰ"	"①猜②才材财裁③踩睬采彩④蔡菜"
"s"	"①腮鳃塞③*(揍:把他~-顿)④赛"
"ʈʂ"	"①斋④寨债"
"ʈʂʰ"	"①差(出~)钗②柴豺"
"ʂ"	"①筛④晒"
"k"	"①该街潜(流淌:汗直~地)③改解(白)④盖钙丐芥戒[(白)~烟]概[(文)~念]"
"kʰ"	"①开③楷凯锴④概(白)"
"ŋ"	"①哀挨(~近)唉(~声叹气)②挨( ~打)癌(文)埃③矮④爱碍艾捱(拖延)"
"x"	"①嗨②孩还鞋③海蟹(~子)④害亥(~时)"
"Ø"	"①唉(叹词,表示叹息)④哎(叹词，表示呼唤、应答、同意等)"
""	"iɛ"
"tɕ"	"①阶(台~)③解(文) ④介(~绍.界~线)届(换~)戒(文)械(机~)"
"Ø"	"②岩癌(白)崖"
""	"uɛ"
"ʈʂ"	"①*(胳膊脱臼或有残疾)③*(拿架子)④拽"
"ʈʂʰ"	"①揣④踹"
"ʂ"	"①摔衰③甩④帅"
"k"	"①乖③拐④怪"
"kʰ"	"④快块筷会(~计)"
"x"	"②怀淮槐踝④坏"
"Ø"	"①歪 ②*(播晃不稳)④外"
""	"ei"
"p"	"①杯背悲卑碑④背(~心)倍贝备被闭[(白)把灯~掉]⑤北白百伯"
"pʰ"	"①胚呸②陪赔培④配佩⑤拍"
"m"	"②煤酶霉玫眉梅媒莓③每美④妹昧⑤默麦"
"f"	"①非飞妃②肥③匪翡④费废肺痱"
"t"	"①堆④队对兑⑤得德"
"tʰ"	"①推梯(~子 )③腿④退褪蜕⑤特"
"n"	"①勒②雷擂③馁累(积~)蕾儡④内累(受~)泪(文)"
"ts"	"③嘴④最醉罪⑤贼则责择泽"
"tsʰ"	"①催摧(动词;水壶:水~子;用水壺烧:~壶水)崔②随④脆翠⑤册侧策测厕[(文)~所]拆"
"s"	"①虽②随(~时)隋③髓④岁碎穗隧⑤色虱塞(水瓶~子)糁(饭~子:饭粒)"
"ʈʂ"	"①遮③者④这⑤折哲浙蔗摘"
"ʈʂʰ"	"①车扯(~水:从井里打水;抽搐)③扯(~布:买布)④撤彻( ~底;来不~:来不及)掣(~霍:闪电;敏捷)"
"ʂ"	"①设舌摄(折损耗;降:江水~着一点)赊赦歙佘②蛇③舍(~不得)④射舍(宿 ~)涉"
"ʐ"	"③惹⑤热"
"k"	"③给④*(锯:把树~断)⑤革隔格"
"kʰ"	"⑤咳刻克客"
"x"	"③*(~头~脑;养攮,无分寸)④嘿⑤吓黑赫(不~显:不怎么样)"
""	"uei"
"ʈʂ"	"①追锥椎蜇(蜂子~人)④坠缀赘"
"ʈʂʰ"	"①吹炊②垂锤捶槌"
"ʂ"	"①谁③水④睡税"
"k"	"①归龟规闺硅③鬼轨诡④贵跪桂柜鳜⑤国"
"kʰ"	"①亏盔窥②葵魁③傀④愧溃"
"x"	"①灰挥恢辉徽②回茴蛔③毁悔④会绘汇惠慧贿讳卉彗烩⑤或"
"Ø"	"①威煨偎②为围危违唯维惟微桅③尾伪伟委韦纬苇④为位未喂胃谓昧卫魏畏慰⑤物"
""	"ʯei"
"tɕ"	"⑤决倔诀"
"tɕʰ"	"②茄瘸"
"ɕ"	"①靴"
"Ø"	"①哕(~人:欲呕吐的感觉)⑤月阅越"
""	"au"
"p"	"①包胞苞③饱保褒煲宝④抱报暴爆豹鲍"
"pʰ"	"①泡(松)抛脬(量词:一~尿)醪(吹牛,不沉稳)②刨袍狍③跑④炮泡"
"m"	"①猫②毛牦矛茅锚髦③*(遗漏)卯 ④冒帽貌茂贸"
"t"	"①刀叨鱽③倒(打~ )岛捣导蹈祷④倒(~ 水)道盗稻"
"tʰ"	"①掏涛滔②掏(把汤舀到饭碗里)逃桃陶淘洮(~米)萄③讨④套"
"n"	"①孬唠捞②挠蛲劳牢痨③脑恼老佬④闹涝痨(毒害:~老鼠)"
"ts"	"①遭糟③早藻枣④燥躁噪造灶皂"
"tsʰ"	"①操②曹槽嘈( 胃里难受:糯米粑吃多着~人)③草驊(~狗)④糙(造~蛋:调皮.捣乱)"
"s"	"①搔骚臊③扫嫂④忮(快)"
"ʈʂ"	"①朝(~气)招昭召钊③找沼④兆赵照诏罩"
"ʈʂʰ"	"①抄超钞焯②朝(~廷)潮嘲巢③吵炒④*(翻动:在菜碗里~)"
"ʂ"	"①烧捎梢稍筲(~箕)②韶 *(不太稳重,爱出风头)③少(多~) ④少(~年)哨绍邵(姓)"
"ʐ"	"②饶③扰绕④绕"
"k"	"①高篙膏羔糕跤(白)跤茭(~白)交(遍:洗两~ )③搞稿搅(打~ :打扰)④叫(~花子:乞丐)较(~秤)告觉(白)珓(占卜用具)"
"kʰ"	"①敲③考烤④靠拷犒"
"ŋ"	"①*(吆喊:七点~我起来)②熬③咬祆④傲奧懊澳拗"
"x"	"①蒿薅②嚎壕毫豪③好④好(爱~)耗号"
""	"iau"
"p"	"①标彪猋(快跑;水急速喷出)膘熛飚③表婊裱④摽鳔嫑(不要)"
"pʰ"	"①飘漂②瓢嫖③漂(~白)瞟④漂(~亮)票"
"m"	"①喵②描苗瞄③秒杪(树~:树梢)④庙妙缪(姓)"
"t"	"①叼刁雕碉貂凋③屌④吊调钓"
"tʰ"	"①挑(~水;~子:勺子)②调(~整)条笤③挑(~拨)④跳"
"n"	"①嬲(风流;爱俏:小妹~得很)②燎疗聊辽撩镣獠(戏弄)③了(~结)绕（把毛线~起来)鸟④尿料撂(量词)"
"tɕ"	"①交胶郊狡教(~书)焦蕉礁娇骄浇椒③较缴绞饺剿④教(~师)叫校(~对)酵 *(~油:用猪油炼油)"
"tɕʰ"	"①锹悄撬②桥瞧乔侨荞挢(因干燥而弯曲)③巧④翘鞘窍缲(~边)"
"ɕ"	"①消销宵萧霄硝枵薄②淆③小晓④笑效校孝"
"Ø"	"①妖腰邀要(~求)②摇窑谣姚舀④要耀鹞"
""	"əu"
"t"	"①都蔸(树~:树根)兜③斗(升~ )抖陡蚪堵赌睹肚④斗豆痘逗斣(拼凑)度渡镀杜妒⑤读毒独督"
"tʰ"	"①偷②图涂途徒屠头投③土吐敨(展开:~开包裹;清洗:~衣服)④透兔⑤突秃  *(脱榫:抽屉~着;脱落:毛线~掉着) *（食物快熟时再烧煮片刻:稀饭还~下子）"
"n"	"①搂(用力抠:~黄鳝)②楼炉卢芦庐鲈奴③鲁卤篓搂 (~抱)努④路露鹭漏陋⑤录鹿陆绿禄六怒"
"ts"	"①租诌③走组阻祖诅④奏揍皱⑤卒族足"
"tsʰ"	"①粗初②锄③楚础 *(等待:~机会再走)醋凑⑤促(仓~) *(脱臼;手膀子~着)"
"s"	"①搜艘嗖馊溲苏酥梳蔬疏③数④数瘦素嗽诉漱⑤俗塑宿肃速续"
"ʈʂ"	"①周洲州舟朔③帚肘扭(拧:~干;~紧)④宙昼咒纣"
"ʈʂʰ"	"①抽②稠绸愁仇酬筹③丑④臭"
"ʂ"	"①收③手首守④授兽售寿"
"ʐ"	"②柔揉⑤肉辱(侮~)"
""	"iəu"
"t"	"①丢"
"n"	"①妞扭(拧伤筋骨:~着)腰溜②牛流硫留榴馏瘤镏刘③纽扭螨动柳"
"tɕ"	"①究揪鬏纠③九酒久玖韭④就旧救舅柩痢萎"
"tɕʰ"	"①秋丘蚯鳅瞅斜视蝤熏(~蚊子 )②求球囚泅仇(姓)④就（挨近, 靠近:-着火盆边）"
"ɕ"	"①修休羞③朽④锈绣袖秀嗅(~觉)"
"k"	"①勾沟钩鸠(八~儿:八哥)垢(~肌:皮肤上的污垢)③狗④够购构"
"kʰ"	"①抠眍②趔(蜷曲,足不伸)③口④扣寇叩"
"ŋ"	"①欧殴瓯③藕呕④沤怄"
"x"	"①瘊齁②喉猴侯③吼④后厚候"
"Ø"	"①优忧幽悠②由油邮游③有友 酉(~时)④又右佑幼釉⑤狱育(教~)"
""	"an"
"p"	"①班斑扳颁邦帮梆③板版榜膀④办扮瓣棒磅镑傍蚌"
"pʰ"	"①攀乓②旁庞螃④盼绊襻"
"m"	"②蛮忙芒盲茫氓 *（~槌:棒槌) ③莽蟒④慢蔓鳗"
"f"	"①翻番帆幡方芳坊②繁烦矾房防妨③反返访仿纺舫④饭犯泛贩放"
"t"	"①单丹耽担(~心)当裆③胆掸挡档党 *（~水:用开水把蔬菜等焯-一下。)④但旦担淡蛋弹(子~)氮当(上~)荡凼(水坑)"
"tʰ"	"①贪滩摊瘫汤②坛谈潭痰谭檀弹唐糖塘搪堂棠③毯坦躺淌④叹探碳炭烫趟"
"n"	"①囔馕饢②难(~易)男南兰栏篮蓝狼郎廊螂③攮(~子:短而尖的小刀)懒揽缆漤(用水稍微冲洗- -下:~碗)朗④难(灾~ )烂浪"
"ts"	"①脏赃③攒昝姓④暂赞葬藏"
"tsʰ"	"①参餐仓舱苍②蚕残惭藏涎③惨 ④灿"
"s"	"①三叁桑丧(~事)③伞散(~漫)搡④散(~会)丧(~命)"
"ʈʂ"	"①沾占(~卜)粘(~贴)*(剁)张章樟蟑③展盏斩长(~大)涨掌④占(~有 )站战栈蘸湛丈仗帐杖胀"
"ʈʂʰ"	"①掺搀昌猖娼②缠馋长(~短)常尝偿肠常嫦③产铲厂敞场④畅唱"
"ʂ"	"①山衫删珊煽膻伤赏裳③闪陕赏 ④善扇膳鳝蟮燃然瓤"
"ʐ"	"③染嚷壤④让"
"k"	"①干肝竿矸甘柑疳搛(~菜)尴间(中~)冈刚钢纲肛缸③赶感敢橄竿秆擀岗港讲(白) ④干(~ 部)赣杠"
"kʰ"	"①刊堪龛看糠康②衔[(白)糖果~在嘴里]扛③砍坎槛侃④看(~书)抗炕亢墈[黄土~:安庆地名(文献资料多写成“黄土坑"")]"
"ŋ"	"①淹安鞍氨胺桉庵鹌豌(~豆)②严(~实)昂③眼(~珠儿:眼睛;小洞) ④按岸案暗晏晚"
"x"	"①酣憨鼾②含寒涵函韩邯行(银~)航杭咸绗(~棉花)③喊④汗汉旱焊憾巷苋(~菜)"
""	"ian"
"n"	"②娘量(~尺寸)良凉(乘~)粮梁粱③仰(头~着)两④酿亮晾(文)谅量(重~)"
"tɕ"	"①江将(~军)姜僵疆缰浆③奖蒋柠膙(食物没烧烂:肉烧~着)④降 (~落伞)酱像(白)犟(~脾气)響(~啸)将(中~)"
"tɕʰ"	"①枪腔呛羌戗(~水)②墙蔷樯强(占~)详祥降(投~)③抢(强~词夺理)④戗(够~)呛(烟~人)炝"
"ɕ"	"①乡香箱相(~信)厢湘镶③想响享饷④向相(~片)项像(文)橡"
"Ø"	"①央秧殃鸯鞅②羊洋佯装(~扬)杨阳疡旸(化~:冰雪溶化)③养痒氧④样漾( ~人:腻人)"
""	"uan"
"ʈʂ"	"①装妆"
"ʈʂʰ"	"②床椽"
"ʂ"	"①霜双③爽④涮"
"k"	"①关光咣胱④惯观(道~)逛"
"kʰ"	"①筐框哐②狂④矿况眶掼"
"x"	"①慌荒②黄簧凰皇惶蝗磺潢隍还环③晃谎恍④晃(~动;散步)衁(鸭~子:鸭血)"
"Ø"	"①弯湾汪枉②玩完顽王亡③晚网往④万望忘旺妄"
""	"on"
"p"	"①般搬④半拌伴"
"pʰ"	"①潘②盘④判叛"
"m"	"②瞒③满④漫(水~出来)"
"t"	"①端②断(~奶)短④段断锻缎煅缎"
"tʰ"	"②团搏(把东西拢成堆桩或球状)坛(白)"
"n"	"②拦(~住)孪鸾(~凤)④暖卵④乱"
"ts"	"①钻簪(~子)③*（鹅、鸭 等用嘴咬人:鹅~人）④钻动词攥"
"tsʰ"	"①*（跌跌撞撞的样子:跑着直~的)氽(~汤) *（~磕睡)②菆(人死入殓后棺材不人土而置于地上三五年再下葬)④蹿窜"
"s"	"①酸④算蒜"
"ʈʂ"	"①专砖捐鹃娟③转(~身)卷( ~起)④转(~圈)赚撰篆传(~记)卷(~子)券"
"ʈʂʰ"	"①川穿圈②船椽权拳颧③喘犬④串劝"
"ʂ"	"①栓拴闩"
"ʐ"	"③软"
"k"	"①官棺倌冠(鸡~子)观(~众)③管馆④冠(~军)灌罐"
"kʰ"	"①宽③匭(倒扣;把碗~ 着款)"
"x"	"①欢獾(~子)③缓④幻唤患宦涣焕换痪"
""	"uon"
"Ø"	"①丸完烷(甲~) ③碗挽婉惋绾皖④腕"
""	"iɛn"
"p"	"①鞭边编鳊(~鱼)③扁匾贬④变便遍辩辨辫"
"pʰ"	"①偏翩篇②便(~宜)④片骗"
"m"	"②棉眠③免勉腼缅④面"
"t"	"①掂颠癫癜(白~风)滇③点碘典④电店殿垫惦淀佃奠"
"tʰ"	"①天添②田填甜③舔恬(~不知耻)腆"
"n"	"①拈黏②年鲇严(~格)连联莲怜帘鲢廉镰敛③撵碾脸④念练炼链恋砚(~台)"
"tɕ"	"①尖艰监肩坚煎奸兼犍(~猪)③拣剪茧趼(老~)俭捡检减简④间(~ 谍)见件建健毽键腱荐贱践箭鉴剑"
"tɕʰ"	"①千牵迁纤扦(竹~)铅谦褰②前钱钳乾潜虔泉全(白)持(拔取:~鸡毛)③浅遣④欠歉"
"ɕ"	"①先仙鲜掀锨籼宣②衔(文)闲嫌贤舷旋(~转)③选显险藓癣④线县现(~世:出洋相;没本事)献陷馅限羡现(~饭:剩饭)旋(转圈:头~昏着宪眩晕:喝点酒头就直~的)"
"Ø"	"①烟胭腌咽淹(文)②盐沿言炎研颜檐阎闫③演掩④厌宴堰验艳雁燕谚焰"
""	"ʯan"
"ʈʂ"	"④桊(牛鼻~)"
"ʂ"	"②弦玄悬"
"Ø"	"①冤鸳渊②元员圆园原援猿源缘袁③远④怨院愿"
""	"ən"
"p"	"①奔③本畚④笨"
"pʰ"	"①喷(~气)烹澎(溅:~着一身水)②盆彭膨"
"m"	"们①蒙闷②门明[(白)~朝:明天]④焖闷(胸~)"
"f"	"①分芬纷吩②坟③粉④奋愤忿粪分(本~)氛"
"t"	"①登蹲吨墩敦礅蹬镫③等戥盹④邓登瞪囤(粮~)炖盾遁顿燉(~蛋:蒸鸡蛋)"
"tʰ"	"①吞②屯囤{存储}豚藤誊腾③*（气味难闻:~人 )④褪(把袖子~下来)"
"n"	"②能轮伦仑纶③冷④嫩愣论"
"ts"	"①争睁筝尊遵增罾曾(姓)③怎④挣(~钱)"
"tsʰ"	"①村皴撑②存层曾(~经)④寸衬蹭"
"s"	"①孙森生甥牲笙参(人~)僧③笋损榫省④渗"
"ʈʂ"	"①真针珍贞侦祯砧斟正(~月)征蒸③疹枕整拯④阵镇震振赈圳朕正(~确)证症郑政"
"ʈʂʰ"	"①称抻②尘臣辰晨沉陈成盛城诚程呈乘橙澄③惩逞④称(~ 职)趁秤"
"ʂ"	"①身伸深申绅呻珅声升②神什绳③审婶沈④甚慎肾剩胜圣"
"ʐ"	"①扔②人壬任(姓)仍仁③忍4任(~务)刃纫韧认"
"k"	"①今(白)跟根更(三~)耕羹③耿埂梗哽颈(脖~子)粳(~米)④更"
"kʰ"	"①坑(泥~)吭③肯啃恳垦④掯(低垂:头~着不说话)"
"ŋ"	"①恩④摁硬"
"x"	"①哼亨②恒衡③很狠④恨"
""	"in"
"p"	"①宾彬滨缤兵冰斌③丙饼柄炳④殡鬓并病"
"pʰ"	"①拼姘乒②贫频平凭瓶屏萍苹坪评③品④聘"
"m"	"②民名明鸣冥(~钱)瞑(死不~目)③敏闽抿悯④命"
"t"	"①丁叮盯钉(名词)疔柽(床前横木)③顶鼎④订钉(动词)定"
"tʰ"	"①听厅②亭停庭廷婷蜓③挺艇"
"n"	"①拎②林临淋邻鳞琳磷麟零铃玲灵龄凌陵菱棱绫凝您宁柠咛泞狞"
"tɕ"	"①今(文)斤金津筋巾襟禁京惊鲸精腈(~肉:瘦肉)睛晶经痉茎泾③仅紧(松~)谨锦井颈(~子)景警④尽进近劲禁(~区)净竟静镜竞境敬径"
"tɕʰ"	"①亲(~人;~ 家)侵轻清青倾蜻氢②琴勤秦芹禽擒寻情晴腈③寝请顷④庆"
"ɕ"	"①心芯新薪锌辛欣鑫星腥猩惺兴(~奋)②行(~动)形型刑巡(~逻)③醒省(反~)擤④性姓杏兴(高~)信迅(~速)焮"
"Ø"	"①因音阴荫殷姻英鹰蝇婴樱缨鹦②银寅营迎赢盈荧萤③引隐瘾饮影④印应"
""	"uən"
"k"	"②滚磙④棍"
"kʰ"	"①昆坤③捆④困"
"x"	"①昏荤婚②魂馄浑横( ~行霸道)④混"
"Ø"	"①温瘟②文蚊纹雯汶(~ 蛋:茶叶蛋)闻③稳④问"
""	"ʯən"
"ʈʂ"	"①肫军君均菌③准"
"ʈʂʰ"	"①春椿②唇纯鹑群裙③蠢"
"ʂ"	"①醺熏(~鱼)②纯旬寻(文)循④顺瞬训汛训讯"
"Ø"	"①晕(~车)②云匀③允④运韵孕酝熨"
""	"oŋ"
"p"	"①绷崩嘣④蹦迸蚌(~埠)"
"pʰ"	"①嘭砰怦②朋棚鹏蓬篷③捧④碰喷（~香）"
"m"	"①蒙②蒙(~古)檬朦盟萌③猛懵艨④梦孟"
"f"	"①风枫疯封丰蜂峰锋烽②逢(缝~衣服)冯③讽④凤奉缝俸"
"t"	"①东咚冬③董懂挏④动洞冻栋"
"tʰ"	"①通嗵②同铜桐童③桶捅统筒④痛"
"n"	"①哝②农浓脓龙笼聋珑胧隆③拢垄垅④弄 *(物体软脆:豆 .腐太~;人太偶弱:这伢子太~)"
"ts"	"①宗棕综踪鬃枞③总④粽纵"
"tsʰ"	"①匆葱聪囱②从丛崇"
"s"	"①松③耸④送宋颂诵讼"
"ʈʂ"	"①中钟盅忠衷终③种(~子)肿肠④众中(~奖)种(~树)重(体~)"
"ʈʂʰ"	"①冲充②重(~复)③宠④冲(~人)"
"k"	"①工功公攻蚣躬宫恭供(~应)③拱巩汞④共供(~ 品)贡(进~)"
"kʰ"	"①空(~虛)③孔恐④空(填~ )控"
"x"	"①轰烘哄掏赶走②红宏虹鸿③哄(~骗)④讧(内~)哄(起~ )嗅(用鼻子闻)"
""	"ioŋ"
"tɕʰ"	"②穷琼"
"ɕ"	"①胸凶兄②雄熊"
"Ø"	"①庸臃慵拥②容绒融溶熔荣蓉茸榕③勇蛹永泳咏④用佣"
""	"uoŋ"
"Ø"	"①翁嗡④瓮"
