tsɿ	1	蔗{甘∽}知蜘支枝肢{四∽}栀{∽子花}资姿咨脂滋之芝孜																																															
tsɿ	3	紫纸只{∽有}姊旨指子梓止趾{脚∽甲}址{文，地∽}																																															
tsɿ	5	至智自致字痔{∽疮儿}这{白，∽边}志治制稚																																															
tsʰɿ	1	疵{瑕∽}痴摛{伸，∽手}差{参∽}嗤{∽笑}																																															
tsʰɿ	2	雌池驰瓷迟磁糍慈辞词祠持齿牙{∽齿}																																															
tsʰɿ	3	耻此址{住∽}																																															
tsʰɿ	5	赐刺翅次																																															
sɿ	1	撕施私师蛳狮尸司丝思诗																																															
sɿ	2	豉{豆}时匙钥∽}实室{教∽，入派陽平}																																															
sɿ	3	死屎使史驶驾{∽员}始																																															
sɿ	5	世势誓逝是氏四肆示视祀巳{辰∽}寺饲士仕柿事市试																																															
tsə	7	汁执值置{安∽区}直侄质织{牛郎∽女}职殖植只{量词}蛰{惊∽}汁秩																																															
tsʰə	7	赤尺斥																																															
sə	7	湿式饰十拾食蚀识实失室石释适{∽合}																																															
zə	7	日																																															
pi	1	哔{拟声词}																																															
pi	3	比																																															
pi	5	蔽敝弊被{∽子}毙陛闭箅{∽子}避庇备																																															
pʰi	1	屄{流话，女阴}																																															
pʰi	2	皮啤痞枇琵疲脾																																															
pʰi	3	鄙																																															
pʰi	5	屁																																															
mi	1	咪眯																																															
mi	2	迷糜谜{∽语}靡萎眉{∽毛}秘泌																																															
mi	3	米																																															
mi	5	沕{打∽头，扎猛子}																																															
ti	1	低爹																																															
ti	3	底抵																																															
ti	5	弟第地帝递																																															
tʰi	1	梯																																															
tʰi	2	题提蹄屉{抽∽}																																															
tʰi	3	体																																															
tʰi	5	替嚏涕剃																																															
ni	1	躧抳{烂}																																															
ni	2	犁泥宜倪尼疑杯梨厘离篱璃仪梨																																															
ni	3	礼李里拟你理鲤																																															
ni	5	艺义例厉励丽荔腻利痢吏毅																																															
tɕi	1	鸡脐{白，肚∽眼儿}稽{滑∽}饥肌几{茶∽}基机饥																																															
tɕi	3	挤几{~个}																																															
tɕi	5	借祭际济剂计继系{~鞋带}技妓寄纪记忌既																																															
tɕʰi	1	妻溪欺期喫{∽饭，吃}																																															
tɕʰi	2	齐脐{∽带}奇骑岐祁其鳍旗棋																																															
tɕʰi	3	起启且杞祈岂																																															
tɕʰi	5	砌契企器弃去{∽来}气汽																																															
ɕi	1	些西犀牺嬉熙奚稀希																																															
ɕi	3	喜洗写																																															
ɕi	5	泻{∽药}卸谢细婿{女∽}戏																																															
i	1	衣依医																																															
i	2	移夷姨																																															
i	3	倚已以也蚁野																																															
i	5	夜易肄意异亿																																															
ki	5	锯{白，切割，手着∽了}																																															
puᶹ	1	咘																																															
puᶹ	3	补捕																																															
puᶹ	5	部薄布佈怖步																																															
pʰuᶹ	1	铺{∽设}																																															
pʰuᶹ	2	葡脯伏{趴着}覆{∽菜坛}菩脯{又，胸∽}潽{溢出，∽出来}□{打∽鼾}																																															
pʰuᶹ	3	谱堡浦圃{花∽}普																																															
pʰuᶹ	5	铺{又，店∽}																																															
muᶹ	1	□{窥视}																																															
muᶹ	2	睦{和∽，@}牧{@}模																																															
muᶹ	3	母拇																																															
muᶹ	5	慕墓募□{∽着起，想着}																																															
fuᶹ	1	呼夫肤敷俘孵□{骗，∽人}麸{麦∽}																																															
fuᶹ	2	胡湖期抚糊狐葫壶符扶芙浮																																															
fuᶹ	3	虎浒府腑俯甫斧釜腐辅																																															
fuᶹ	5	户滬戽{∽水}互父付赋傅赴附妇负富副																																															
tsuᶹ	1	租猪诸诛蛛株																																															
tsuᶹ	2	□{挖苦}																																															
tsuᶹ	3	阻煮主祖组帚																																															
tsuᶹ	5	做著助{文，∽手}柱驻拄住注蛀铸																																															
suᶹ	1	苏酥梳疏蔬书舒枢输殊																																															
suᶹ	3	暑鼠黍署薯数{又，∽清楚}																																															
suᶹ	5	素诉塑嗉{鸡∽子}庶恕竖数{又，∽字}树漱																																															
tsʰuᶹ	1	粗初																																															
tsʰuᶹ	2	除厨锄储																																															
tsʰuᶹ	3	楚础礎处{相∽}杵拄{∽儿棍，拐杖}																																															
tsʰuᶹ	5	醋助{白，帮∽}处{到∽}																																															
zuᶹ	2	如汝擩{∽进去}																																															
zuᶹ	3	乳																																															
tuᶹ	1	都{∽城}嘟{∽嘴}																																															
tʰuᶹ	2	涂途徒																																															
tuᶹ	3	堵赌肚{猪∽子}																																															
tuᶹ	5	杜肚{又，∽皮}度渡镀																																															
tʰuᶹ	2	徒屠途涂图																																															
tʰuᶹ	3	土吐{∽痰，呕∽}																																															
tʰuᶹ	5	兔																																															
nuᶹ	1	噜{怪∽饭，特色炒饭}□{∽面条，捞面}																																															
nuᶹ	2	奴卢炉芦庐驴																																															
nuᶹ	3	努鲁橹{船∽}虏卤																																															
nuᶹ	5	怒路赂露鹭																																															
kuᶹ	1	姑孤跍{蹲着}																																															
kuᶹ	3	古估牯{∽牛}股鼓□{∽着，强行}																																															
kuᶹ	5	故顾固雇锢																																															
kʰuᶹ	1	箍枯																																															
kʰuᶹ	3	苦																																															
kʰuᶹ	5	库裤																																															
pə	7	不																																															
pʰə	7	朴扑仆瀑{∽布}曝{∽晒}																																															
mə	7	幕目穆牧{∽羊}木																																															
fə	7	忽福佛腹服复缚斛{石∽}																																															
tuᶹə	7	读独犊笃督毒																																															
tʰuᶹə	7	突秃																																															
nuᶹə	7	鹿禄六陆绿																																															
tsuᶹə	7	竹逐嘱烛祝																																															
tsʰuᶹə	7	猝{仓∽}出畜束促																																															
suᶹə	7	术叔熟赎束！属述																																															
kuᶹə	7	谷骨																																															
kʰuᶹə	7	哭窟																																															
və	7	屋物																																															
zuᶹə	7	肉入辱褥																																															
vuᶹ	1	乌呜污巫诬																																															
vuᶹ	2	吴梧吾无																																															
vuᶹ	3	五伍午武□{打，着∽}捂舞鹉																																															
vuᶹ	5	误雾务戊																																															
y	1	淤抈{掰弯}																																															
y	2	于余娱愉																																															
y	3	鱼渔於余愚虞娱迂逾愉																																															
y	5	誉预豫遇寓芋喻裕御																																															
tɕy	1	居车{∽马炮}拘驹俱{∽乐部}																																															
tɕy	3	举																																															
tɕy	5	巨拒距据锯聚句具惧剧																																															
tɕʰy	1	蛆趋区趣驱躯黢{黑~∽}																																															
tɕʰy	2	渠瞿																																															
tɕʰy	3	取娶																																															
tɕʰy	5	去{过∽}																																															
ɕy	1	靴虚嘘{∽花儿，烟花}须鬚需□{怕}																																															
ɕy	2	徐																																															
ɕy	3	许																																															
ɕy	5	序叙緒																																															
ny	3	女																																															
pɑ	1	□｛贴紧，∽锅｝巴粑芭笆叭疤爬｛白，∽上∽下｝																																															
pɑ	2	爸																																															
pɑ	3	□{祖母}把靶																																															
pɑ	5	霸坝院把{把儿，∽∽}罢																																															
pɑ	7	八拔{文，∽头发}																																															
pʰɑ	1	□{软}趴啪{拟声词，噼里∽拉}□{量词，表示多，一∽拉}																																															
pʰɑ	2	爬琵杷耙																																															
pʰɑ	5	怕帕																																															
pʰɑ	7	拔																																															
mɑ	1	妈																																															
mɑ	2	麻痳蟆{蛤∽}																																															
mɑ	3	马玛嘛{语气词，来∽}																																															
mɑ	5	骂																																															
mɑ	7	抹																																															
fɑ	7	法方乏发伐筏罚																																															
tʰɑ	1	他她它																																															
tʰɑ	7	踏獭{水∽}塔遢																																															
tɑ	1	当{白，~门,房屋前的地方}																																															
tɑ	3	打																																															
tɑ	5	大																																															
tɑ	7	达答搭沓{量词，一∽纸}达趴跶{∽着，摔}□{∽~儿，小辫子}																																															
nɑ	1	拉垃啦旯{山∽∽}																																															
nɑ	2	拿																																															
nɑ	3	哪																																															
nɑ	5	那																																															
nɑ	7	纳腊捺辣																																															
tsɑ	1	楂渣奓{张开，~开}																																															
tsɑ	3	□{∽烂，浸}																																															
tsɑ	5	诈榨炸																																															
tsɑ	7	杂眨眨咂扎□{用重物压住}铡																																															
sɑ	1	沙纱杉{∽树}																																															
sɑ	3	洒傻撒{∽种}唢{∽呐}																																															
sɑ	7	杀																																															
tsʰɑ	1	叉杈差嚓{咔∽}蹅{~一脚，踩}																																															
tsʰɑ	2	茶搽查																																															
tsʰɑ	5	茬{∽子}岔																																															
tsʰɑ	7	插擦																																															
kɑ	1	家{白，细∽、外婆}																																															
kɑ	2	□{∽磨，折磨}																																															
kɑ	3	□{~∽，肉}																																															
kɑ	5	嘎{拟声词，鸭子叫声}																																															
kɑ	7	夹{∽手}																																															
kʰɑ	1	旮{∽旯}咔{拟声词，∽嚓}																																															
kʰɑ	2	□{∽过去，跨}																																															
kʰɑ	3	卡																																															
kʰɑ	5	胯{裆部，~∽}																																															
kʰɑ	7	掐																																															
xɑ	1	哈□{翻动，到处∽}下{白，又，一会儿}																																															
xɑ	3	哈{语气词，表征询}傻{∽子}																																															
xɑ	5	下{白，量词}吓{∽倒}																																															
xɑ	7	搳{挠痒}																																															
ŋɑ	1	□{刁难，∽kʰɑ[1]}																																															
ŋɑ	3	哑{∽巴}																																															
ŋɑ	5	砑{∽平}																																															
ɑ	1	阿																																															
ɑ	5	那{白，∽边}																																															
tsuɑ	1	抓																																															
tsuɑ	3	爪□{手指不灵活}																																															
tsuɑ	7	啄□{∽一脚，踢}																																															
tsʰuɑ	7	刷{∽子}																																															
suɑ	3	耍厦{偏∽，前廊后∽}																																															
suɑ	7	刷																																															
zuɑ	2	挼{揉搓}																																															
kuɑ	1	瓜																																															
kuɑ	3	寡剐																																															
kuɑ	5	褂卦																																															
kuɑ	7	刮																																															
kʰuɑ	1	夸																																															
kʰuɑ	3	垮胯{大腿}																																															
kʰuɑ	5	跨																																															
xuɑ	1	花划{又，∽开}																																															
xuɑ	2	华铧划{∽船}																																															
xuɑ	5	话化画																																															
xuɑ	7	滑猾																																															
uɑ	1	挖蛙																																															
uɑ	2	娃																																															
uɑ	3	瓦哇㧚{舀取}																																															
uɑ	7	袜																																															
piɑ	3	瘪{∽嘴巴；踩∽，扁}																																															
pʰiɑ	3	□{软∽∽，软而无力}																																															
miɑ	2	□{鄙视，∽人}																																															
tiɑ	3	嗲{∽声∽气}																																															
tʰiɑ	2	□{∽脚鞋}																																															
tʰiɑ	3	□{薄∽∽}																																															
niɑ	1	黏{∽人}																																															
tɕiɑ	1	家加佳嘉痂傢																																															
tɕiɑ	3	假贾																																															
tɕiɑ	5	架驾嫁价																																															
tɕiɑ	7	甲夹□{好~,吝啬}																																															
tɕʰiɑ	7	恰掐																																															
ɕiɑ	1	虾□{∽人，欺负}																																															
ɕiɑ	2	霞瑕{∽疵}下{白，底∽}																																															
ɕiɑ	5	下																																															
ɕiɑ	7	瞎辖狭峡																																															
iɑ	1	鸦丫桠																																															
iɑ	2	牙芽衙涯																																															
iɑ	3	雅																																															
iɑ	5	亚压{∽力}																																															
iɑ	7	鸭押																																															
po	1	波玻菠																																															
po	5	播																																															
po	7	薄钵拨钹薄博剥驳																																															
pʰo	1	坡																																															
pʰo	2	婆□{∽烦}																																															
pʰo	3	颇																																															
pʰo	5	破剖																																															
pʰo	7	泼																																															
mo	1	摩摸																																															
mo	2	魔磨																																															
mo	3	抹																																															
mo	5	磨{推∽}																																															
mo	7	末沫没{沉∽}莫膜寞																																															
to	1	多																																															
to	3	躲																																															
to	5	舵惰垛{量词，一~柴}																																															
to	7	夺踱铎戳{白}																																															
tʰo	1	拖																																															
tʰo	2	驮驼坨																																															
tʰo	3	妥橢																																															
tʰo	7	脱托																																															
no	1	啰□{哄}																																															
no	2	挪罗锣萝骡螺																																															
no	3	裸																																															
no	5	糯																																															
no	7	乐烙骆洛络落																																															
tso	3	左佐																																															
tso	5	坐座																																															
tso	7	拙昨作酌着桌卓啄琢浊捉镯																																															
tsʰo	1	搓																																															
tsʰo	5	锉错																																															
tsʰo	7	戳																																															
so	1	梭蓑唆趖{∽来∽去，爬}																																															
so	3	锁琐所																																															
so	7	说索缩芍																																															
zo	7	弱若																																															
ŋo	3	我																																															
ŋo	5	饿																																															
ŋo	7	恶{善∽}握																																															
ko	1	哥歌锅戈																																															
ko	3	果裹																																															
ko	5	个过																																															
ko	7	鸽割葛各阁搁{耽∽}郭角{又，嘴∽}																																															
kʰo	1	科																																															
kʰo	3	可颗																																															
kʰo	5	课搁{白，放}																																															
kʰo	7	壳！渴磕																																															
xo	1	喝																																															
xo	2	河何荷和荷禾																																															
xo	3	火伙																																															
xo	5	货贺祸和{∽面}																																															
xo	7	合盒蠚{令人发痒，∽人个喝{吆∽}活鹤豁{∽然}藿{∽香正气水}																																															
o	1	窝莴蜗屙																																															
o	2	鹅俄蛾																																															
o	5	卧饿																																															
o	7	沃																																															
io	7	约钥狱岳乐{音~}																																															
tɕio	7	□{吮吸}爵觉{知∽}脚角{又，一∽钱}																																															
tɕʰio	7	怯雀鹊却□{∽眼睛，揉}																																															
ɕio	7	学																																															
nio	7	略虐疟{∽疾}																																															
ie	7	叶易液页腋益译揖{作∽}一逸乙忆抑																																															
tɕie	7	接劫集辑急级及杰节截疾吉鲫极结脊积揭绩寂击																																															
tɕʰie	7	泣切七妾漆乞戚怯{胆∽}																																															
ɕie	7	协习屑袭吸泄悉熄媳息惜膝歇席夕析锡																																															
nie	7	业立笠猎粒列烈裂孽捏栗力溺历蹑{∽脚走}聂匿逆镊{∽子}																																															
pʰie	7	撇{∽开}匹{一∽布}僻劈																																															
pie	7	别笔逼必憋壁滗{-汤喝}弼{∽马温}毕碧璧																																															
mie	7	蜜灭密																																															
tie	7	的{目∽}滴嫡笛碟叠蝶谍敌狄跌																																															
tʰie	7	铁踢贴帖剔{又，挑∽}																																															
ye	7	阅悦月玉欲浴狱疫越育郁粤域																																															
tɕye	7	绝局剧！菊掘倔厥决橘																																															
tɕʰye	7	缺曲掘屈																																															
ɕye	7	薛血续穴削畜蓄恤戌																																															
pæ̞	7	白百伯柏北																																															
pʰæ̞	7	拍魄迫																																															
mæ̞	7	麦墨脉默																																															
tæ̞	7	得德																																															
tʰæ̞	7	特																																															
næ̞	7	勒肋																																															
kæ̞	7	格隔革																																															
kʰæ̞	7	刻客克																																															
xæ̞	7	黑核嚇{恐∽}																																															
ŋæ̞	7	额																																															
tsæ̞	7	哲辙摘责则窄贼浙折{∽叠}褶{∽子}																																															
tsʰæ̞	7	撤徹拆侧宅测策册																																															
sæ̞	7	舌瑟虱设色塞摄涉涩																																															
zæ̞	7	热																																															
kuæ̞	7	国																																															
kʰuæ̞	7	扩																																															
xuæ̞	7	或获惑																																															
ɚ	2	儿而																																															
ɚ	3	耳尔饵□{搭理}																																															
ɚ	5	二贰																																															
pai	1	跛{∽脚}																																															
pai	3	摆																																															
pai	5	拜败稗																																															
pʰai	2	排牌																																															
pʰai	5	派																																															
mai	1	奶{白，吃∽}																																															
mai	2	埋																																															
mai	3	买																																															
mai	5	卖迈																																															
tai	1	呆																																															
tai	3	歹逮{拉}																																															
tai	5	待怠殆戴带贷代袋																																															
tʰai	1	胎□{∽起来，顶}																																															
tʰai	2	抬台苔才{白}																																															
tʰai	5	太态泰																																															
nai	2	来																																															
nai	3	奶乃																																															
nai	5	耐奈赖癞																																															
tsai	1	栽灾																																															
tsai	3	宰崽																																															
tsai	5	在再载{∽重，满∽}债寨□{∽扣子，缝}																																															
tsʰai	1	猜差{出∽}																																															
tsʰai	2	柴才材财裁豺																																															
tsʰai	3	採彩																																															
tsʰai	5	菜蔡																																															
sai	1	腮鳃筛																																															
sai	2	□{丑}																																															
sai	5	赛晒																																															
kai	1	街该皆																																															
kai	3	解改																																															
kai	5	盖丐界介届械戒钙疥{∽疮}																																															
kʰai	1	开揩																																															
kʰai	3	个{白，一∽}凯楷																																															
kʰai	5	溉概																																															
xai	1	嗨□{打}许{白，副词，很}																																															
xai	2	还孩鞋																																															
xai	3	海蟹□{打呵∽}																																															
xai	5	害																																															
ŋai	1	哀埃																																															
ŋai	2	岩捱挨□{磨蹭}																																															
ŋai	3	矮																																															
ŋai	5	爱艾碍蔼隘																																															
tɕiai	3	解{文}																																															
tɕiai	5	介{文}戒{文}界{文}械{文}																																															
ɕiai	2	谐																																															
ɕiai	5	蟹{文}懈																																															
tsuai	1	栽{白，摔}																																															
tsuai	3	跩□{量词，串}																																															
tsuai	5	拽																																															
tsʰuai	1	揣																																															
tsʰuai	3	喘																																															
tsʰuai	5	踹																																															
suai	1	摔衰																																															
suai	3	甩																																															
suai	5	帅蟀																																															
kuai	1	乖																																															
kuai	3	拐柺																																															
kuai	5	怪																																															
kʰuai	3	块																																															
kʰuai	5	快筷会{∽计}刽																																															
xuai	1	欢{白，∽喜}																																															
xuai	2	怀槐淮																																															
xuai	5	坏																																															
uai	1	歪																																															
uai	3	崴□{∽烂}																																															
uai	5	外																																															
fei	1	飞非妃																																															
fei	2	肥																																															
fei	3	匪翡																																															
fei	5	废肺痱费																																															
pei	1	杯碑卑悲背{∽米}																																															
pei	5	贝鐾{∽刀布}倍辈背																																															
pʰei	1	批披胚坯丕																																															
pʰei	2	赔陪培裴																																															
pʰei	5	沛配佩																																															
mei	1	没																																															
mei	2	梅枚媒煤																																															
mei	3	美每																																															
mei	5	妹昧																																															
tei	1	在{白，∽哪里}																																															
nei	1	□{句末语气词}																																															
tsʰei	1	车口{∽紧，拧}□{转}																																															
tsʰei	3	扯																																															
sei	1	奢赊																																															
sei	2	蛇																																															
sei	3	舍																																															
sei	5	射！																																															
tsei	1	遮正{∽月}																																															
tsei	5	这{文，∽里}																																															
zei	3	惹																																															
kei	1	给																																															
xei	1	嘿{语气词}																																															
tuei	1	堆																																															
tuei	3	怼																																															
tuei	5	队对兑碓																																															
tʰuei	1	推																																															
tʰuei	3	腿																																															
tʰuei	5	退																																															
nuei	1	追																																															
nuei	2	雷																																															
nuei	3	吕屡儡履累{又，∽积}壘																																															
nuei	5	内虑滤泪类																																															
tsuei	1	追锥																																															
tsuei	3	嘴□{老∽∽,上年纪的男性}																																															
tsuei	5	最罪醉赘坠																																															
tsʰuei	1	吹崔催炊																																															
tsʰuei	2	垂锤槌																																															
tsʰuei	5	脆翠粹																																															
suei	1	鬚{白，玉米∽}																																															
suei	2	随髓谁																																															
suei	3	水																																															
suei	5	絮{棉∽}碎岁税睡瑞																																															
zuei	5	芮锐																																															
kuei	1	规龟归闺																																															
kuei	3	鬼诡轨																																															
kuei	5	柜桂贵跪癸																																															
kʰuei	1	盔魁亏窥																																															
kʰuei	2	葵逵																																															
kʰuei	3	跪{白，手∽在桌上，撑}																																															
kʰuei	5	溃愧																																															
xuei	1	恢灰挥辉徽																																															
xuei	2	回茴																																															
xuei	3	悔毁																																															
xuei	5	贿汇晦会绘惠慧讳																																															
uei	1	威煨																																															
uei	2	维惟唯违围为{作∽}																																															
uei	3	桅萎委尾伟苇																																															
uei	5	卫为{~什么}位未味魏畏慰胃谓																																															
paʊ	1	包胞																																															
paʊ	3	保堡宝饱																																															
paʊ	5	报抱爆暴豹菢{∽小鸡}																																															
pʰaʊ	1	抛㯱{脸~,肿}藨{野生毒果}																																															
pʰaʊ	2	袍刨																																															
pʰaʊ	3	跑																																															
pʰaʊ	5	泡{∽在水里}炮																																															
maʊ	1	猫																																															
maʊ	2	毛茅矛□{弟}																																															
maʊ	3	卯																																															
maʊ	5	冒帽貌																																															
tsaʊ	1	糟遭招沼{∽气}朝{∽气}																																															
tsaʊ	2	着{白，∽打，表被动}																																															
tsaʊ	3	早枣蚤澡爪{∽子}找																																															
tsaʊ	5	皂灶罩赵兆召照诏																																															
saʊ	1	骚梢{树∽}烧筲{∽箕}																																															
saʊ	2	韶																																															
saʊ	3	少{多∽}扫{∽地}嫂																																															
saʊ	5	绍扫{又，~帚}潲{猪食}□{花∽}绍少{又，~年}邵□{亮~,光线好}臊{害~}																																															
tsʰaʊ	1	操抄钞超																																															
tsʰaʊ	2	曹槽巢朝潮																																															
tsʰaʊ	3	草炒騲{∽狗}吵																																															
tsʰaʊ	5	燥躁糙□{翻动}造																																															
zaʊ	2	饶																																															
zaʊ	3	扰绕{围∽}																																															
zaʊ	5	绕{又，∽路}																																															
tʰaʊ	1	掏滔																																															
tʰaʊ	2	桃逃淘陶萄																																															
tʰaʊ	3	讨																																															
tʰaʊ	5	套																																															
taʊ	1	刀叨																																															
taʊ	3	倒{摔∽}岛祷着（白）！																																															
taʊ	5	稻到道倒{∽水}																																															
naʊ	1	捞唠□{空∽∽}																																															
naʊ	2	劳牢挠																																															
naʊ	3	老恼脑□{举，∽棒棒}																																															
naʊ	5	闹涝痨																																															
kaʊ	1	高膏羔跤{跌∽子}糕																																															
kaʊ	3	搞稿																																															
kaʊ	5	告滘{∽水，煮过豆腐的水}觉{白，睡∽}叫{白，∽花子}校{白；∽一下，尝试}																																															
kʰaʊ	1	敲																																															
kʰaʊ	3	考烤																																															
kʰaʊ	5	靠犒																																															
xaʊ	1	薅{松，∽土}蒿																																															
xaʊ	2	豪壕毫号{又，∽叫}																																															
xaʊ	3	好{∽坏}																																															
xaʊ	5	浩好{又，喜∽}耗号{∽数}																																															
ŋaʊ	1	熝（即“熬”，∽油）凹																																															
ŋaʊ	2	熬																																															
ŋaʊ	3	咬袄																																															
ŋaʊ	5	傲襖懊奥坳□{∽开，撬}																																															
piaʊ	1	膘标彪猋{飞奔}																																															
piaʊ	3	表婊																																															
pʰiaʊ	1	漂{∽浮}飘																																															
pʰiaʊ	2	瓢嫖																																															
pʰiaʊ	3	瞟熛{用火∽}																																															
pʰiaʊ	5	票漂{∽亮}																																															
miaʊ	1	喵{猫叫声}瞄{∽一眼}																																															
miaʊ	2	苗描																																															
miaʊ	3	秒藐渺																																															
miaʊ	5	妙庙																																															
tiaʊ	1	雕刁貂																																															
tiaʊ	3	屌																																															
tiaʊ	5	调{∽动}掉钓吊																																															
tʰiaʊ	1	挑（∽水）																																															
tʰiaʊ	2	条调（∽料）																																															
tʰiaʊ	3	斢{∽钱，换}																																															
tʰiaʊ	5	跳																																															
niaʊ	2	疗聊撩廖																																															
niaʊ	3	了{∽结}鸟																																															
niaʊ	5	料尿尥廖																																															
tɕiaʊ	1	教交郊胶焦蕉椒骄娇浇																																															
tɕiaʊ	3	绞铰狡搅剿矫缴侥																																															
tɕiaʊ	5	叫教校{∽对}嚼较觉噍{牛倒∽}轿																																															
tɕʰiaʊ	1	悄锹跷																																															
tɕʰiaʊ	2	瞧樵桥荞乔侨																																															
tɕʰiaʊ	3	巧																																															
tɕʰiaʊ	5	窍翘																																															
ɕiaʊ	1	消宵霄硝销嚣□{∽开，推}屑{木∽}萧箫																																															
ɕiaʊ	2	淆																																															
ɕiaʊ	3	小晓																																															
ɕiaʊ	5	笑校效孝																																															
iaʊ	1	腰要{∽求}妖邀幺																																															
iaʊ	2	摇谣窑姚																																															
iaʊ	3	舀杳																																															
iaʊ	5	要耀																																															
fəu	3	否																																															
təu	1	都{∽是}兜逗{白，招惹}蔸{树根}																																															
təu	3	抖{∽音}斗{∽车}陡																																															
təu	5	斗{∽争}豆逗																																															
tʰəu	1	偷																																															
tʰəu	2	头投																																															
tʰəu	3	抖㪗{展开}																																															
tʰəu	5	透□{~衣服，清洗}																																															
nəu	2	楼																																															
nəu	3	搂篓																																															
nəu	5	漏陋																																															
tsəu	1	周舟州洲																																															
tsəu	3	走肘																																															
tsəu	5	奏宙昼皱咒																																															
tsʰəu	1	抽																																															
tsʰəu	2	愁仇筹酬绸囚稠																																															
tsʰəu	3	丑醜																																															
tsʰəu	5	臭凑																																															
səu	1	收搜馊																																															
səu	3	手首守																																															
səu	5	嗽瘦受寿授售兽																																															
zəu	2	柔揉																																															
xəu	1	瘊呴{发∽，哮喘}																																															
xəu	2	侯喉猴																																															
xəu	3	吼																																															
xəu	5	后厚																																															
kiəu	1	勾沟																																															
kiəu	3	狗苟																																															
kiəu	5	够构购勾{∽当}																																															
kʰiəu	1	抠																																															
kʰiəu	3	口																																															
kʰiəu	5	叩扣寇□{∽时，立马}																																															
ŋiəu	1	欧殴																																															
ŋiəu	3	藕纽{白；∽子，扣子}偶呕																																															
ŋiəu	5	怄																																															
tiəu	1	丢																																															
niəu	1	瘤{∽子}溜□{路滑}																																															
niəu	2	刘流留榴{石∽}硫琉																																															
niəu	3	柳纽扭																																															
niəu	5	馏□{∽得，动}																																															
tɕiəu	1	鸠纠灸																																															
tɕiəu	3	酒九久韭□{拧，~干}																																															
tɕiəu	5	就臼舅救究旧柩																																															
tɕʰiəu	1	秋丘{一~田，量词}煪{烟~,熏}																																															
tɕʰiəu	2	球求																																															
ɕiəu	1	修休羞																																															
ɕiəu	2	□{惦记}																																															
ɕiəu	3	朽																																															
ɕiəu	5	秀锈宿{星∽}锈嗅																																															
iəu	1	优忧悠幽																																															
iəu	2	由油游尤犹																																															
iəu	3	有友酉																																															
iəu	5	诱又右佑柚釉幼																																															
pan	1	班斑颁扳般搬																																															
pan	3	板版□{扭动}																																															
pan	5	扮瓣辨伴拌半绊																																															
pʰan	1	攀潘																																															
pʰan	2	盘																																															
pʰan	5	判盼叛绊{∽倒}																																															
man	2	瞒蛮馒																																															
man	3	满																																															
man	5	慢漫幔蔓																																															
fan	1	翻番																																															
fan	2	凡烦繁帆																																															
fan	3	返反																																															
fan	5	饭犯范贩泛																																															
san	1	三山衫搧																																															
san	2	禅{~宗}蝉																																															
san	3	伞闪散陕																																															
san	5	羶善扇膳单{姓}禅{又，~让}																																															
tsan	1	沾簪粘占瞻氈																																															
tsan	3	展斩趱{挪动}攒																																															
tsan	5	暂錾{∽花}站蘸占栈战颤																																															
tsʰan	1	参搀餐																																															
tsʰan	2	馋谗残缠																																															
tsʰan	3	产□{∽耳光，扇}																																															
tsʰan	5	灿忏																																															
zan	2	然燃																																															
zan	3	冉染																																															
tan	1	单耽担{∽任}丹																																															
tan	3	胆																																															
tan	5	蛋但旦淡担{挑∽}弹{子∽}诞																																															
tʰan	1	探贪滩摊坍																																															
tʰan	2	谈谭潭痰檀坛弹{又，∽琴}																																															
tʰan	3	坦毯																																															
tʰan	5	炭叹																																															
nan	2	南难兰蓝篮男栏拦																																															
nan	3	懒揽榄览漤																																															
nan	5	烂滥难{患∽}																																															
kan	1	甘间柑尴干{∽湿}肝竿杆																																															
kan	3	感敢橄秆擀赶																																															
kan	5	干{∽部}																																															
kʰan	1	堪龛勘																																															
kʰan	3	坎砍																																															
kʰan	5	看																																															
ŋan	1	安淹庵桉鞍鹌																																															
ŋan	2	谙{想}严{把门关∽}																																															
ŋan	5	按岸暗案																																															
xan	1	憨酣鼾{∽声}																																															
xan	2	韩含函咸{白}寒衔{∽东西}																																															
xan	3	喊																																															
xan	5	憾撼旱罕汉汗焊																																															
tuan	1	端																																															
tuan	3	短																																															
tuan	5	段锻缎断																																															
tʰuan	2	团																																															
nuan	3	暖卵																																															
nuan	5	乱																																															
kuan	1	官棺观关																																															
kuan	2	□（自己）																																															
kuan	3	馆管																																															
kuan	5	贯惯灌罐冠{∽军}																																															
kʰuan	1	宽																																															
kʰuan	3	款□{∽倒，碰}																																															
xuan	1	欢																																															
xuan	2	桓还{∽原}环																																															
xuan	3	缓																																															
xuan	5	换患唤焕幻宦																																															
tsuan	1	专砖																																															
tsuan	3	转{∽眼}																																															
tsuan	5	转{∽圆圈}传{~记}赚纂{编∽}鑽{木工用具}撰钻																																															
tsʰuan	1	川穿																																															
tsʰuan	2	船传																																															
tsʰuan	3	铲																																															
tsʰuan	5	串篡竄																																															
suan	1	酸删拴闩栅{∽栏}																																															
suan	5	算蒜疝{∽气}																																															
zuan	3	软阮																																															
uan	1	弯湾豌																																															
uan	2	玩完顽																																															
uan	3	晚挽碗皖腕																																															
uan	5	万																																															
paŋ	1	帮邦																																															
paŋ	3	榜□{嘱咐，∽咐}																																															
paŋ	5	棒谤傍																																															
pʰaŋ	2	旁螃滂庞																																															
pʰaŋ	3	鹘{猪蹄∽}掽{碰，头着∽}																																															
pʰaŋ	5	胖																																															
maŋ	1	□{喂，∽饭}䏵																																															
maŋ	2	忙芒茫肓																																															
maŋ	3	莽蟒																																															
faŋ	1	方芳																																															
faŋ	2	肪妨房防访																																															
faŋ	3	仿纺																																															
faŋ	5	放																																															
taŋ	1	当铛																																															
taŋ	2	□{头昏，脑壳∽}																																															
taŋ	3	党挡□{∽钱，还}																																															
taŋ	5	凼荡																																															
tʰaŋ	1	汤																																															
tʰaŋ	2	唐塘糖堂棠螳																																															
tʰaŋ	3	躺倘																																															
tʰaŋ	5	烫趟																																															
naŋ	2	囊郎廊狼																																															
naŋ	3	朗□{合音，哪样}盪{洗，∽干净}																																															
naŋ	5	浪㫰{晾晒}																																															
tsaŋ	1	张脏章樟□{搭理}																																															
tsaŋ	3	长（生∽）涨掌																																															
tsaŋ	5	葬丈仗杖藏{西∽}账帐胀障瘴																																															
tsʰaŋ	1	昌仓窗苍																																															
tsʰaŋ	2	长{∽短}场肠藏																																															
tsʰaŋ	3	厂敞																																															
tsʰaŋ	5	畅唱倡{提∽}																																															
saŋ	1	伤商桑丧																																															
saŋ	2	常尝偿裳																																															
saŋ	3	嗓赏磉{柱下石}																																															
saŋ	5	上尚丧{∽失}																																															
zaŋ	2	□{没精神的样子}																																															
zaŋ	3	壤攘																																															
zaŋ	5	让																																															
kaŋ	1	冈刚岗纲钢缸豇{∽豆}																																															
kaŋ	3	港																																															
kaŋ	5	杠虹{白}																																															
kʰaŋ	1	康糠																																															
kʰaŋ	2	扛□{驼背}																																															
kʰaŋ	3	㝩{盖}																																															
kʰaŋ	5	抗																																															
xaŋ	1	夯																																															
xaŋ	2	行杭航□{∽实：能干}																																															
xaŋ	5	项巷																																															
ŋaŋ	1	肮咉{响}																																															
ŋaŋ	2	昂																																															
kuaŋ	1	光□{吹牛，吹~儿}																																															
kuaŋ	3	广																																															
kuaŋ	5	逛桄{一∽线}																																															
kʰuaŋ	1	匡框眶{眼∽}																																															
kʰuaŋ	2	狂																																															
kʰuaŋ	5	况矿旷																																															
xuaŋ	1	荒																																															
xuaŋ	2	黄皇簧蝗																																															
xuaŋ	3	谎																																															
xuaŋ	5	晃																																															
tsuaŋ	1	庄装																																															
tsuaŋ	3	奘{凑齐}																																															
tsuaŋ	5	壮状																																															
tsʰuaŋ	1	疮																																															
tsʰuaŋ	2	床																																															
tsʰuaŋ	3	闯																																															
tsʰuaŋ	5	创																																															
suaŋ	1	双霜																																															
suaŋ	3	爽																																															
uaŋ	1	汪																																															
uaŋ	2	王亡																																															
uaŋ	3	网枉往																																															
uaŋ	5	望忘衁{血∽}妄旺																																															
niaŋ	1	孃{对女性长辈的称呼}娘{姑∽}																																															
niaŋ	2	娘良凉量{∽长短}粱																																															
niaŋ	3	仰两辆																																															
niaŋ	5	量{数∽}亮谅																																															
tɕiaŋ	1	疆僵姜缰{∽绳}将{又，∽来}江																																															
tɕiaŋ	3	讲奖蒋桨																																															
tɕiaŋ	5	匠浆犟强{又，倔∽}酱将{大∽}降{下∽}																																															
tɕʰiaŋ	1	枪羌腔																																															
tɕʰiaŋ	2	墙强																																															
tɕʰiaŋ	3	抢																																															
tɕʰiaŋ	5	像呛																																															
ɕiaŋ	1	箱乡香湘相{互∽}镶																																															
ɕiaŋ	2	祥详降{投∽}																																															
ɕiaŋ	3	想享响																																															
ɕiaŋ	5	向像{肖∽}萫{∽科：佐料}象相{∽貌}橡																																															
iaŋ	1	央秧殃																																															
iaŋ	2	阳杨扬洋羊																																															
iaŋ	3	养痒																																															
iaŋ	5	样																																															
pən	1	□{围嘴，∽∽儿}锛{∽锄}																																															
pən	3	本																																															
pən	5	笨拌{白，~饭}奔{跑}																																															
pʰən	1	凴{倚靠，∽着门}																																															
pʰən	2	盆彭																																															
mən	1	闷																																															
mən	2	瞒门																																															
mən	5	焖闷{又，沉}																																															
fən	1	芬纷分																																															
fən	2	焚坟																																															
fən	3	粉																																															
fən	5	粪愤喷{∽雾器}忿奋份																																															
kən	1	根跟庚羹更{又，五∽}耕																																															
kən	3	埂粳耿□{完整，∽钱}																																															
kən	5	更{∽加}□{凸起的条纹，∽∽}																																															
kʰən	1	坑吭																																															
kʰən	3	肯垦恳																																															
ŋən	1	恩樱																																															
ŋən	3	□{因不平而硌脚的感受，一期}																																															
ŋən	5	硬																																															
xən	1	哼																																															
xən	2	痕衡恒																																															
xən	3	很狠																																															
xən	5	恨																																															
tən	1	敦灯登墩{石∽}蹬																																															
tən	3	等																																															
tən	5	饨{混∽}屯邓凳顿钝澄盾{矛∽}囤{瞪，∽眼}□{放置，∽好}																																															
tʰən	1	吞																																															
tʰən	2	藤腾囤{白，∽东西}臀疼謄																																															
tʰən	5	□{巅簸，∽来∽去}																																															
nən	1	捻{搓，用手∽}																																															
nən	2	能仑睖{瞪∽眼睛}轮论{∽语}伦沦棱楞																																															
nən	3	冷																																															
nən	5	嫩论{议∽}																																															
tsən	1	针斟正{又，∽月，一月}珍真尊蹲遵增僧憎曾{姓}蒸争筝睁{文}贞侦征																																															
tsən	3	拯整枕																																															
tsən	5	阵镇衬震甑{厨房用具，∽子}赠证症郑正{~直}政																																															
tsʰən	1	撑称村睁{白，∽开眼睛}抻{∽手}呻{∽唤}																																															
tsʰən	2	成城诚陈尘沉层存曾澄乘承丞橙呈程																																															
tsʰən	3	逞{∽能}□{压，用力∽}																																															
tsʰən	5	趁蹭撑{白，∽起来}秤称{相∽}																																															
sən	1	身声升深生森参{人∽}绅孙伸牲笙甥																																															
sən	2	神晨辰																																															
sən	3	笋沈审婶榫{头}																																															
sən	5	剩盛甚圣胜葚肾胜																																															
zən	1	扔																																															
zən	2	人仁仍																																															
zən	3	忍刃																																															
zən	5	认任{责∽}壬																																															
tsuən	1	尊{文}遵{文}																																															
tsuən	3	准																																															
tsʰuən	1	村春椿{香∽}																																															
tsʰuən	3	蠢																																															
tsʰuən	5	寸																																															
suən	1	孙{文，∽悟空}																																															
suən	2	绳纯唇醇豚																																															
suən	3	损省{∽钱}																																															
suən	5	顺舜																																															
zuən	5	孕润闰																																															
kuən	3	滚																																															
kuən	5	棍																																															
kʰuən	1	昆坤																																															
kʰuən	2	浑{白读，完整，∽蛋}																																															
kʰuən	3	捆																																															
kʰuən	5	困																																															
xuən	1	昏婚浑{∽浊}																																															
xuən	2	魂横馄																																															
xuən	5	混																																															
uən	1	温瘟																																															
uən	2	文蚊闻纹																																															
uən	3	稳吻刎																																															
uən	5	问																																															
in	1	因烟炎英姻音焉淹{文，∽没}阴腌燕荫殷蝇																																															
in	2	银言赢迎淫延盐																																															
in	3	影眼隐颖演饮掩																																															
in	5	应印燕映艳焰厌																																															
pin	1	边蝙{∽蝠}彬鞭编冰兵宾槟																																															
pin	3	丙扁匾饼秉柄																																															
pin	5	病变殡便鬓辫遍{一∽}辨辩并																																															
pʰin	1	偏拼篇																																															
pʰin	2	凭平坪评频贫瓶屏便																																															
pʰin	3	品																																															
pʰin	5	骗聘遍{∽地}																																															
min	2	民明鸣棉铭眠绵名																																															
min	3	免勉缅闽娩悯敏抿皿																																															
min	5	命面																																															
tin	1	癫丁盯钉																																															
tin	3	顶点典鼎																																															
tin	5	定订电店殿垫奠																																															
tʰin	1	天听{文，∽力}添																																															
tʰin	2	亭停田填甜																																															
tʰin	3	艇舔																																															
tʰin	5	听{∽话}																																															
nin	1	研																																															
nin	2	邻铃玲莲凝怜联林淋灵临宁零年连严廉镰鳞凌陵																																															
nin	3	碾敛脸领岭																																															
nin	5	吝验赁练念令凝{∽冰子}另殓																																															
tɕin	1	津今煎肩坚兼金京尖巾晶精监睛荆惊鲸斤经筋																																															
tɕin	3	井景境紧剪锦警谨																																															
tɕin	5	进箭见贱件竞践敬竟渐禁径镜近劲{∽头}晋静																																															
tɕʰin	1	千亲青清轻签牵迁钦蜻谦																																															
tɕʰin	2	秦前乾钱琴禽钱钳情潜晴勤芹																																															
tɕʰin	3	请浅寝																																															
tɕʰin	5	庆歉亲{∽家}欠浸{∽湿}																																															
ɕin	1	心星新先仙辛馨腥欣兴{∽望}																																															
ɕin	2	行咸贤型形刑衔嫌																																															
ɕin	3	醒险显																																															
ɕin	5	信现线幸性姓限县陷羡杏兴{高∽}																																															
yn	1	冤渊晕																																															
yn	2	圆云原源员荣营元园缘援沿铅袁辕匀芸																																															
yn	3	永远允																																															
yn	5	运愿院怨□{绕，∽一圈}熨韵																																															
tɕyn	1	军均君捐钧																																															
tɕyn	3	捲卷																																															
tɕyn	5	俊菌郡眷倦绢圈{又，猪∽}																																															
ɕyn	1	鲜宣喧熏薰勋																																															
ɕyn	2	寻旋悬眩荀旬□{馊，饭∽了}巡循																																															
ɕyn	3	选藓																																															
ɕyn	5	迅旋{∽吃∽做，一说“现”}逊迅殉训																																															
tɕʰyn	1	倾圈{圆∽}																																															
tɕʰyn	2	群全泉权拳颧裙																																															
tɕʰyn	3	顷																																															
tɕʰyn	5	劝																																															
poŋ	5	迸{∽裂}																																															
pʰoŋ	1	䭰{香∽∽，或作“喷”}																																															
pʰoŋ	2	朋蓬篷棚																																															
pʰoŋ	3	捧																																															
pʰoŋ	5	碰																																															
moŋ	1	懵{又，脑壳∽}																																															
moŋ	2	荫盟蒙																																															
moŋ	3	猛亩某懵{又，∽懂}																																															
moŋ	5	梦孟贸茂																																															
foŋ	1	风疯枫丰封锋蜂峰																																															
foŋ	2	冯逢缝{∽衣服}																																															
foŋ	3	讽																																															
foŋ	5	凤奉俸缝{一条∽}																																															
toŋ	1	东冬																																															
toŋ	2	□{怂恿}																																															
toŋ	3	董懂																																															
toŋ	5	动冻洞栋																																															
tʰoŋ	1	通																																															
tʰoŋ	2	同铜童																																															
tʰoŋ	3	桶统																																															
tʰoŋ	5	痛																																															
noŋ	1	聋																																															
noŋ	2	农龙笼脓侬浓隆																																															
noŋ	3	拢																																															
noŋ	5	弄																																															
tsoŋ	1	中忠终钟踪																																															
tsoŋ	3	总																																															
tsoŋ	5	众																																															
tsʰoŋ	1	充葱冲聪																																															
tsʰoŋ	2	从丛虫																																															
tsʰoŋ	3	宠																																															
soŋ	1	嵩																																															
soŋ	2	松																																															
soŋ	3	怂{∽恿}																																															
soŋ	5	送宋诵颂讼																																															
zoŋ	2	茸绒□{碎}																																															
koŋ	1	弓躬宫恭供{∽不起}公蚣工功攻																																															
koŋ	3	拱巩																																															
koŋ	5	共贡拱{白，钻}																																															
kʰoŋ	1	空{∽虚}																																															
kʰoŋ	3	孔恐□{闷，∽饭}																																															
kʰoŋ	5	空{∽缺}控																																															
xoŋ	1	轰烘																																															
xoŋ	2	红洪鸿虹宏弘																																															
xoŋ	3	哄																																															
oŋ	1	翁甕																																															
oŋ	5	齆{鼻塞，∽鼻子}甕																																															
tɕioŋ	1	躬{白，烘背，或作“弓”}龚供{白，养}																																															
tɕʰioŋ	2	穷																																															
ɕioŋ	1	凶兄胸																																															
ɕioŋ	2	熊雄																																															
ioŋ	1	雍痈																																															
ioŋ	2	容蓉荣融溶榕庸戎																																															
ioŋ	3	捅勇涌																																															
ioŋ	5	用																																															
