#i	
p	[1]碑卑秘{～书}陛□{老～：麻雀}[2]脾俾婢[3]比□{肉}[6a]箅{有间隙且起间隔作用的竹制蒸架}
pʰ	[1]披丕屁被{睡觉时盖在身上的衣物}悲[2]疲琵皮彼[3]髀[6a]鼻{嗅觉器官；闻义}篦{梳发用具}匪榧□{□liou21～：笊篱}
m	[2]迷糜弥靡眉楣媚维惟遗唯微[3]□{哪～：哪儿}[6a]谜美耳{木～：木耳}
t	[1]知{～识}置[2]迟雉{～鸡}
tʰ	[1]□{撕}[2]堤提持苔{青～：青苔}[3]□{欢～：喜欢}[6a]地耻
n	[1]饵
l	[2]荠{□mai55～：荸荠}[3]梨狸李{姓氏}[6a]利{～益}里理
ɬ	[1]尸诗丝司{公～}四[2]时匙{锁～}[3]死[6a]寺
ts	[1]之□{鸡～：鸡窝（木质的）}[3]纸指趾姊[6a]旨止址矢自□{量词，线或木材绑在一起的一捆称为“一～”}籽子
tsʰ	[1]试{～一～}鳍[6a]脐字匙{铲子勺子一类的器具}
s	[1]是[3]屎屎{肚～：肚子}
k	[1]机肌基幾{表示接近某种情况；～个}期记寄技[2]奇{～怪}祁其棋旗祈葵[3]既[6a]几{茶～}纪杞己
kʰ	[1]徛{站立}欹{倚靠}崎{陡峭}嗤欺[2]骑□{～碗：锔碗}□{水～：水蛭}蜞{水～：水蛭}[3]起{～来}[5]器弃气{运～}汽柿[6a]齿岂
x	[1]牺嬉熙希稀非妃飞{～机}[3]起{件，次}喜[6a]玺徙
ŋ	[1]你[2]仪疑[3]蚁耳[6a]二贰
∅	[1]医衣依伊意[2]儿尔夷而饴[6a]姨已以味{～素}
#u	
p	[1]布富夫{丈～}晡[2]□{□ta21～：昨天}[3]补[6a]腐
pʰ	[1]铺{～设；店～}[2]浮烰{炸}[3]殕{食上长白毛}□{凸}[6a]步
m	[2]磨{～刀}[3]某牡拇[6a]亩
f	[1]箍呼乎戽{～斗}互夫{工～}肤敷俘裤灰{薰～：烟灰}[2]胡狐符扶芙辅壶[3]火{～灰}虎府腑俯苦{只表味道，不表心理感受}[5]付赋副[6a]浒护抚傅芋斛{石～}[6b]附负妇{～女}
t	[1]都{～城}都{～是}[2]徒途涂图[3]赌肚{人或动物的腹部；作食品的动物的胃}[6a]堵渡
tʰ	[6a]土
n	[2]奴[6a]努糯
l	[1]露{落～：下雾}[2]卢炉芦鸬庐鹭[3]卤[6a]路鲁橹虏裸
ɬ	[1]苏酥须{嘴～}数{名词}□{□fuŋ55～：嘱咐}[2]伺[3]数{动词}[6a]所事{有～无～}侍□{清～：清楚}
ts	[1]租[3]祖[6a]组阻
tsʰ	[1]粗醋[6a]楚础{柱下石}
k	[1]过孤枯句姑{慈～}[3]裹古牯鼓姑{阿～}□{□paʔ5□laʔ3～：蝌蚪}[6a]姑{小～}估盬{茶～}股
kʰ	[3]苦{只表心理感受，不表味道}
ŋ	[2]吴吾[6a]伍午
∅	[1]乌污坞巫诬[2]湖[3]武[5]恶{可～}[6a]舞侮□{还，再}[6b]务
#y	
t	[2]除
tʰ	[1]诛株
l	[6a]吕旅汝滤履铝
ɬ	[1]须{必～}需斯私师司{～法}思[2]徐殊辞词祠嗣饲[6a]暑{中～}署史始
ts	[1]猪储诸资姿咨□{火～：烙铁}[2]瓷兹滋慈磁[3]煮主{～人}□{翡翠}[6a]驻住梓
tsʰ	[1]舒[2]锄{名词}[5]处{相～}处{好～}[6a]苎{～麻}箸{筷子}取此
s	[1]书去{来～}[2]薯[3]水鼠暑{大～：节气}[6a]树
k	[1]居佢{他}锯拘箕饥{饿}饥{庄稼收成不好}[2]渠瞿[3]驹[5]巨拒距[6a]举矩
kʰ	[1]趋区驱
x	[1]墟虚嘘去{来～}[6a]许
ŋ	[3]女[6a]鱼渔语愚虞娱禹遇寓
∅	[1]欲[2]如余{我}余{剩}儒于盂愉[3]雨[6a]宇羽
#a	
p	[1]巴芭疤爸□{□lie21～：勤快}[3]把{～握}[5]霸坝[6b]罢
pʰ	[3]怕[5]帕
m	[2]蟆{虾～}[6a]码
t	[1]□{□mai21～：梦魇义，梦中被鬼压住。}[6a]□{～□pu331：昨天}□{量词：一打}
tʰ	[1]他
n	[2]□{一拃（大拇指与中指张开的长度）}[6a]拿倷{只}
l	[1]拉
ɬ	[1]沙{蚕～：中药名}
ts	[1]楂{山～，原文作“查”}查{调～}渣[2]炸{烹调方法，把食物放在沸油里使熟}□{麻～：不干净}[5]炸{～弹}榨{把物体中的汁液挤压出来}
tsʰ	[1]叉
s	[6a]洒{潇～}
k	[1]加嘉家佳胶{能黏合器物的物质}[5]贾{姓氏}假{放～}架{书～}驾稼
kʰ	[1]骹{脚}□{太：表程度高}
x	[2]虾{～蟆}[6a]下{～降}[6b]夏{姓氏}厦{～门；大～}
ŋ	[2]涯[3]桠{树～}哑[6a]雅
∅	[1]阿{～哥}鸦{～片}丫[6a]亚
#ia	
t	[1]爹
n	[3]惹
ɬ	[1]赊佘[2]邪斜麝[3]写[5]泻卸赦舍{宿～}[6a]捨{放弃}[6b]社射
ts	[1]遮蔗□{老～：老太婆}[6a]姐者早
tsʰ	[1]车奢[3]扯[6a]且谢
s	[1]畲{做～：种地}[2]蛇
k	[1]□{八～：八哥}[2]□{枷锁}
kʰ	[2]□{拿}
ŋ	[3]□{母亲，用于母亲去世哭灵时}
∅	[1]耶[2]爷[3]也□{盖瓦}□{挠}□{手里紧攥东西的}动作□{量词：一把}[6a]野夜
#ua	
ts	[1]抓
k	[1]瓜{～藤}[5]卦褂挂{量词}[6a]寡
kʰ	[1]夸[5]垮跨
x	[1]花[2]华{中～；～山}[5]化
∅	[3]□{树～：树桠}[6a]画{动词；名词}话
#e	
p	[1]背{用肩背把东西驮着}[2]排{军队的编制单位}
t	[1]低知{听～}[2]题蹄[6a]抵第底{到～}弟{徒～}[6b]递
tʰ	[3]替屉[6a]体
n	[1]□{□uoŋ33～：蜻蜓}[2]泥{有水分的黏土}尼[3]奶{母亲}[6a]奶{姑～～}□{粘}
l	[2]黎璃[6a]礼[6b]励丽隶
ɬ	[1]西犀
ts	[1]斋[2]齐[5]济剂
tsʰ	[1]妻栖差{出～}
k	[1]阶[5]疥
kʰ	[1]溪{多在地名中使用，如：日溪}□{对～：对襟儿}
x	[3]蝎[6a]盻{斜眼看}
ŋ	[2]倪[3]桠{树～}
∅	[2]□{等待}
#ie	
p	[5]䟛{跑}[6a]臂[6b]蔽敝闭避
pʰ	[1]批稗秕{～谷}
t	[2]池驰
tʰ	[2]啼[5]□{漤～：围嘴}
l	[2]篱厘[6b]例离
ɬ	[1]施[2]匙{汤～}[5]世{～界}势□{泥～：抹子}[6b]誓逝豉{豆～}
ts	[1]支枝肢栀脂芝[5]祭际制炙[6a]紫
tsʰ	[1]刺翅[6a]侈[6b]笡{斜}
s	[1]肺戏世{一～}[5]废费[6a]事{事}[6b]繫{联～}惠慧羡
k	[1]鸡季{一年四～}繫{～鞋带}圭闺奎规窥芥街□{吓～：恐怕}[2]岐[5]计继桂季{月～花}[6a]髻
kʰ	[1]稽契[6a]启企
ŋ	[2]宜[6a]艺{学～}谊[6b]义议毅艺{～术}
∅	[2]移[3]椅[5]翳{眼球上所生障蔽视线的膜}
#ø	
l	[1]□{从上面滑下来}鑢{锉}□{敆舌～：结巴}[2]骡驴□{痰}
ɬ	[1]梳疏[3]□{织布用的梭子}[6a]黍
ts	[6a]助
tsʰ	[1]初[5]擦□{錾子}
#ɔ	
p	[1]玻[2]婆{公～}杷袍[3]把{量词}[5]报[6a]保{～护}堡宝[6b]暴爆曝瀑
pʰ	[1]波菠颇坡破{～竹}[2]爬钯耙[5]破{～坏}[6a]婆{大～：丈母娘}
m	[1]馍马骂[2]摩[3]痲[6a]魔磨{～面}磨{石～}模{～范}母[6b]冒
t	[1]多[2]驼驮{动词}舵躲{～水：躲雨}逃淘陶萄涛[3]□{□ŋi21～：下面}[5]到[6a]倒{颠～}驮{名词}祷岛[6b]惰道盗导□{□teiŋ21～：结实}
tʰ	[1]拖䖳{水母}滔[5]套
n	[2]挪[6a]脑恼
l	[1]啰□{讨}□{手～：手套}[2]罗锣螺劳牢涝痨[3]□{倒～：躺下}[6a]箩
ɬ	[1]纱[3]锁琐[6a]沙{～地}
ts	[1]做[2]遭槽巢[5]造[6a]左佐早枣痤[6b]矬座皂
tsʰ	[1]搓坐差{～不多}差{参～}糙{～米}[2]茶[5]措错曹澡躁糙{粗～}
s	[1]梭嗦莎
k	[1]哥歌{通俗歌曲}家瓜{菜～}挂{～瓶}膏羔糕膏架{搭～}嫁胶{鱼～}□{粽子}价[3]假{形容词，跟“真”相对}[5]个{～体}告{报～}[6a]搞稿{草～}歌{山客歌}家{自～：自己}
kʰ	[1]棵[3]烤[5]靠[6a]可考烤{烧～}
x	[1]有{有}[2]何荷{～花}荷{薄～}霞豪壕毫[3]虾{鱼～}[5]好{爱～}耗[6a]下{底～}夏{春～}□{画～：画押}[6b]贺号{呼～}号{～数}浩
ŋ	[2]鹅俄牙衙熬[3]瓦鏊{烙饼用具}□{蚕～：蚕蛹}[5]蛾讹[6a]饿芽[6b]傲
∅	[1]阿{～胶}鸦{鸟类}[2]河洼□{菜～：菜畦}[3]袄坳{山～}[5]奥沃
#uo	
p	[2]蒲菩{朵}[6a]捕[6b]部簿
pʰ	[1]麸{麦～}[6a]谱普浦甫斧脯{胸部}脯{干燥脱水的瓜果}
m	[1]摸[2]模{～子}摹雾[6a]墓[6b]暮慕募
f	[2]和{～气}和{～面}[5]货[6a]伙火{上～}[6b]祸
t	[2]屠
tʰ	[6a]妥
ɬ	[1]输{跟“赢”相对}
ts	[1]朱蛛珠[5]注铸[6a]主{～席}
tsʰ	[1]跦{转，旋转}[2]锄{动词}杵
k	[1]锅[5]过[6a]果
kʰ	[1]戈科靴[5]课
ŋ	[6a]卧[6b]误悟
∅	[1]窝[2]禾[3]□{叫}
#yo	
t	[2]厨
kʰ	[1]□{蜈蚣}[2]瘸[3]茄[6a]□{□lau33～：蜘蛛}□{□tʰɔʔ5～：子宫脱垂}
∅	[6a]乳[6b]锐悦阅
#iu	
pʰ	[1]妇{新～}[6a]伏{～卵}匏{金～：南瓜}
t	[2]绸[6b]宙
tʰ	[1]抽{～纸，～签}[2]挑筹[6a]丑{地支}
n	[3]□{～菜：择菜}[6a]纽扭
l	[1]流溜{～冰}[2]留榴硫琉[3]绺[6a]柳[6b]溜{灵活}□{在锅里翻煮}
ɬ	[1]修收[2]游仇酬售[5]秀绣锈兽[6a]首守[6b]受袖寿授
ts	[1]蛀周舟州洲鸠昼咒□{□ui55～：腼腆}[3]酒[6a]就
tsʰ	[1]臭{跟“香”相对}[2]橱{猪～：猪圈}
s	[1]羞休[3]手[5]嗅
k	[1]矫纠灸{动词}[2]乔侨荞求球[3]九久韭[5]咎救究[6a]狡灸{针～}饺
kʰ	[1]□{钝}[6a]舅旧
ŋ	[2]尧□{□touŋ33□ŋi55～：天牛}[3]□{扭}
∅	[1]忧优幽悠[2]尤邮由油犹釉[3]□{□pʰu55～：蝙蝠}[5]幼[6a]有友酉□{□ie33～：蜗牛}[6b]右佑又
#ai	
p	[1]拜□{刀～：菜刀}[6a]败{毁坏，破坏}[6b]败{跟“胜”相对}
pʰ	[1]拍{球～}批{信件}[2]排{量词：一～；动词：摆}牌簰{筏}
m	[2]埋[3]米[6a]买
t	[1]呆{发愣}帝[2]臺{天～}台{～州}[3]底{物体的下层或下面}[5]带{海～}[6a]大{～学}待{担～}事{事情}[6b]待{招～}贷代大{～夫；～黄}
tʰ	[1]胎苔梯剃弟{兄～}[2]□{鸡～：鸡叫}[3]态睇{看}[5]太泰[6a]弟{亲族中年纪较小的男子}
n	[2]泥{土地，无水分的菜园}[6a]乃[6b]耐奈{无～}
l	[2]犁雷{～公}□{米～：米仓}[6b]癞赖{无～}奈{～果：一种水果}
ɬ	[1]晒细婿狮[3]洗
ts	[1]灾栽{动词}债[2]才材财[5]载{～重；满～}[6a]宰{～相}[6b]再在{现～}寨
tsʰ	[1]猜钗差{出～}拆{～开}[2]豺柴[3]采[5]蔡[6a]彩睬
k	[1]该皆[3]改{～正}介界[5]概溉丐届盖{动词}[6a]改{修～}
kʰ	[1]开{～水；～关}[5]慨[6a]凯揩楷
x	[1]解{常俗写作“会”}[2]孩鞋颏[3]蟹[6a]害[6b]亥械
ŋ	[2]呆{坏}[6b]碍
∅	[1]哀埃[3]矮[5]爱{喜欢}
#iai	
ŋ	[1]艾
#uai	
p	[1]簸
pʰ	[5]派
m	[2]麻{～苎}
t	[6a]舵{船桨}
k	[1]个{量词}乖怪{动词：责备}[5]怪{形容词：奇～}[6a]拐
kʰ	[5]块快
x	[2]怀槐淮[6b]坏
ŋ	[1]我
∅	[1]歪
#ei	
p	[5]弊毙泌庇痹秘{神～}[6b]币备
m	[6b]□{吓无～：害羞}
t	[5]滞智致稚[6b]痔治
n	[6b]腻
l	[5]利{胜～}[6b]厉痢吏
ɬ	[5]试{考～}[6b]氏示视饰
ts	[5]至志痣
tsʰ	[6b]市□{哈～：打喷嚏}
k	[1]□{老□puʔ3～：青蛙}[6b]妓冀忌
kʰ	[5]计{伙～：伙计}气{天～}
∅	[5]肄{～业}忆亿[6b]易{难～；交～}异翼未{天干地支}味{气～}
#iei	
s	[1]快{早}
k	[1]街
∅	[6a]□{～种：撒种子}
#uei	
p	[1]杯陂{水～：水渠}[2]培陪赔裴[5]贝辈背{名词：后～}痱[6a]背{动词：～书}焙[6b]倍
pʰ	[1]胚坯[5]沛配佩
m	[1]妹[2]梅枚媒煤糜{粥}霉
f	[1]开{～门}恢灰[2]回茴[3]海[5]悔晦[6a]贿火{洋～}[6b]汇{～款}彙{～集，词～}绘
t	[6b]队坠
ɬ	[5]赛税
tsʰ	[2]材{□ku55～：棺材}[5]脆
k	[1]盖{名词}
kʰ	[5]溃
ŋ	[6b]外
∅	[1]秽[3]喂{打电话时打招呼}[6b]喂{叹词}
#ɔi	
t	[1]戴带{鞋～}碓对{～歌}[3]□{一～：一起}[5]对{量词：一～}[6a]堆□{投掷}[6b]兑
tʰ	[1]筛{动词；名词}推退褪蜕{～皮}[3]袋{肚～：口袋}[5]蜕{蝉～}[6a]大{～细：大小}袋{～子}腿
n	[2]□{搓手指的动作}[3]内{车～}[6b]内{之～}
l	[2]脶{手指文}来雷{姓氏}[6a]赖{～账}
ɬ	[1]腮鳃岁衰[3]使驶[5]帅率{～领}
ts	[1]最栽{名词：树～：树苗}[2]裁[3]仔{小称后缀}[6a]载{年～}在{居于}罪
tsʰ	[1]催崔菜[5]碎
∅	[1]爱{～去无去}
#ui	
p	[1]飞{～鸟}[2]肥
pʰ	[6a]吠
m	[1]尾[3]每[6a]未{没有}
f	[1]麾挥辉徽[6a]毁
t	[1]追[3]□{□kuʔ5～：秋千}[6a]拽
tʰ	[2]槌锤
l	[3]□{□kuʔ5～：刨花}[6a]累{积～；极困}儡蕊垒泪[6b]累{连～}类
ɬ	[1]蓑虽绥[2]垂隋随[5]穗[6b]瑞遂隧
ts	[1]锥醉嘴[5]缀赘
tsʰ	[1]摧吹炊[5]翠
k	[1]龟归贵[3]诡鬼[5]癸[6a]跪轨柜
kʰ	[1]盔魁亏[3]傀{～儡}
ŋ	[2]危
∅	[1]煨威[2]桅伪违围[5]慰[6a]委位伟苇纬[6b]卫为{由于}胃谓
#au	
p	[1]包鲍{姓氏；～鱼}豹[2]胞[3]饱
pʰ	[1]抛刨泡{动词}[5]炮[6b]雹
m	[2]茅锚矛[6a]卯[6b]貌
t	[1]钓吊兜[2]投[3]鸟□{量词：趟}[5]罩{名词：口～}[6a]调斗{边～}[6b]豆{麦～}
tʰ	[1]□{火～：火铲}[2]条{量词}[3]桃[5]透
n	[1]挠□{在衣服上打褶子}[6a]闹尿
l	[2]刘竂{房子}□{量词：一趟}[6a]扰绕聊[6b]漏
ɬ	[1]笑潲{猪食}[3]小{跟“大”相对}少{～年}[5]嗽
ts	[1]糟{形容词，情况不好}燥[2]剿
tsʰ	[1]操抄钞[3]炒吵
s	[5]稍
k	[1]交郊蛟教{～书；～育}勾{～住}沟钩{鱼～}够[3]绞搅[5]较[6a]厚垢
kʰ	[1]抠阄□{太：表程度}[6a]口{伤～}
x	[1]蒿薅{除田草}[5]酵孝郝{姓}[6a]皓[6b]效校{学～；军衔名}后{以～}
ŋ	[2]淆□{扭}[5]傲[6b]藕
#iau	
ɬ	[6a]□{高粱}
ts	[3]爪
ŋ	[1]□{猫}
#eu	
pʰ	[6a]剖否
m	[2]谋[6b]茂贸
t	[1]□{量词：块}雕蔸{棵}窦{鸟～：鸟窝}[2]条{～件}[3]斗{量词：一～米}[6a]抖[6b]逗
tʰ	[1]偷透{到}[2]头[3]豆{黄～}痘敨{解开}
n	[1]□{人体皮肤或蔬果表皮起皱}[3]□{谷～：稻穗}
l	[2]楼柔揉捞[6a]料耧{农具}篓[6b]陋廖
ɬ	[1]搜□{揉搓}[2]稠[5]□{常常}
ts	[1]邹绉[5]奏皱[6b]骤
tsʰ	[2]愁[5]凑
k	[5]构购勾{～当}
kʰ	[3]口{开～}叩扣寇
x	[1]□{撅翘}[2]侯[6a]候{伺～}[6b]候{时～}
ŋ	[6a]偶{配～；～然}
∅	[1]欧殴
#ou	
p	[3]褒保{我～你考上}
pʰ	[1]鳔{某些鱼类体内可以胀缩的气囊}
m	[1]毛[2]无[6a]帽
t	[1]刀[3]倒{打～；～水}倒{量词：一～：一趟}[6b]杜妒度镀踱
n	[6b]怒
l	[3]老[5]露{白～}
ɬ	[1]扫瘦[3]嫂[5]素诉塑
ts	[1]糟{名词：米～}灶[3]走
tsʰ	[3]草
k	[1]高篙告{～状}[3]稿{麦～}狗[5]故固锢雇顾[6a]钩{秤～}
kʰ	[5]库酷[6b]户臼柩
x	[3]好{跟“坏”相对}口{量词：一～水：一口水}[5]阜[6a]喉猴吼[6b]沪
ŋ	[2]梧牛
∅	[3]呕[6a]瓯{盆盂类瓦器}
#iou	
p	[1]标彪[6a]表
pʰ	[1]膘飘票漂{动词；～亮}[2]瓢嫖浮{浮}
m	[2]苗描[6a]藐渺秒[6b]庙妙谬
t	[1]刁貂[2]朝{～代}潮[6b]召
tʰ	[5]跳
l	[2]辽[6a]了{～结}[6b]撩寥
ɬ	[1]萧箫梢消宵霄硝销[3]小{对小辈的爱称}[5]俏鞘[6b]绍邵
ts	[1]沼偢{傻}照诏焦蕉椒樵昭招
tsʰ	[1]超锹秋{～天；～千}
s	[1]烧嚣[3]少{多～}[6a]晓
k	[1]骄娇譥{哭}[6a]缴
kʰ	[2]桥[5]窍翘[6a]巧轿
∅	[1]妖邀腰要{～求}[2]肴桡{桨}摇谣窑姚[3]舀[6a]鹞{鹰}[6b]耀
#øy	
t	[5]著
l	[6b]虑
ɬ	[5]絮恕赐恤肆[6b]序绪似祀巳士仕事{故～}
ts	[6b]聚
tsʰ	[5]娶趣次
k	[5]据俱具
∅	[6b]誉预豫喻裕驭
#aŋ	
p	[1]班斑颁爿邦浜边{右～}[3]板{石～}扁{物体的厚度比长度、宽度小}[6a]绑
pʰ	[1]攀潘[2]庞彭膨评平{～地}[3]□{布}
m	[1]蔓[2]蛮瞒芒{～果}盲暝[3]蜢[6a]虻{昆虫的一科}[6b]漫幔
t	[1]耽担{～任；挑～}丹单{独自}颠[2]谭谈痰弹{动词}掸但[3]胆打疸[5]诞旦[6a]挡[6b]淡{只用于指颜色淡，不用于指口味淡}郑赚{错误，原文作“惮”}
tʰ	[1]贪坍添滩摊天听厅淡{只用于指口味淡，不用于指颜色淡}[2]甜檀坛田[5]探叹□{顶住}[6a]毯坦
n	[1]拈□{拿}踭{脚～：脚跟}[2]南男难{～易}年{每～}攮{用刀子刺}[3]捻{以指捻碎}□{掐脖子的动作}[6a]念{叨～}[6b]难{不幸遭遇}
l	[1]嚷冷[2]蓝兰栏{～杆}[3]榄[6a]篮览揽缆冉懒壤攘漤{口水}[6b]滥烂{光明}
ɬ	[1]三杉衫钐{大镰刀}山删牲疝{～气}姓腥生{先～}鉎{铁锈}□{稀疏}[3]醒[5]散{零碎的；分开}性{脾气}[6a]产省{节～}星{秤～}[6b]静{停止哭泣，安静下来}
ts	[1]簪煎攒{积攒}争□{草～：稻草编的草席}[2]惭馋残[3]盏剪井□{剁}[5]赞[6a]錾斩□{～石头：丢石头}[6b]暂站{车～}绽{裂开}
tsʰ	[1]参{～加；～差}渗{～透}撑青千[2]晴前{眼～}[3]蚕浅请[5]灿[6a]钱惨
s	[1]珊
k	[1]甘柑尴监{～视}干{天～}干{树～}干{和“湿”相对}竿艰间{空～}奸涧锏杆粳更{五～}[2]衔[3]敢{有胆量}橄减{～少}拣梗笕{以竹通水}[5]鉴监{太～；古代某些官府的名称}干{枝～}谏□{噎住}[6a]感敢{勇～}简柬茧趼哽{骨哽在喉}□{□pʰau55～：柚子}
kʰ	[1]堪勘刊炕坑[3]龛□{盖上}[6a]坎砍舰□{量词：一～枪：一支枪}
x	[1]泔酣鼾汉夯[2]含{包～}函咸寒韩翰闲行{～路}焓{焚烧}[5]□{交代}[6a]罕[6b]陷
ŋ	[2]岸岩颜[6a]硬□{投掷}[6b]雁
∅	[1]庵安鞍掩鹌[2]桁{檩，架在屋子上面用来支持椽子或屋面板的长条形构件}[5]暗按案[6b]馅
#iaŋ	
p	[1]拼迸柄[3]饼[5]并
pʰ	[1]背[2]坪平{～路}[6a]病
m	[2]名[6a]命
t	[1]店[2]□{投掷}[6a]侦[6b]锭定
tʰ	[1]疼[2]呈程逞[6a]□{推}
l	[1]岭[2]粮{麦～：麦芒}[6a]领
ɬ	[1]仙声[5]线
ts	[1]正{～月}[2]□{溅}[5]□{□paŋ21～：丑陋}[6b]栈
tsʰ	[1]签{名词：书～}[6a]铲癣[6b]牚{桌椅等腿中间的横木}鳝{老～：鳝鱼}
s	[1]兄[2]城成{量词}
k	[1]惊见{看到}间{房～}[3]秆茎囝颈[5]镜[6a]□{屋子}
kʰ	[1]轻{重量小，跟“重”相对}
ŋ	[3]眼[6a]岸
∅	[1]领{量词：一～衫：一件衣服}[2]赢营还{归还}
#uaŋ	
p	[1]般半□{群伙}[2]搬盘[3]□{糍粑}[6a]拌绊
pʰ	[1]扮[2]盆{面～：脸盆}□{脚～：脚背}[5]判[6a]饭[6b]盼伴叛
m	[2]馒[3]满{小～}[6a]满{充盈}
t	[1]端[6b]锻
tʰ	[2]团{～结}
l	[2]鸾[6b]乱
tsʰ	[1]餐[5]窜篡[6a]喘
k	[1]官{～府}棺观{参～}冠{衣～；～军}关{开～}桄{量词，一～线}[3]□{洋油～：煤油灯}[5]贯灌罐惯[6a]管馆
kʰ	[1]宽匡筐[2]环逛[6a]款
x	[1]欢唤藩翻番藩宽{宽}[2]凡帆桓还{～原}烦矾横{～直；蛮～}繁[3]反{造～}[5]泛焕幻贩晃[6a]犯反{～对}[6b]范{姓氏}范{模～}缓患宦
ŋ	[2]顽
∅	[1]腕弯湾汪{一～水}[6a]皖玩{古～}挽宛万
#ieŋ	
p	[1]鞭编变边{～斗}扁{～豆}遍{～地}[2]便{～宜}[6a]贬蝙匾遍{量词：一～}[6b]辨辩汴便{方～}辫
pʰ	[1]篇偏骗[5]片
m	[2]绵棉面{面条种类：线～}刡{削皮}[6a]免勉娩缅悯
t	[2]缠□{象棋中的“相”}[6a]展典[6b]电佃
tʰ	[5]绽{缝补}
n	[2]黏鲇年{～龄；姓氏}[6b]念{纪～}
l	[2]廉帘连联怜□{合～：合叶}[3]□{躺下}[6a]镰敛[6b]练炼楝
ɬ	[1]膻先{跟“后”相对}[2]蟾蝉禅[6a]陕闪[6b]善膳单{姓氏}禅
ts	[1]尖瞻毡[5]占{预测吉凶}占{据为己有}箭战颤荐[6a]践[6b]渐贱饯
tsʰ	[1]签{动词：～字}迁鲜{新～}鲜{少}笺[2]寻{一庹（两臂平伸两手伸直的长度）}[6a]潜
s	[1]扇{动词；名词}掀[2]嫌贤弦玄悬[3]□{～手布：丢手绢}[6a]险显[6b]现
k	[1]兼坚碱[2]乾[3]捡[5]剑见{罕～}[6a]检俭
kʰ	[1]谦[2]嵌钳擒虔掮擎[5]欠歉[6a]遣
ŋ	[2]严[5]瘾[6a]染碾研[6b]验
∅	[1]阉烟咽[2]炎阎檐圆[5]厌谚堰宴[6a]盐演砚县[6b]艳焰院
#ɔŋ	
p	[5]谤[6a]榜膀[6b]蚌
pʰ	[3]□{抱}[6a]碰
m	[6a]莽蟒
t	[3]短[5]当{抵押}[6a]断缎盾党涨[6b]段荡
tʰ	[6b]烫
l	[3]卵[6a]烂{破碎}朗浪[6b]论{～语}论{议～}
ɬ	[5]蒜逊[6a]选损桑磉{柱下石}爽
ts	[5]钻{动词}葬壮{强～}[6b]脏{内～}状
tsʰ	[5]衬闯创寸{七～：猪蹄}
k	[3]擀赶讲秆{稻草}秆[5]岗钢{名词}钢{动词：刀钝了,钢钢}杠降{落下，跟“升”相对}[6a]□{骨～：骨灰坛子}
kʰ	[5]困抗[6a]垦□{提起来}
x	[2]痕焚[6a]汗苋[6b]恨项
ŋ	[6b]□{傻}
∅	[6a]焊{～铁壶}影
#uoŋ	
p	[1]放{～手}[2]盆[3]本{食～：亏本}[6a]本{根～}
f	[1]婚荒慌谎方肪芳[2]园皇蝗防[5]放{解～}楦况[6a]妨仿{比照原样做}仿{相似}仿{似乎}纺访
k	[1]光[2]权颧狂[5]眷券[6a]广[6b]倦
kʰ	[1]圈{环形}劝眶[5]旷[6a]矿
ŋ	[2]元原源[6b]愿
∅	[1]冤昏晕[2]完丸员袁辕黄簧亡王□{量词：一丛}[3]碗[5]怨[6a]旺{火～}换网{上～}辋枉往妄远{长～}䘼{手～：袖子}[6b]援忘望旺{兴盛}
#yoŋ	
t	[1]张{姓氏}[2]传{动词，递交}场[3]转{把一方的东西传送给另一方}转{围绕着中心运动}[5]帐账胀[6a]长{生～}[6b]篆传{白蛇～}
tʰ	[2]椽[5]畅[6b]仗
n	[3]让
l	[2]良凉量{动词}粮{～食}梁粱两{量词}[6b]恋亮谅辆量{名词}
ɬ	[1]相{～信}箱厢湘襄镶商伤[2]详祥常尝偿[3]鲞[5]相{～貌}[6a]想赏
ts	[1]专砖将{～来}浆装章樟瘴张{量词}[2]全泉[3]转{～身}掌[5]酱将{大～}障[6a]蒋奖桨
tsʰ	[1]川穿枪昌菖丈唱□{摘取}[2]墙长{～短}肠橡[3]象像[5]串倡[6a]抢杖厂剩
s	[1]轩香乡上{～班}向{～东～西}[2]船[5]宪献享向{方～}[6a]响饷尚上{～面}
k	[1]捐绢鹃姜疆僵礓缰桊{穿在牛鼻子里的木棍儿或铁环}[2]强[5]键建毽[6b]健腱
kʰ	[1]羌腔近{跟“远”相对}[6a]件
ŋ	[1]软[2]言娘{母亲}
∅	[1]渊央秧殃养痒[2]然燃延缘沿铅洋烊{融化}杨阳扬疡联{缝补}□{精液}[3]远{跟“近”相对}蚓{蛇～：蚯蚓}两{数词}[5]映[6a]仰样[6b]酿
#aiŋ	
p	[6b]瓣办{主～}
m	[6b]慢孟
t	[6b]邓掂垫{床～}
n	[6b]念{～珠}
ts	[6b]赠
x	[6b]杏幸
#eiŋ	
p	[1]奔{～命}奔{投～}崩[2]朋[3]扳[6a]版办{～公}板{刀～}
pʰ	[1]烹[2]瓶{量词：瓶}[5]聘
m	[1]面{脸}[2]眠萌盟
t	[1]登灯凳镫瞪叮盯{～住}钉{名词：铁～；动词}[2]填腾誊[3]等{～候}[5]镇[6a]殿奠垫{门～}臀点等{列举未尽}
tʰ	[1]蛏[2]沉藤
n	[2]能[3]楞□{掂脚}[6a]𬂌{奶，乳}□{奶，乳}[6b]佞认{～真}
l	[2]莲鲢[6a]咙{喉fu21～：喉咙}[6b]赁令另
ɬ	[1]森生{学～}笙甥擤{擤}[2]前{～后}[5]信讯迅胜{～任；～败}性{女～}圣[6a]省{～长}[6b]葚甚肾慎盛{兴旺}
ts	[1]曾{姓氏}增憎僧筝[2]澄{使清楚}橙[5]进晋证症政[6b]静{安～}靖净尽{～可能}
tsʰ	[1]岑[2]曾{副词}层
k	[1]更{～换}庚羹耕[3]更{～加}[5]径竞[6a]埂耿减{加～}□{□lieŋ33～：龙眼}
kʰ	[5]庆磬[6a]恳啃肯{用于人名中}
x	[1]牵亨[2]恒行{～为；品～}衡□{前～：前面}宏[3]很肯{许可}
ŋ	[2]□{粘贴}
∅	[1]廮{放置}应{回答}阴[5]印{名词，石～}应{～该；响～}[6a]限[6b]任{姓氏}任{责～}纫孕
#ouŋ	
p	[1]帮[2]滂旁螃傍[6b]笨
pʰ	[5]缝{名词}
m	[1]懵[2]忙芒{～果}茫[6b]闷
t	[1]当{～时；应～}[2]堂棠螳唐塘[5]囤[6b]动
tʰ	[1]炭汤[2]潭团{饭～}糖
n	[1]暖[2]囊瓤{瓜～}难{困难}[5]□{东西要干未干，含有少有水分}
l	[1]懒{懒}[2]拦郎廊狼螂栏{猪～}
ɬ	[1]伞酸算拴宣喧霜孀[2]床{蒸煮一类的器具}[5]舜宋[6b]顺
ts	[1]尊遵庄桩钻{名词}壮{胖}[2]存藏{隐蔽}[5]俊
tsʰ	[1]闩村赃仓苍疮窗□{拴}[2]床
k	[1]肝冈刚纲缸扛豇{～豆}官{做～}干{鱼～}[5]贡[6b]郡
kʰ	[1]昆坤康慷空{啄树空：啄木鸟}[5]控
x	[1]旱糠薰{烟}[2]行{量词：一～}航杭降{投～}含{～嘴}[5]愤奋训讽[6b]混{相～}凤份{年～}
ŋ	[2]昂
∅	[1]晏{晚}恩□{厅～：院子}[2]行{银～}[6b]问{学～}韵运
#øyŋ	
pʰ	[6a]□{柚子}
m	[2]芒{～草：一种植物}[3]网{鱼～}[5]梦[6a]蠓
t	[1]东[2]筒{烟～}铜{～片}[5]冻栋中{射～}[6b]洞仲
l	[2]陇笼{灯～}[6a]拢[6b]弄
ɬ	[1]松[6a]搡[6b]诵颂讼
ts	[5]众纵[6a]□{萝卜菜～：萝卜缨儿}
k	[1]江[5]供{祭祀时摆设祭品}[6a]港[6b]近{附～}共
kʰ	[1]空{～虚}空{未被利用的}[5]巩[6b]虹
x	[1]熏烘[5]巷衅[6b]哄{欺骗}哄{吵闹}
∅	[5]瓮[6b]润用
#iŋ	
p	[1]彬宾槟殡鬓冰兵[2]贫频凭平{～等}瓶屏{名词}萍[6a]禀丙秉
pʰ	[1]姘[6a]品
m	[2]闽民鸣明铭□{躲藏}[3]□{刺猬}[6a]敏皿
t	[1]珍征{～求；～收}惩贞丁疔订钉{名词：～耙}[2]陈尘亭停廷庭□{我～：我们}[6a]澄{使液体里的杂质沉淀}□{厘～：戥子}顶
tʰ	[1]趁汀[6a]蜓鼎艇挺
n	[2]临凝{～固}宁{安～}宁{～可}
l	[1]扔拎[2]林淋邻鳞磷陵凌菱灵零铃伶翎[3]𡳞{男性生殖器官}
ɬ	[1]心辛新薪身申伸升先{～生}星{流～}[2]寻神娠辰晨臣乘承丞成{动词}诚[6a]沈审婶省{反～}
ts	[1]针浸津榛臻真蒸精晶征{长～}□{竂～：楼梯}[2]秦情[6a]枕尽{～力；～量}诊疹振震拯整
tsʰ	[1]侵深亲{动词}亲{～家}秤清蜻[2]塍{田间土埂}
s	[1]馨[2]唇盛{～满}[6a]绳
k	[1]今金禁{受得住}肩京荆鲸兢经[3]襟紧仅[5]劲敬竟[6a]锦谨境景警
kʰ	[1]均钧卿轻{年～}钦[2]漀{斟}琴禽倾琼□{熊}[6a]顷肣{鸡～：鸡䏝}
x	[2]眩形型刑荥
ŋ	[2]吟人{量词：一～}[6a]认{～字}韧
∅	[1]淹音荫因姻湮殷鹰莺英鹦樱婴缨印{动词，～贴}[2]壬淫人{～民}寅仍蝇迎盈荣茔萤[3]饮{名词：米汤}引[6a]饮{动词}隐尹永咏颖
#uŋ	
p	[1]分{动词：～开}粪[2]房[3]粉
pʰ	[1]喷{～水}喷{～香}俸[2]坟棚篷蓬逢捧奉[3]蜂[6a]□{装物品的器具}
m	[1]问{～路}[2]门蒙
f	[1]芬纷荤轰枫丰封峰锋困{好～：想睡觉}[2]魂浑弘红洪晕{月～：月晕}冯鸿[6a]份{量词：一～}分{生～}
t	[1]敦撞冬顿[2]同{～志}童瞳[3]□{柱子}[6a]墩董□{草～：柴草垛}□{铁～：砧子（打铁时垫铁块用）}
tʰ	[1]吞通痛[2]豚铜{～钱}桐同{相～}童{上～：跳神}[3]桶[6a]筒{薰～}捅统
n	[1]□{和}[2]齈{多涕鼻疾}农脓侬[6a]嫩闰
l	[1]聋[2]仑伦沦轮□{脚～：脚腕}[6a]笼{鸡～}
ɬ	[1]孙双送[2]荀旬循巡纯莼醇殉鹑[3]笋[6a]榫{器物两部分利用凹凸相接法的凸出的部分}
ts	[1]棕鬃宗综䝋{牡豕}崇踪[6a]准总
tsʰ	[1]寸{量词}春聪[6a]椿蠢葱宠
s	[1]嵩
k	[1]棍君军公蚣工功攻[2]拳群[3]拱[5]汞[6a]滚
kʰ	[2]裙[6a]捆孔恐
∅	[1]温瘟翁□{勿}揾{蘸}[2]文纹闻云[6a]稳吻
#yŋ	
p	[1]风
t	[1]中{当～}忠
tʰ	[2]重{相同的东西又一次出现或又一次做相同事情}
n	[2]浓
l	[2]隆龙垄砻{去谷壳的工具}
ɬ	[2]枞{木名}
ts	[1]终钟盅种{动词}[2]丛纵从{～容}[3]怂种{名词}肿
tsʰ	[1]匆充铳重{重量大，跟“轻”相对}冲[6a]虫
s	[2]塍{田～：田埂}
k	[1]根{树～}巾斤筋弓躬宫恭[2]跟
kʰ	[2]勤芹穷从{跟～}[6a]窘菌
x	[1]欣勋胸凶{不吉利；残暴}[2]熊雄
ŋ	[2]银
∅	[1]雍痈拥壅{施肥}[2]匀戎绒融茸容蓉熔庸[3]忍[6a]允甬勇涌
#aʔ	
p	[7a]八百柏擘{用手把东西分开或折断}檗{黄～：药名}□{睁开眼睛}[7b]伯
pʰ	[8]白{～色}□{公～：曾祖父}
m	[8]蔑{竹～}麦脉
t	[7a]搭劄{被子包好用针缝}矺{压}[7b]答□{□paŋ33～：整齐}[8]达
tʰ	[7a]帖{请～}贴铁[7b]塔榻塌遢澈{干净}錔[8]踏沓叠碟宅籴
n	[8]纳捺
l	[7a]裂[8]腊蜡鑞{鉛和錫的合金}猎瘌
ɬ	[7a]萨杀{～鱼}锡□{垃～：垃圾}[7b]杀{自～}
ts	[7a]借接节{过～}[7b]札扎[8]杂闸栅截{量词：一～}
tsʰ	[7a]插刺{～羊毛衫：织毛衣}[8]铡{～刀}切煠{水煮}□{搀扶}蓆{竹～：竹席}
k	[7a]胛隔[7b]蛤鸽甲格[8]敆
kʰ	[8]磕
x	[7a]哈{～腰}吓{害怕；威胁}辖客瞎[7b]喝{～彩}赫[8]合
ŋ	[7a]额
∅	[7a]押[7b]压轭[8]隘盒狭
#iaʔ	
p	[7a]壁
pʰ	[7a]僻
tʰ	[7a]獭拆{～开；～迁}[8]蝶
n	[7a]蹑□{眨眼}
l	[7a]□{舔，以舌取物}
ɬ	[7a]□{阿～：喜鹊}[7b]霎{雷～：闪电}
ts	[7a]乍{刚才}辙迹[7b]窄
tsʰ	[7a]砌赤斥尺[7b]察册
s	[8]石
k	[7a]擖{用刀刮}□{浓涩}
kʰ	[8]屐{板～}
ŋ	[7b]轧{碾，滚压}[8]齧{咬}
∅	[7a]益{有～}[8]滑{滑：地野～}
#uaʔ	
p	[7a]钵[8]拨钹
pʰ	[7a]泼
m	[7a]末[8]沫抹
k	[7a]聒[7b]括
x	[7a]乏猾发{～财}[7b]法[8]划{～船}滑伐罚
∅	[7a]挖曰[8]活袜
#eʔ	
p	[8]拔
m	[8]密
n	[7b]□{凹}
ts	[8]截{动词：～开}
#ieʔ	
p	[7a]鳖憋[7b]别{区～}[8]别{～人}
pʰ	[7a]撇劈
m	[8]灭
t	[7a]牒谍秩
tʰ	[7b]彻撤
n	[7b]聂{姓氏}镊摄捏
l	[7a]列烈
ɬ	[7b]涉薛泄设
ts	[7a]捷折浙□{事tai21～：事情}□{量词：一坛}[7b]哲节{～约}
tsʰ	[7a]妾
s	[7a]胁协携[8]谐舌穴
k	[7a]戒劫杰揭洁[7b]结[8]夹{夹东西的器具}夹{～衣}峡挟{～菜}
kʰ	[8]狭{挤}
ŋ	[7a]业[8]孽
∅	[8]叶页热
#øʔ	
m	[8]蜜
t	[8]毒{形容词，狠}
l	[7a]□{□køʔ5～：嗝}[8]□{□tʰe55～：抽屉}□{捞}
∅	[7b]哕
#ɔʔ	
p	[8]薄{～荷}
pʰ	[8]薄{形容词，与“厚”相对}泊{动词：～车}
m	[8]莫膜
t	[7a]啄□{掉}[8]桌
tʰ	[7a]脱托□{掉}[8]夺读
n	[7a]乇[8]□{攥拳头的动作}
l	[7a]戮[8]辣
ɬ	[7a]吸雪缩索
ts	[7a]作{古读}[8]镯浞{水湿}
tsʰ	[8]□{□kʰɔʔ3～：蟑螂}
k	[7a]割葛搁角[7b]阁
kʰ	[8]磕
x	[7a]渴壳喝{大声叫嚷}□{刀不锋利了在水缸旁磨一磨}[8]学{～好}
ŋ	[7a]□{蜂、蝎子等用毒刺蛰}
∅	[7a]嚄{乖；聪明}
#uoʔ	
p	[7a]缚[7b]剥
f	[7a]阔豁[7b]藿霍
n	[7a]诺
l	[7a]劣[8]若绿录
ɬ	[7b]说{小～}
ts	[7a]烛[8]绝
s	[8]勺{瓢～：水瓢}
k	[7b]郭廓国[8]局
kʰ	[7a]缺[7b]厥扩
ŋ	[7a]月{常用于人名中}[8]玉狱
∅	[8]越粤镬{锅}
#yoʔ	
l	[7a]略
ɬ	[7b]削
ts	[7a]着{～衫：穿衣服}[7b]爵[8]嚼
tsʰ	[7b]雀鹊酌芍[8]着{用在动词后，表示已经达到目的或有了结果}
s	[7a]□{喝（酒、茶等）}
k	[7a]脚[7b]决诀
kʰ	[7b]却□{高～：高跷}[8]□{浓稠}
ŋ	[8]月{～光}
∅	[7a]虐[7b]弱约跃累[8]药
#aiʔ	
t	[7b]德
tʰ	[7b]帖{字～}
ɬ	[7b]瑟色啬
ts	[7b]汁则责节{春～}
tsʰ	[7b]厕测策
k	[7b]革
kʰ	[7b]咳刻{计算时间的单位}刻{雕}克
#eiʔ	
p	[7a]白{常用于人名中}[7b]笔{毛～}弼
pʰ	[7b]匹{量词，空调制冷量大小}碧璧辟
t	[7a]跌特择{选～}得[7b]的{目～}[8]泽
tʰ	[7a]踢[8]□{量词：一～药：一服药}
n	[7a]□{用指甲掐的动作}□{刺（名词）}
l	[8]肋勒
ɬ	[7a]歇虱塞[7b]悉失室息识式释析
ts	[7a]侧[7b]执质即鲫织职积绩寂
tsʰ	[8]贼蠘{螃蟹}
k	[7b]吉戟击激
x	[7a]血黑[8]或获划{计～}
ŋ	[7b]级讫
∅	[7a]抑扼抑{按}[7b]乙亦益{利～}
#ɔuʔ	
p	[7b]勃博驳卜
m	[7b]幕寞
t	[7b]卓琢
tʰ	[7b]拓{～本}秃
ɬ	[7b]刷蟀
ts	[7b]作{工～}
k	[7b]各觉{感知}
kʰ	[7b]确□{坑}
ŋ	[7b]鄂
∅	[7b]恶{跟“善”相对；凶狠、凶猛}
#ouʔ	
p	[7b]不腹
pʰ	[7b]朴扑[8]浡{液体泡沫}
t	[7a]铎[7b]笃督[8]突
l	[7a]烙骆酪洛络乐{快～}[8]落
ɬ	[7b]戍戌束
ts	[7b]卒[8]浊
tsʰ	[7a]撮
kʰ	[7a]搉{击}
x	[7a]学{～习}[7b]福蝠□{鸡毛～：鸡毛掸子}[8]鹤
ŋ	[7a]岳{五～；姓氏}乐{音～}
∅	[7b]握
#øyʔ	
p	[7b]泊{梁山～}北
pʰ	[7a]魄[7b]迫拍{～电影}
m	[8]墨默目
t	[7a]掇{端}[7b]篧{罩住}
tʰ	[7b]□{捅}
l	[7a]六{拜～：星期六}[8]鹿
ɬ	[7a]□{动词：扇一巴掌}[7b]肃淑蜀
ts	[7b]祝足嘱
tsʰ	[7b]促触[8]凿戳
k	[7b]菊掬
kʰ	[7b]乞
x	[7b]畜{禽兽}畜{饲养}蓄[8]惑
#iʔ	
p	[7a]蓖{～麻}笔{～筒}毕逼必
pʰ	[7a]匹{量词，一～布}
m	[7a]域□{抿}
t	[7a]侄稙{早种禾}值殖植滴嫡笛敌狄[8]挃{要}
tʰ	[7a]剔
n	[7a]日{～本}
l	[7a]立笠粒栗历{日～}□{跳}[8]力历{来～}
ɬ	[7a]习袭熄媳惜昔适[8]实食{粮～}蚀席夕拾
ts	[7a]集辑脊籍藉[8]疾
tsʰ	[7a]七漆膝戚拭[8]蛰{惊～}直
s	[7a]湿[8]十什{～物}食{～药}
k	[7a]急及极
kʰ	[8]楔{钉～：钉钉子}□{眼～：眼睛}
ŋ	[7a]日{～头}逆[8]凝{由于温度变化、压力增加等原因，使液体变为固体}
∅	[7a]揖一译液疫役[8]入逸
#uʔ	
pʰ	[7a]□{趴}[8]醭{醋生白霉}仆
m	[8]没{沉～}木穆牧
f	[7a]忽幅复□{扣～：扣眼}[8]核佛{拜～}服栿{梁}
t	[8]独牍犊毒{名词，中～}
tʰ	[7a]凸[8]□{钝}
l	[7a]陆[8]捋禄熝{烫}
ɬ	[7a]述[8]术
ts	[7a]捉族
tsʰ	[8]□{～米：舂米}
s	[7a]速
k	[7a]骨谷{～子}谷{山～}[8]掘
kʰ	[7a]窟屈□{躲藏}
∅	[7a]熨物郁
#yʔ	
t	[7a]筑[8]逐轴
n	[7a]肉
l	[7a]律率{速～}六{初～}[8]□{“擩”义：插，塞}
ɬ	[8]续俗属塾
ts	[7a]竹粥
tsʰ	[7a]出[8]□{踩}
s	[7a]叔□{推}[8]熟{煮～}赎
k	[7a]□{～水：溺水}
kʰ	[7a]曲{～折；歌～}麴{酿酒的酒曲}
∅	[7a]育辱褥浴
#m	
∅	[1]□{关（门）}
#ŋ	
∅	[3]五
